iso3,country_name,region,row_type,year,population_total,pop_0_14_pct,pop_15_64_pct,pop_65plus_pct,lfp_rate_total,unemployment_rate_total,unemployment_rate_15_24,labor_force_total,employed_total,employed_share_of_population_pct,emp_agriculture_pct,emp_industry_pct,emp_services_pct,isco1_managers_pct,isco2_professionals_pct,isco3_technicians_pct,isco4_clerical_pct,isco5_service_sales_pct,isco6_agricultural_pct,isco7_craft_pct,isco8_operators_pct,isco9_elementary_pct,white_collar_pct,professional_core_pct,blue_collar_service_pct,young_white_collar_pct,ai_exposure_weighted_score,clerical_employed,white_collar_employed,isco_classification,isco_groups_reported,isco_coverage_pct_of_employment,member_count
ABW,Aruba,Latin America & Caribbean,country,2013,105675.0,19.3954610828072,69.911025522268,10.6935133949248,,,,,,,,,,,,,,,,,,,,,,,,,,,0,,
ABW,Aruba,Latin America & Caribbean,country,2014,106807.0,19.1695083315195,69.6785895668577,11.1519021016228,,,,,,,,,,,,,,,,,,,,,,,,,,,0,,
ABW,Aruba,Latin America & Caribbean,country,2015,107906.0,19.0345012933786,69.3250915443276,11.6404071622938,,,,,,,,,,,,,,,,,,,,,,,,,,,0,,
ABW,Aruba,Latin America & Caribbean,country,2016,108727.0,18.9447161983873,68.8920853714879,12.1631984301248,,,,,,,,,,,,,,,,,,,,,,,,,,,0,,
ABW,Aruba,Latin America & Caribbean,country,2017,108735.0,18.8483928478537,68.4348414128373,12.7167657393089,,,,,,,,,,,,,,,,,,,,,,,,,,,0,,
ABW,Aruba,Latin America & Caribbean,country,2018,108908.0,18.7157058027661,67.9734478352375,13.3108463619964,,,,,,,,,,,,,,,,,,,,,,,,,,,0,,
ABW,Aruba,Latin America & Caribbean,country,2019,109203.0,18.5363666928163,67.5216668534499,13.9419664537338,,,,,,,,,,,,,,,,,,,,,,,,,,,0,,
ABW,Aruba,Latin America & Caribbean,country,2020,108587.0,18.2545705094483,67.1686817100479,14.5767477805038,,,,,,,,,,,,,,,,,,,,,,,,,,,0,,
ABW,Aruba,Latin America & Caribbean,country,2021,107700.0,17.9005745737184,66.9699139069153,15.1295115193663,,,,,,,,,,,,,,,,,,,,,,,,,,,0,,
ABW,Aruba,Latin America & Caribbean,country,2022,107310.0,17.5446735076358,66.7551168098569,15.7002096825073,,,,,,,,,,,,,,,,,,,,,,,,,,,0,,
ABW,Aruba,Latin America & Caribbean,country,2023,107359.0,17.1852490075367,66.4457075093688,16.3690434830945,,,,,,,,,,,,,,,,,,,,,,,,,,,0,,
ABW,Aruba,Latin America & Caribbean,country,2024,107995.0,16.8448764869454,66.098801190019,17.0563223230356,,,,,,,,,,,,,,,,,,,,,,,,,,,0,,
ABW,Aruba,Latin America & Caribbean,country,2025,108785.0,16.5191058508056,65.7204281190041,17.7604660301903,,,,,,,,,,,,,,,,,,,,,,,,,,,0,,
AFG,Afghanistan,"Middle East, North Africa, Afghanistan & Pakistan",country,2013,31622704.0,47.161386009242,50.4888449766978,2.34976901406028,47.026,7.921,10.104,7857574.0,7235176,22.8797,46.577795862337,21.3458275277614,32.0763627884824,,,,,,,,,,,,,,,,,,0,,
AFG,Afghanistan,"Middle East, North Africa, Afghanistan & Pakistan",country,2014,32792523.0,46.7130662681856,50.9303980666568,2.35653566515757,47.096,7.915,10.094,8229616.0,7578242,23.1097,43.9051695778457,23.8556617856929,32.2391686364613,0.7229,4.4607,1.3047,2.4411,15.6155,43.909,10.9976,5.4215,15.1269,8.9294,5.1836,91.0705,5.2929,0.1982,184992,676692,ISCO-08,9,,
AFG,Afghanistan,"Middle East, North Africa, Afghanistan & Pakistan",country,2015,33831764.0,46.2593370280565,51.3839679093288,2.35669506261475,47.165,9.032,12.534,8575264.0,7800746,23.0575,43.6487408597973,22.6191439151609,33.7321152250418,,,,,,,,,,,,,,,,,,0,,
AFG,Afghanistan,"Middle East, North Africa, Afghanistan & Pakistan",country,2016,34700612.0,45.801448689147,51.843053949596,2.35549736125691,47.235,10.116,14.932,8883595.0,7984931,23.0109,43.4117237317358,21.3484268966527,35.23983684805,,,,,,,,,,,,,,,,,,0,,
AFG,Afghanistan,"Middle East, North Africa, Afghanistan & Pakistan",country,2017,35688935.0,45.3646045386981,52.2756584397329,2.35973702156897,47.305,11.184,17.31,9223903.0,8192302,22.9547,43.0029679081655,20.1948976002105,36.802134491624,0.7316,4.3601,1.4034,2.1267,12.6828,43.9356,11.5079,6.506,16.7458,8.6218,5.0917,91.3781,4.7574,0.1899,174226,706324,ISCO-08,9,,
AFG,Afghanistan,"Middle East, North Africa, Afghanistan & Pakistan",country,2018,36743039.0,44.9596071789272,52.6732723441847,2.36712047688815,45.566,11.192,16.402,9215046.0,8183698,22.2728,43.6069134634231,19.3764202039082,37.0166785521044,,,,,,,,,,,,,,,,,,0,,
AFG,Afghanistan,"Middle East, North Africa, Afghanistan & Pakistan",country,2019,37856121.0,44.5768321059625,53.0470145105464,2.37615338349114,43.814,11.187,15.52,9192643.0,8164262,21.5666,43.8771686940085,18.6092921833009,37.5135391226906,,,,,,,,,,,,,,,,,,0,,
AFG,Afghanistan,"Middle East, North Africa, Afghanistan & Pakistan",country,2020,39068979.0,44.2241042439322,53.4051619316696,2.37073382439812,41.579,11.71,16.053,9060510.0,7999524,20.4754,45.9834093852142,18.4813133384578,35.535277276328,1.3174,4.2432,1.4664,1.7427,14.5704,46.9523,14.0657,7.1333,8.5086,8.7697,5.5606,91.2303,4.7817,0.1936,139408,701534,ISCO-08,9,,
AFG,Afghanistan,"Middle East, North Africa, Afghanistan & Pakistan",country,2021,40000412.0,43.90812524631,53.7393252349501,2.35254951873996,40.684,12.006,16.013,9128262.0,8032323,20.0806,50.2317691205323,19.6166325981684,30.151585831638,1.8233,5.413,1.3007,0.1523,11.5152,50.5071,10.2923,5.0755,13.9206,8.6893,7.2363,91.3107,4.6637,0.1793,12233,697953,ISCO-08,9,,
AFG,Afghanistan,"Middle East, North Africa, Afghanistan & Pakistan",country,2022,40578842.0,43.5798414355935,54.0650161973572,2.35514236704931,37.64,14.1,17.539,8617545.0,7402471,18.2422,51.5362775484024,19.0365082146219,29.4272142369757,,,,,,,,,,,,,,,,,,0,,
AFG,Afghanistan,"Middle East, North Africa, Afghanistan & Pakistan",country,2023,41454761.0,43.2262038611198,54.3962586106817,2.37753752819851,37.588,14.008,17.494,8846502.0,7607284,18.3508,51.2913264558988,19.2101817019298,29.4984918421715,,,,,,,,,,,,,,,,,,0,,
AFG,Afghanistan,"Middle East, North Africa, Afghanistan & Pakistan",country,2024,42647492.0,42.8875055536677,54.7115244197713,2.400970026561,37.547,13.687,17.235,9145340.0,7893617,18.509,51.4544118826346,19.04343301785,29.5021677680015,,,,,,,,,,,,,,,,,,0,,
AFG,Afghanistan,"Middle East, North Africa, Afghanistan & Pakistan",country,2025,43844111.0,42.5609240593232,55.013497080446,2.42557886023075,37.457,13.351,16.785,9433041.0,8173636,18.6425,51.6289897399565,18.899104657876,29.4719178364586,,,,,,,,,,,,,,,,,,0,,
AGO,Angola,Sub-Saharan Africa,country,2013,26165620.0,45.1839857033772,52.0969806945144,2.71903360210842,76.756,16.464,36.731,11009075.0,9196541,35.1474,50.6246014110795,6.93737457871224,42.4380131365122,,,,,,,,,,,,,,,,,,0,,
AGO,Angola,Sub-Saharan Africa,country,2014,27160769.0,45.2258854448141,52.0696201188262,2.70449443635977,76.473,16.372,35.743,11376942.0,9514309,35.0296,52.762891051375,6.90546973987979,40.3316392087452,2.3795,6.8285,4.5481,1.1409,15.3983,53.8711,6.5233,3.3246,5.9857,14.897,9.208,85.103,8.4861,0.2187,108549,1417347,ISCO-08,9,,
AGO,Angola,Sub-Saharan Africa,country,2015,28157798.0,45.2743037648043,52.0344151201028,2.69128111509288,76.187,16.472,35.122,11740075.0,9806250,34.8261,52.7002102229648,6.97823990911923,40.3215498679159,,,,,,,,,,,,,,,,,,0,,
AGO,Angola,Sub-Saharan Africa,country,2016,29183070.0,45.2826022073757,52.0323838444687,2.68501394815556,75.899,16.572,34.483,12119717.0,10111237,34.6476,52.9213208559868,6.9647108250222,40.1139584289984,,,,,,,,,,,,,,,,,,0,,
AGO,Angola,Sub-Saharan Africa,country,2017,30234839.0,45.2508263728476,52.0639319428822,2.68524168427026,75.609,16.617,33.725,12515803.0,10436052,34.5166,53.0089425135627,6.97317514233434,40.0178727618802,,,,,,,,,,,,,,,,,,0,,
AGO,Angola,Sub-Saharan Africa,country,2018,31297155.0,45.1972407715653,52.10972051613,2.69303871230468,75.316,16.602,32.855,12917977.0,10773334,34.4227,53.3091413100302,6.91352320117387,39.7773354887959,,,,,,,,,,,,,,,,,,0,,
AGO,Angola,Sub-Saharan Africa,country,2019,32375632.0,45.1127665227853,52.1792554940819,2.70797798313284,75.021,16.497,31.832,13331298.0,11132034,34.384,53.423323354571,6.91048084459406,39.666195800835,1.5403,5.2144,2.5943,0.7989,21.3103,52.285,6.0557,3.8178,6.3834,10.1479,6.7547,89.8522,3.4796,0.2079,88934,1129668,ISCO-08,9,,
AGO,Angola,Sub-Saharan Africa,country,2020,33451132.0,45.019550533902,52.2548406993395,2.72560876675849,73.319,16.696,33.076,13484525.0,11233149,33.5808,55.5597336500376,6.22112630329174,38.2191311444807,1.4491,4.1448,2.5411,0.6966,19.4503,57.4506,5.5393,3.5987,5.1295,8.8316,5.5939,91.1684,2.2194,0.1936,78250,992067,ISCO-08,9,,
AGO,Angola,Sub-Saharan Africa,country,2021,34532429.0,44.9092503744813,52.3460455098597,2.74470411565894,76.372,15.799,30.171,14529142.0,12233683,35.4267,56.7075087680521,5.71757267555681,37.5749267305878,1.2115,4.2617,2.461,0.6574,21.6037,54.6912,6.1194,3.7652,5.2289,8.5916,5.4732,91.4084,2.1775,0.1989,80424,1051069,ISCO-08,9,,
AGO,Angola,Sub-Saharan Africa,country,2022,35635029.0,44.7578771438631,52.4687842964853,2.77333855965152,75.247,14.124,27.143,14812783.0,12720626,35.697,52.4847584954688,7.02747877022109,40.4877627343102,1.2787,4.6643,2.7272,0.6756,23.1918,52.3363,6.1331,3.9627,5.0303,9.3458,5.943,90.6542,2.4652,0.2077,85941,1188844,ISCO-08,9,,
AGO,Angola,Sub-Saharan Africa,country,2023,36749906.0,44.5722650283786,52.6162856035605,2.81144936806097,74.892,14.051,26.834,15255232.0,13111719,35.6782,52.4066285799356,7.06703901240925,40.5263400343568,1.385,4.6164,2.7896,0.6837,22.7054,50.8028,6.1257,4.6773,6.214,9.4747,6.0014,90.5252,1.5364,0.2082,89645,1242296,ISCO-08,9,,
AGO,Angola,Sub-Saharan Africa,country,2024,37885849.0,44.3509627519372,52.7966160558179,2.85242119224488,74.881,14.02,26.74,15787244.0,13573872,35.8283,52.1547470916591,7.15769760915994,40.687555299181,1.1451,5.0663,2.6789,0.7486,26.3344,47.3013,6.7398,4.5949,5.3907,9.6389,6.2114,90.3611,3.128,0.2196,101614,1308372,ISCO-08,9,,
AGO,Angola,Sub-Saharan Africa,country,2025,39040039.0,44.0984836631245,53.0065921938064,2.89492414306917,74.786,14.108,27.229,16321277.0,14018671,35.9084,51.94938948899,7.1991450306404,40.8514654803696,1.0974,5.5051,2.5795,0.8602,26.1317,46.1712,7.1087,4.6674,5.8788,10.0422,6.6025,89.9578,2.5607,0.2224,120589,1407783,ISCO-08,9,,
ALB,Albania,Europe & Central Asia,country,2013,2816902.0,19.794192578173,68.3856722403311,11.8201351814959,52.418,15.866,31.207,1184290.0,996391,35.3719,43.9616748860437,17.3225314643974,38.715793649559,1.8292,10.6037,4.1968,1.809,16.042,44.4394,12.4061,5.5704,3.1033,18.4387,12.4329,81.5612,10.2215,0.2497,18025,183722,ISCO-08,9,,
ALB,Albania,Europe & Central Asia,country,2014,2773767.0,19.3865379916553,68.4466928018412,12.1667692065035,53.42,18.055,39.554,1194487.0,978822,35.2885,41.9048278944579,18.4257498114066,39.6694222941355,2.1464,10.6592,5.1302,2.1869,14.4207,42.1056,11.133,6.4806,5.7375,20.1227,12.8056,79.8774,12.6958,0.2562,21406,196965,ISCO-08,9,,
ALB,Albania,Europe & Central Asia,country,2015,2731293.0,18.9935976695213,68.4632957891861,12.5431065412926,55.497,17.193,39.628,1227883.0,1016773,37.2268,41.0919423057676,19.0473630948189,39.8607872719792,2.3758,10.6771,4.4677,1.8795,16.2208,41.436,11.1147,6.5723,5.2561,19.4001,13.0529,80.5999,11.7016,0.2562,19110,197255,ISCO-08,9,,
ALB,Albania,Europe & Central Asia,country,2016,2689469.0,18.6062746506784,68.473513186339,12.9202121629827,57.314,15.418,35.918,1254637.0,1061197,39.4575,39.6775824191201,20.1110874006493,40.2112427236091,2.4502,10.651,4.7405,1.7454,15.9631,40.0803,10.5665,7.5416,6.2614,19.5871,13.1012,80.4129,13.6859,0.2571,18522,207858,ISCO-08,9,,
ALB,Albania,Europe & Central Asia,country,2017,2648285.0,18.2833562063906,68.411252681582,13.3053911120274,58.057,13.616,31.184,1256406.0,1085334,40.9825,37.8115928363115,19.9460669086892,42.2423402549993,1.2086,11.3935,4.9772,1.2816,17.4058,38.2913,10.2299,8.6109,6.6013,18.8609,12.6021,81.1392,9.0326,0.2585,13910,204704,ISCO-08,9,,
ALB,Albania,Europe & Central Asia,country,2018,2607733.0,18.0052663384505,68.2552118334715,13.739521828078,59.296,12.304,28.109,1267869.0,1111870,42.6374,37.0599551709775,20.2315679947359,42.7083957984542,1.3122,10.953,5.0733,1.2284,18.3317,36.9908,11.0471,8.97,6.0935,18.5669,12.2652,81.4331,9.3726,0.2596,13658,206440,ISCO-08,9,,
ALB,Albania,Europe & Central Asia,country,2019,2567801.0,17.7442916565786,68.0076096803147,14.2480986631067,60.306,11.466,26.942,1273761.0,1127712,43.9174,36.2351325540832,20.5490004183011,43.2158670276158,1.3057,12.373,4.7832,1.6474,17.5523,36.1396,11.438,9.3273,5.4336,20.1093,13.6787,79.8908,12.5924,0.2683,18578,226775,ISCO-08,9,,
ALB,Albania,Europe & Central Asia,country,2020,2528480.0,17.5219758955011,67.7110196944345,14.7670044100644,59.367,11.639,26.422,1238064.0,1093966,43.2658,35.8619163353667,20.896682708558,43.241481433791,1.4127,13.1349,4.5758,1.6235,17.7514,35.8951,10.8322,9.0713,5.703,20.7469,14.5476,79.253,14.965,0.2722,17761,226964,ISCO-08,9,,
ALB,Albania,Europe & Central Asia,country,2021,2489762.0,17.3674317294264,67.3665631972931,15.2660050732804,59.684,11.474,27.089,1227911.0,1087020,43.6596,33.8047708533941,21.7682443587448,44.4269847878612,2.8253,12.7705,3.4201,1.3512,17.4714,33.7579,13.4706,8.3305,6.6026,20.3671,15.5958,79.633,11.7925,0.2689,14688,221394,ISCO-08,9,,
ALB,Albania,Europe & Central Asia,country,2022,2451636.0,17.2224721389952,67.0011896981477,15.7763381628571,62.161,10.785,24.543,1261497.0,1125445,45.9059,33.7542477275476,22.2495025218655,43.9962497505868,3.6268,13.3589,3.5807,1.7627,16.9324,33.2057,13.2661,7.9597,6.307,22.3291,16.9857,77.6709,11.785,0.2783,19838,251302,ISCO-08,9,,
ALB,Albania,Europe & Central Asia,country,2023,2411658.0,17.0419734995937,66.6560264328305,16.3020000675759,63.882,10.669,25.41,1278064.0,1141707,47.3412,32.0385825807416,21.6488726713231,46.3125447479353,3.8491,12.7009,3.3591,1.8093,15.824,36.5874,11.6579,8.3706,5.8416,21.7184,16.55,78.2815,16.4416,0.2705,20657,247960,ISCO-08,9,,
ALB,Albania,Europe & Central Asia,country,2024,2377128.0,16.8407829528601,66.2364608476109,16.922756199529,64.006,10.689,25.582,1265271.0,1130026,47.5374,31.4258695521129,21.7950147688227,46.7791156790644,4.0485,12.1269,4.4411,1.6879,16.4954,36.8533,10.8958,8.0301,5.421,22.3044,16.1754,77.6956,17.4063,0.2736,19074,252046,ISCO-08,9,,
ALB,Albania,Europe & Central Asia,country,2025,2349580.0,16.6061971688693,65.7716964503975,17.6221063807332,64.263,10.926,25.567,1259172.0,1121595,47.736,30.7722832445964,21.9832473174847,47.2443938528146,,,,,,,,,,,,,,,,,,0,,
AND,Andorra,Europe & Central Asia,country,2013,75194.0,15.5445616974871,71.7050010971693,12.7504372053435,,,,,,,,,,,,,,,,,,,,,,,,,,,0,,
AND,Andorra,Europe & Central Asia,country,2014,73737.0,15.4739140458657,71.665513921098,12.8605720330363,,,,,,,,,,,,,,,,,,,,,,,,,,,0,,
AND,Andorra,Europe & Central Asia,country,2015,72174.0,15.3186418837939,71.755561251706,12.9257968645001,,,,,,,,,,,,,,,,,,,,,,,,,,,0,,
AND,Andorra,Europe & Central Asia,country,2016,72181.0,15.093895250168,71.8882262075463,13.0178785422858,,,,,,,,,,,,,,,,,,,,,,,,,,,0,,
AND,Andorra,Europe & Central Asia,country,2017,73763.0,14.7541094729707,72.0474495848161,13.1984409422132,,,,,,,,,,,,,,,,,,,,,,,,,,,0,,
AND,Andorra,Europe & Central Asia,country,2018,75162.0,14.2199515712727,72.2938452941646,13.4862031345627,,,,,,,,,,,,,,,,,,,,,,,,,,,0,,
AND,Andorra,Europe & Central Asia,country,2019,76474.0,13.716516178807,72.4577794922424,13.8257043289506,,,,,,,,,,,,,,,,,,,,,,,,,,,0,,
AND,Andorra,Europe & Central Asia,country,2020,77380.0,13.4001033858878,72.3830447143965,14.2168518997157,,,,,,,,,,,,,,,,,,,,,,,,,,,0,,
AND,Andorra,Europe & Central Asia,country,2021,78364.0,13.0405099312818,72.3614948285873,14.5979952401309,,,,,,,,,,,,,,,,,,,,,,,,,,,0,,
AND,Andorra,Europe & Central Asia,country,2022,79705.0,12.6560441628505,72.3750078414152,14.9689479957343,,,,,,,,,,,,,,,,,,,,,,,,,,,0,,
AND,Andorra,Europe & Central Asia,country,2023,80856.0,12.2476996141288,72.3341495992876,15.4181507865836,,,,,,,,,,,,,,,,,,,,,,,,,,,0,,
AND,Andorra,Europe & Central Asia,country,2024,81938.0,11.8852784134249,72.1690312738368,15.9456903127384,,,,,,,,,,,,,,,,,,,,,,,,,,,0,,
AND,Andorra,Europe & Central Asia,country,2025,82904.0,11.6181871912864,71.819382542564,16.5624302661496,,,,,,,,,,,,,,,,,,,,,,,,,,,0,,
ARE,United Arab Emirates,"Middle East, North Africa, Afghanistan & Pakistan",country,2013,7693031.0,16.8283164877966,81.6884573970865,1.48322611511691,77.334,2.125,6.116,4948156.0,4843008,62.9532,2.93820629568985,30.8842973647718,66.1774963395383,,,,,,,,,,,,,,,,,,0,,
ARE,United Arab Emirates,"Middle East, North Africa, Afghanistan & Pakistan",country,2014,8059440.0,16.8423411088757,81.6610900166076,1.49656887451666,77.672,1.999,5.823,5205610.0,5101550,63.2991,2.87424343466135,30.8542290844459,66.2715274808927,,,,,,,,,,,,,,,,,,0,,
ARE,United Arab Emirates,"Middle East, North Africa, Afghanistan & Pakistan",country,2015,8505237.0,16.8311616180189,81.6642098864586,1.50462849552252,77.997,1.793,5.444,5517279.0,5418354,63.7061,2.78072930992053,31.1129286758639,66.1063601094399,,,,,,,,,,,,,,,,,,0,,
ARE,United Arab Emirates,"Middle East, North Africa, Afghanistan & Pakistan",country,2016,8935095.0,16.8110159449701,81.7037621944191,1.48522186061082,78.446,1.64,5.107,5830903.0,5735276,64.1882,2.7199830802151,30.9527177577007,66.32728191108,7.6289,14.3786,9.7811,4.1607,16.2426,0.5824,17.6472,9.3177,20.2608,35.9493,22.0075,64.0507,,0.3635,238628,2061792,ISCO-08,9,,
ARE,United Arab Emirates,"Middle East, North Africa, Afghanistan & Pakistan",country,2017,9223225.0,16.7637609107843,81.7573549214794,1.47888416773632,78.759,2.462,7.474,6046380.0,5897518,63.942,2.67812141806151,30.4944057403147,66.8274728416238,6.286,18.4946,12.3626,3.3435,12.9218,1.549,13.7056,11.3369,19.9998,40.4867,24.7806,59.5131,24.5005,0.3805,197184,2387710,ISCO-08,9,,
ARE,United Arab Emirates,"Middle East, North Africa, Afghanistan & Pakistan",country,2018,9346701.0,16.7091550433461,81.7897488678028,1.50109608885113,79.108,2.236,6.747,6158515.0,6020811,64.4164,2.63333424128417,30.2127063069144,67.1539594518014,8.8427,13.6692,10.2672,4.8931,15.2827,0.95,17.8329,9.8104,18.4518,37.6722,22.5119,62.3278,18.7206,0.3704,294604,2268172,ISCO-08,9,,
ARE,United Arab Emirates,"Middle East, North Africa, Afghanistan & Pakistan",country,2019,9445785.0,16.6494070201078,81.8226037478217,1.52798923207058,79.467,2.331,7.325,6256531.0,6110691,64.6923,2.58611467473211,29.9929929037285,67.4208924215394,9.5649,15.6623,11.2182,4.8305,14.9782,0.8747,14.1299,9.0951,19.6462,41.2759,25.2272,58.7241,22.221,0.3871,295177,2522243,ISCO-08,9,,
ARE,United Arab Emirates,"Middle East, North Africa, Afghanistan & Pakistan",country,2020,9401038.0,16.5795684066633,81.8563407363944,1.56409085694231,78.781,4.294,13.482,6178311.0,5913014,62.8975,2.05825453136887,28.9428592438209,68.9988862248103,11.726,18.4705,11.9406,6.5357,15.3829,1.4706,12.5999,6.755,15.1189,48.6728,30.1965,51.3273,23.2328,0.4276,386457,2878029,ISCO-08,9,,
ARE,United Arab Emirates,"Middle East, North Africa, Afghanistan & Pakistan",country,2021,9575152.0,16.5083622023306,81.87240475274,1.61923304492939,77.054,3.105,9.737,6160044.0,5968775,62.3361,1.64924253622621,30.8775672009222,67.4731738749809,9.434,14.897,11.2403,5.7919,14.9135,0.8508,15.7705,10.4291,16.6729,41.3632,24.331,58.6368,24.6843,0.3904,345705,2468876,ISCO-08,9,,
ARE,United Arab Emirates,"Middle East, North Africa, Afghanistan & Pakistan",country,2022,10074977.0,16.4756028959529,81.8846579747203,1.63973912932682,77.242,2.872,9.992,6499963.0,6313284,62.663,1.56324960341865,30.7486923060023,67.6880425093453,11.9963,16.048,10.4232,5.3447,12.5808,1.3624,15.6475,8.3233,18.2738,43.8122,28.0443,56.1878,23.1052,0.3939,337426,2765989,ISCO-08,9,,
ARE,United Arab Emirates,"Middle East, North Africa, Afghanistan & Pakistan",country,2023,10483751.0,16.3389425432864,81.9654257470884,1.69563170962521,78.367,2.151,6.351,6873426.0,6725579,64.1524,1.51613932797365,30.7827300526736,67.7011452667683,11.1748,14.0202,9.3123,4.9589,14.6015,1.0388,17.4563,7.4244,20.0127,39.4662,25.195,60.5337,15.3104,0.375,333515,2654330,ISCO-08,9,,
ARE,United Arab Emirates,"Middle East, North Africa, Afghanistan & Pakistan",country,2024,10986400.0,16.1109795668483,82.1220600575181,1.76696037563358,78.484,2.16,6.425,7233386.0,7077145,64.4173,1.47820595409978,30.5782520164969,67.9435420294033,8.0871,13.7327,11.8899,6.0287,14.3495,1.0509,18.1049,10.1595,16.5968,39.7384,21.8198,60.2616,22.1624,0.382,426660,2812344,ISCO-08,9,,
ARE,United Arab Emirates,"Middle East, North Africa, Afghanistan & Pakistan",country,2025,11513149.0,15.9773973206416,82.2302882072977,1.79231447206064,78.594,2.174,6.451,7602907.0,7437620,64.6011,1.43785178348385,30.5944309489653,67.9677172675509,,,,,,,,,,,,,,,,,,0,,
ARG,Argentina,Latin America & Caribbean,country,2013,42582455.0,25.1502863661773,64.0825562537135,10.7671573801093,59.962,7.1,19.555,19111596.0,17754673,41.6948,8.22769610090529,22.4740954383685,69.2982197252933,5.0404,11.4118,9.4266,12.0507,21.9472,0.2942,13.5193,9.7585,16.5512,37.9295,16.4522,62.0704,22.2181,0.4032,2139562,6734259,ISCO-08,9,,
ARG,Argentina,Latin America & Caribbean,country,2014,43024071.0,25.0138297580693,64.0920281103568,10.894142131574,59.444,7.268,19.137,19177885.0,17784036,41.3351,8.17466957589193,22.7948760583105,69.0304543657975,4.7449,10.9592,9.1471,13.0807,22.1591,0.2806,13.4337,10.448,15.7467,37.9319,15.7041,62.0681,24.5717,0.4063,2326276,6745823,ISCO-08,9,,
ARG,Argentina,Latin America & Caribbean,country,2015,43477012.0,24.887393365487,64.0810849650845,11.0315216694284,59.232,7.577,20.267,19343227.0,17877591,41.1196,7.97810861263688,22.3689252873984,69.6529549127388,,,,,,,,,,,,,,,,,,0,,
ARG,Argentina,Latin America & Caribbean,country,2016,43900313.0,24.7475897865741,64.0835958950498,11.1688143183761,59.02,8.088,21.799,19497873.0,17920885,40.8218,7.93976871110963,21.5725405836968,70.4876907051936,,,,,,,,,,,,,,,,,,0,,
ARG,Argentina,Latin America & Caribbean,country,2017,44288894.0,24.5791315086803,64.1137437299744,11.3071247613454,58.808,8.347,22.843,19643677.0,18004019,40.6513,7.76779997823827,21.1329975687179,71.0991913444513,4.9345,12.5938,8.3606,13.246,22.596,0.2343,13.8455,8.7269,15.4624,39.1349,17.5283,60.8651,23.8126,0.414,2384812,7045855,ISCO-08,9,,
ARG,Argentina,Latin America & Caribbean,country,2018,44654882.0,24.3732916411389,64.1630568429568,11.4636515159043,59.595,9.22,23.845,20125838.0,18270236,40.9143,7.72421488276846,20.7848673724352,71.4909177447964,5.0719,12.9949,8.8671,11.927,22.8698,0.2251,13.6233,8.8986,15.5223,38.8609,18.0668,61.1391,23.3234,0.4105,2179091,7099978,ISCO-08,9,,
ARG,Argentina,Latin America & Caribbean,country,2019,44973465.0,24.0972913239252,64.2701694847154,11.6325391913594,60.289,9.843,25.842,20580300.0,18554581,41.2567,7.61304714991947,20.6149198410894,71.7720330089912,5.2192,13.429,9.2991,11.2589,23.3017,0.2615,13.1946,8.8027,15.2333,39.2062,18.6482,60.7938,24.283,0.4117,2089042,7274546,ISCO-08,9,,
ARG,Argentina,Latin America & Caribbean,country,2020,45191965.0,23.6990914612707,64.5074745533578,11.7934339853714,56.023,11.461,30.429,19317784.0,17103773,37.8469,7.76680961200243,20.9264628130185,71.3067334216532,4.3275,13.6154,9.9933,11.5006,23.0122,0.1663,13.3246,8.6068,15.4533,39.4368,17.9429,60.5632,24.1963,0.4135,1967037,6745181,ISCO-08,9,,
ARG,Argentina,Latin America & Caribbean,country,2021,45312281.0,23.2387470933239,64.8426321239199,11.9186207827562,60.358,8.736,23.373,20993886.0,19159860,42.284,7.75008753977912,20.4837081020577,71.7661939196741,4.9394,13.9576,10.12,12.4556,22.9738,0.2391,13.3794,8.3807,13.5543,41.4726,18.897,58.5273,27.0885,0.4255,2386476,7946092,ISCO-08,9,,
ARG,Argentina,Latin America & Caribbean,country,2022,45407904.0,22.7507462136988,65.2151737723899,12.0340800139112,61.484,6.805,19.004,21566906.0,20099278,44.2638,7.56484102540425,21.1180064272847,71.3171525473111,4.66,13.1342,9.5598,11.4014,24.4523,0.2169,14.0476,8.4289,14.0988,38.7554,17.7942,61.2445,22.4594,0.4127,2291599,7789556,ISCO-08,9,,
ARG,Argentina,Latin America & Caribbean,country,2023,45538401.0,22.190657287242,65.6063209158354,12.2030217969226,62.286,6.139,17.946,22069879.0,20715009,45.4891,7.36522999791843,21.4115045495218,71.2232606251736,4.5751,12.8398,8.8629,12.2467,24.7183,0.2203,14.6397,8.2952,13.6019,38.5245,17.4149,61.4754,23.3803,0.414,2536905,7980354,ISCO-08,9,,
ARG,Argentina,Latin America & Caribbean,country,2024,45696159.0,21.6039426858612,65.9800531593914,12.4160041547474,61.862,7.15,19.228,22161435.0,20576892,45.0298,7.248468913108,21.1121866891603,71.6393298183816,4.5647,13.6488,9.0869,11.7777,25.6475,0.2105,13.3814,8.5922,13.0904,39.0781,18.2135,60.922,24.4454,0.4183,2423485,8041058,ISCO-08,9,,
ARG,Argentina,Latin America & Caribbean,country,2025,45851378.0,21.0157121233708,66.3498539384122,12.634433938217,61.913,7.145,19.188,22422031.0,20819977,45.4075,7.0009415978768,21.1843287834617,71.8147392248427,4.5946,13.382,9.1407,11.5783,25.7658,0.176,13.6576,9.0796,12.6253,38.6956,17.9766,61.3043,26.5866,0.4163,2410599,8056415,ISCO-08,9,,
ARM,Armenia,Europe & Central Asia,country,2013,3022000.0,19.6515983819432,69.6400159040937,10.7083857139631,61.54,16.576,35.034,1494270.0,1246580,41.2502,35.0431093835284,16.6612748830812,48.2956986839071,,,,,,,,,,,,,,,,,,0,,
ARM,Armenia,Europe & Central Asia,country,2014,3013800.0,19.8849276387873,69.3383433330299,10.7767290281828,61.527,17.498,36.376,1485574.0,1225628,40.6672,34.825817482368,16.7284549999748,48.4456433755783,6.6779,15.052,9.3451,3.6931,9.5642,34.225,10.2617,5.34,5.841,34.7681,21.7299,65.2319,31.9994,0.3243,45264,426128,ISCO-08,9,,
ARM,Armenia,Europe & Central Asia,country,2015,3004600.0,20.1142347563611,68.961951131008,10.923814112631,61.538,18.261,31.854,1477065.0,1207338,40.183,35.3288010836507,15.9104965880338,48.7606171356523,6.7609,13.0372,9.9174,3.0805,11.1987,34.1602,9.4675,5.3103,7.0673,32.796,19.7981,67.204,28.0574,0.3149,37192,395959,ISCO-08,9,,
ARM,Armenia,Europe & Central Asia,country,2016,2992300.0,20.3211773361758,68.5339571072627,11.1448655565615,61.642,17.617,35.657,1469687.0,1210772,40.4629,33.5987515971242,15.7844557584953,50.6167926443804,6.0055,14.2718,9.5827,2.9432,13.3242,32.8665,9.2073,4.8768,6.9219,32.8032,20.2773,67.1967,26.9235,0.3212,35635,397172,ISCO-08,9,,
ARM,Armenia,Europe & Central Asia,country,2017,2979400.0,20.4716971584721,68.1111272919884,11.4171755495395,61.462,17.704,37.728,1456321.0,1198494,40.226,31.34359798323,16.7086258536818,51.9477761630882,6.088,14.4926,8.8042,3.4026,14.3821,30.3081,9.148,5.4605,7.9139,32.7874,20.5806,67.2126,31.4836,0.3261,40780,392955,ISCO-08,9,,
ARM,Armenia,Europe & Central Asia,country,2018,2969000.0,20.4515725191837,67.836738214504,11.7116892663124,61.329,18.966,33.62,1448464.0,1173748,39.5334,32.786395040351,18.905706169311,48.307898790338,,,,,,,,,,,,,,,,,,0,,
ARM,Armenia,Europe & Central Asia,country,2019,2962500.0,20.3005780187581,67.6540902691366,12.0453317121053,58.757,18.304,32.613,1387309.0,1133376,38.2574,30.5863217690375,19.0543998660638,50.3592783648986,,,,,,,,,,,,,,,,,,0,,
ARM,Armenia,Europe & Central Asia,country,2020,2961500.0,20.1691865055515,67.4875319646095,12.343281529839,61.259,18.175,32.079,1448279.0,1185054,40.0153,29.386695527918,18.3941203268675,52.2190976997733,,,,,,,,,,,,,,,,,,0,,
ARM,Armenia,Europe & Central Asia,country,2021,2962300.0,20.0488372753343,67.3509680096337,12.600194715032,61.946,15.469,30.095,1467125.0,1240175,41.8653,28.3441639766894,18.7180812244161,52.9376715822725,,,,,,,,,,,,,,,,,,0,,
ARM,Armenia,Europe & Central Asia,country,2022,2969200.0,19.8625625656376,67.2222792072338,12.9151582271286,58.817,13.451,26.691,1399516.0,1211267,40.7944,29.2443534553178,21.2107056308882,49.5448558242117,,,,,,,,,,,,,,,,,,0,,
ARM,Armenia,Europe & Central Asia,country,2023,2964300.0,19.5453342452061,67.2436198631987,13.2110458915952,59.987,12.405,26.736,1430641.0,1253170,42.2754,28.0666154479176,20.4688283550424,51.464636561186,,,,,,,,,,,,,,,,,,0,,
ARM,Armenia,Europe & Central Asia,country,2024,3033500.0,19.2370774424519,67.0601533606123,13.7027691969357,59.917,12.405,26.659,1467933.0,1285836,42.3879,27.4809687153923,20.8968899438026,51.6221413408052,,,,,,,,,,,,,,,,,,0,,
ARM,Armenia,Europe & Central Asia,country,2025,3086700.0,18.9875606484226,66.5695749965832,14.4428643549941,59.388,12.871,26.244,1485063.0,1293921,41.9192,26.9715605307322,21.2986956321494,51.7297438371184,,,,,,,,,,,,,,,,,,0,,
ASM,American Samoa,East Asia & Pacific,country,2013,54006.0,32.6713698477947,62.6652594156205,4.66337073658482,,,,,,,,,,,,,,,,,,,,,,,,,,,0,,
ASM,American Samoa,East Asia & Pacific,country,2014,53466.0,32.2335689971197,62.8595743089066,4.90685669397374,,,,,,,,,,,,,,,,,,,,,,,,,,,0,,
ASM,American Samoa,East Asia & Pacific,country,2015,52878.0,31.839328265063,63.0186466961685,5.14202503876849,,,,,,,,,,,,,,,,,,,,,,,,,,,0,,
ASM,American Samoa,East Asia & Pacific,country,2016,52245.0,31.4387160370948,63.184641445511,5.37664251739418,,,,,,,,,,,,,,,,,,,,,,,,,,,0,,
ASM,American Samoa,East Asia & Pacific,country,2017,51586.0,31.0345830264025,63.351490714535,5.61392625906254,,,,,,,,,,,,,,,,,,,,,,,,,,,0,,
ASM,American Samoa,East Asia & Pacific,country,2018,50908.0,30.6402663602345,63.509040729937,5.85069290982842,,,,,,,,,,,,,,,,,,,,,,,,,,,0,,
ASM,American Samoa,East Asia & Pacific,country,2019,50209.0,30.2774402995479,63.6389890258719,6.08357067458025,,,,,,,,,,,,,,,,,,,,,,,,,,,0,,
ASM,American Samoa,East Asia & Pacific,country,2020,49761.0,29.67253800629,63.9620992132472,6.36536278046281,,,,,,,,,,,,,,,,,,,,,,,,,,,0,,
ASM,American Samoa,East Asia & Pacific,country,2021,49225.0,28.8390045708481,64.4418486541392,6.7191467750127,,,,,,,,,,,,,,,,,,,,,,,,,,,0,,
ASM,American Samoa,East Asia & Pacific,country,2022,48342.0,28.0659474778399,64.8304252040172,7.1036273181428,,,,,,,,,,,,,,,,,,,,,,,,,,,0,,
ASM,American Samoa,East Asia & Pacific,country,2023,47521.0,27.5109951389912,64.9386586982597,7.5503461627491,,,,,,,,,,,,,,,,,,,,,,,,,,,0,,
ASM,American Samoa,East Asia & Pacific,country,2024,46765.0,27.0084464877579,64.9470758045547,8.04447770768737,,,,,,,,,,,,,,,,,,,,,,,,,,,0,,
ASM,American Samoa,East Asia & Pacific,country,2025,46029.0,26.3478062504752,65.1140054531432,8.53818829638159,,,,,,,,,,,,,,,,,,,,,,,,,,,0,,
ATG,Antigua and Barbuda,Latin America & Caribbean,country,2013,88064.0,22.1150406804104,70.2382912524343,7.64666806715532,,,,,,,,,,,,,,,,,,,,,,,,,,,0,,
ATG,Antigua and Barbuda,Latin America & Caribbean,country,2014,88765.0,21.6526784205486,70.4962541542275,7.85106742522391,,,,,,,,,,,,,,,,,,,,,,,,,,,0,,
ATG,Antigua and Barbuda,Latin America & Caribbean,country,2015,89409.0,21.1583845026787,70.7305752217338,8.11104027558747,,,,,,,,,,,,,,,,,,,,,,,,,,,0,,
ATG,Antigua and Barbuda,Latin America & Caribbean,country,2016,89969.0,20.6426658071113,70.9122030921762,8.44513110071247,,,,,,,,,,,,,,,,,,,,,,,,,,,0,,
ATG,Antigua and Barbuda,Latin America & Caribbean,country,2017,90468.0,20.2049343414246,70.9963744086307,8.79869124994473,,,,,,,,,,,,,,,,,,,,,,,,,,,0,,
ATG,Antigua and Barbuda,Latin America & Caribbean,country,2018,90926.0,19.7902690099641,71.0825286496711,9.12720234036469,,,,,,,,,,,,,,,,,,,,,,,,,,,0,,
ATG,Antigua and Barbuda,Latin America & Caribbean,country,2019,91364.0,19.4070936424283,71.1197578901859,9.47314846738577,,,,,,,,,,,,,,,,,,,,,,,,,,,0,,
ATG,Antigua and Barbuda,Latin America & Caribbean,country,2020,91846.0,19.1053502602182,71.0314003876053,9.86324935217647,,,,,,,,,,,,,,,,,,,,,,,,,,,0,,
ATG,Antigua and Barbuda,Latin America & Caribbean,country,2021,92349.0,18.8437340956589,70.877324064148,10.2789418401932,,,,,,,,,,,,,,,,,,,,,,,,,,,0,,
ATG,Antigua and Barbuda,Latin America & Caribbean,country,2022,92840.0,18.5733520034468,70.6979750107712,10.728672985782,,,,,,,,,,,,,,,,,,,,,,,,,,,0,,
ATG,Antigua and Barbuda,Latin America & Caribbean,country,2023,93316.0,18.2172307923121,70.544014659944,11.2387545477439,,,,,,,,,,,,,,,,,,,,,,,,,,,0,,
ATG,Antigua and Barbuda,Latin America & Caribbean,country,2024,93772.0,17.7996512799731,70.4158512981023,11.7844974219246,,,,,,,,,,,,,,,,,,,,,,,,,,,0,,
ATG,Antigua and Barbuda,Latin America & Caribbean,country,2025,94209.0,17.4692304834489,70.1937723241533,12.3369971923977,,,,,,,,,,,,,,,,,,,,,,,,,,,0,,
AUS,Australia,East Asia & Pacific,country,2013,23128129.0,18.933376162926,66.700299430582,14.366324406492,65.025,5.663,12.22,12191663.0,11501249,49.7284,2.86527758750488,21.1215174398775,76.0131963183861,11.1619,20.6975,12.7305,10.3068,16.8223,2.2165,10.9754,6.8007,8.2883,54.8967,31.8594,45.1032,40.0733,0.4721,1185411,6313806,ISCO-08,9,,
AUS,Australia,East Asia & Pacific,country,2014,23475686.0,18.9164776713354,66.4491289382527,14.6343933904119,64.787,6.078,13.311,12332149.0,11582601,49.3387,2.79831970596916,20.9802253471379,76.2214635366506,11.3311,21.009,12.6228,10.0615,16.8928,2.4148,11.0297,6.4976,8.1407,55.0244,32.3401,44.9756,38.0108,0.4722,1165383,6373257,ISCO-08,9,,
AUS,Australia,East Asia & Pacific,country,2015,23815995.0,18.9031260311403,66.1974159681463,14.8994580007134,65.076,6.055,13.11,12568796.0,11807755,49.5791,2.63650803423428,20.0656372890415,77.2978546767242,11.3901,21.5318,12.8957,9.7377,16.9573,2.1713,11.043,6.3597,7.9134,55.5553,32.9219,44.4447,36.3785,0.4747,1149804,6559834,ISCO-08,9,,
AUS,Australia,East Asia & Pacific,country,2016,24190907.0,18.8876222294296,65.9615614705209,15.1508163000494,64.952,5.711,12.642,12744765.0,12016911,49.6753,2.61998324165225,19.9887356499304,77.3912811084173,11.4049,21.68,13.0223,9.8451,17.1275,2.0841,10.4281,6.3692,8.0387,55.9523,33.0849,44.0476,37.788,0.4773,1183077,6723738,ISCO-08,9,,
AUS,Australia,East Asia & Pacific,country,2017,24592588.0,18.8412690393086,65.7711179415292,15.3876130191621,65.248,5.592,12.592,13022869.0,12294630,49.9932,2.59605335120917,19.4301091427672,77.9738375060236,11.128,22.0423,12.7383,9.4272,17.2846,2.1113,10.6641,6.4983,8.1059,55.3358,33.1703,44.6642,40.8874,0.4742,1159039,6803332,ISCO-08,9,,
AUS,Australia,East Asia & Pacific,country,2018,24963258.0,18.7618242578521,65.5972081360588,15.6409676060892,65.804,5.345,11.935,13344850.0,12631568,50.6006,2.61685053200616,19.8876360560635,77.4955134119303,10.9473,22.0506,12.965,9.4861,16.9916,2.1569,10.723,6.6934,7.986,55.449,32.9979,44.5509,29.3713,0.4745,1198243,7004078,ISCO-08,9,,
AUS,Australia,East Asia & Pacific,country,2019,25334826.0,18.661163799115,65.3937724215717,15.9450637793133,66.088,5.143,11.452,13618789.0,12918375,50.9906,2.55829744516573,19.0584582521699,78.3832443026644,10.2343,22.6305,13.3012,9.4945,16.8346,2.2179,10.5205,6.7584,8.0082,55.6605,32.8648,44.3396,29.3158,0.4761,1226535,7190432,ISCO-08,9,,
AUS,Australia,East Asia & Pacific,country,2020,25649248.0,18.5597082418825,65.1015714818381,16.3387202762794,65.028,6.394,14.142,13583584.0,12715050,49.5728,2.7659977760499,19.1911018175319,78.0429082421948,11.0896,23.7194,12.8013,9.6949,15.9675,2.3373,10.0251,6.4119,7.9531,57.3052,34.809,42.6949,29.1744,0.4827,1232711,7286385,ISCO-08,9,,
AUS,Australia,East Asia & Pacific,country,2021,25685412.0,18.4234342046625,64.8273784315574,16.7491873637801,66.147,5.022,11.134,13859964.0,13163917,51.2506,2.4984121870069,19.5009895970717,78.0006057330855,11.7012,23.6825,13.1576,8.9711,16.4987,2.1833,9.7886,6.1724,7.8444,57.5124,35.3837,42.4874,29.0495,0.4827,1180948,7570885,ISCO-08,9,,
AUS,Australia,East Asia & Pacific,country,2022,26018721.0,18.2355418743903,64.6894260786269,17.0750320469828,66.89,3.728,8.468,14230223.0,13699720,52.6533,2.1974275768901,19.2492608710685,78.5533115520414,11.8836,23.8686,13.1557,8.8469,16.7837,1.9433,9.7351,6.2161,7.567,57.7548,35.7522,42.2452,30.0906,0.4844,1212001,7912246,ISCO-08,9,,
AUS,Australia,East Asia & Pacific,country,2023,26659922.0,18.0302829475224,64.5856920862796,17.384024966198,67.023,3.668,8.388,14646578.0,14109342,52.9234,2.14974802026124,19.6802287144108,78.170023265328,11.7092,24.2973,13.2805,8.8484,16.619,1.9223,9.8046,6.1075,7.4112,58.1354,36.0065,41.8646,30.4806,0.4863,1248451,8202522,ISCO-08,9,,
AUS,Australia,East Asia & Pacific,country,2024,27194286.0,17.8418482544494,64.4281358227139,17.7300159228367,66.719,3.942,9.408,14906574.0,14318957,52.6543,2.2305246861444,19.3590950015726,78.4103732027917,11.5077,24.6909,13.3542,8.8101,16.5837,1.9483,9.6815,5.9151,7.5086,58.3629,36.1986,41.6372,30.3414,0.4876,1261514,8356959,ISCO-08,9,,
AUS,Australia,East Asia & Pacific,country,2025,27614411.0,17.6796059290519,64.2273793315095,18.0930147394386,66.537,4.09,9.61,15125385.0,14506757,52.5333,2.17612034588263,19.2931356135301,78.5307299266158,11.4827,25.2503,13.3955,8.4861,17.0556,1.7784,9.6311,5.8171,7.103,58.6146,36.733,41.3852,30.501,0.4896,1231058,8503078,ISCO-08,9,,
AUT,Austria,Europe & Central Asia,country,2013,8479823.0,14.3738718336399,67.4266821192924,18.1994460470678,60.362,5.367,9.767,4382851.0,4147623,48.9117,4.57571152664977,25.9074815278358,69.5168069455145,4.3828,16.2911,19.3008,10.34,17.8204,4.586,13.433,5.7828,8.0632,50.3147,20.6739,49.6854,38.381,0.452,428864,2086864,ISCO-08,9,,
AUT,Austria,Europe & Central Asia,country,2014,8546356.0,14.3011125354513,67.3108310981136,18.3880563664351,60.172,5.674,10.508,4407077.0,4157019,48.6408,4.83688756925379,25.7513321620169,69.4117562170567,4.7824,16.282,19.4742,10.2531,17.514,4.7773,13.1654,5.6845,8.067,50.7917,21.0644,49.2082,40.5103,0.453,426223,2111421,ISCO-08,9,,
AUT,Austria,Europe & Central Asia,country,2015,8642699.0,14.3039101457033,67.234719049435,18.4613708048616,60.224,5.802,10.91,4460463.0,4201667,48.6152,4.53100586483607,25.7642300683382,69.7047640668257,4.684,16.4958,19.5164,10.2641,17.3232,4.4831,13.5185,5.7439,7.971,50.9603,21.1798,49.0397,39.9538,0.4539,431263,2141182,ISCO-08,9,,
AUT,Austria,Europe & Central Asia,country,2016,8736668.0,14.3661093998906,67.1339749165576,18.4999156835518,60.696,6.064,11.424,4541001.0,4265635,48.8245,4.34816137863786,25.5626031353135,70.0892354860486,4.5471,17.0447,19.1838,9.9734,18.1173,4.3174,13.1922,5.497,8.1271,50.749,21.5918,49.251,40.5755,0.4543,425429,2164767,ISCO-08,9,,
AUT,Austria,Europe & Central Asia,country,2017,8797566.0,14.4153434951617,66.974326831199,18.6103296736393,60.665,5.561,9.971,4567690.0,4313681,49.0327,3.92985296138965,24.9222992604378,71.1478477781726,4.7969,17.5469,19.3108,9.7147,18.3134,3.8778,12.981,5.438,8.0205,51.3693,22.3438,48.6307,39.6217,0.4576,419061,2215908,ISCO-08,9,,
AUT,Austria,Europe & Central Asia,country,2018,8840521.0,14.4299641791993,66.8074529749847,18.7625828458159,60.919,4.933,9.572,4608423.0,4381089,49.5569,3.69410892077711,25.4354491769606,70.8704419022623,4.6714,20.0132,17.293,9.5334,17.9401,3.6467,12.9238,5.7169,8.2616,51.511,24.6846,48.4891,40.014,0.4593,417667,2256743,ISCO-08,9,,
AUT,Austria,Europe & Central Asia,country,2019,8879920.0,14.422845223827,66.6368554183168,18.9402993578561,60.898,4.56,8.767,4627750.0,4416725,49.7383,3.65613992670062,25.3558623996458,70.9879750350163,4.7354,20.1419,17.2395,9.7377,17.6429,3.5634,12.9786,5.7009,8.2597,51.8545,24.8773,48.1455,41.7318,0.4609,430087,2290271,ISCO-08,9,,
AUT,Austria,Europe & Central Asia,country,2020,8916864.0,14.3931589250796,66.4370522356064,19.169788839314,60.363,5.201,10.325,4607777.0,4368127,48.9873,3.86383142689978,24.8648114338877,71.2713342578913,5.0724,20.4373,18.0368,9.5553,17.1913,3.6249,12.4907,5.563,8.0283,53.1018,25.5097,46.8982,41.8115,0.4655,417388,2319554,ISCO-08,9,,
AUT,Austria,Europe & Central Asia,country,2021,8955797.0,14.3606656208757,66.1764816581673,19.462852720957,60.631,6.459,12.023,4650207.0,4349850,48.5702,3.73480929883985,25.6264556989927,70.6387120416155,4.8896,20.5135,18.22,9.7439,17.1168,3.5146,12.4791,5.4832,8.0392,53.367,25.4031,46.6329,43.7023,0.4672,423845,2321384,ISCO-08,9,,
AUT,Austria,Europe & Central Asia,country,2022,9041851.0,14.3461537570506,65.8640953229773,19.7897509199721,60.883,4.992,10.327,4715201.0,4479818,49.5454,3.5385595444138,26.3641612409273,70.0972792146589,5.165,21.0844,18.1285,9.4547,17.2755,3.3596,12.3153,5.2341,7.983,53.8326,26.2494,46.1675,43.8156,0.4694,423553,2411603,ISCO-08,9,,
AUT,Austria,Europe & Central Asia,country,2023,9131761.0,14.3026357250026,65.5333445996897,20.1640196753077,60.853,5.264,10.98,4762160.0,4511480,49.4043,3.11719371426899,25.7210270134619,71.1617792722691,5.4413,22.0182,18.2324,9.331,17.2343,3.0031,11.7217,5.2024,7.8155,55.0229,27.4595,44.977,45.2843,0.4755,420966,2482347,ISCO-08,9,,
AUT,Austria,Europe & Central Asia,country,2024,9177982.0,14.2280024817963,65.1655943390134,20.6064031791903,60.507,5.2,10.428,4763195.0,4515509,49.1994,2.82710899447365,24.831244563959,72.3416687261318,5.1594,22.8115,18.0131,9.5489,17.4737,2.759,11.2733,5.2947,7.6663,55.5329,27.9709,44.467,44.985,0.4799,431181,2507593,ISCO-08,9,,
AUT,Austria,Europe & Central Asia,country,2025,9208163.0,14.14725441413,64.7580356509971,21.094709934873,60.124,5.582,10.998,4753079.0,4487762,48.7368,2.76647307328961,24.6474928471915,72.5860340795189,5.4941,22.8151,18.3688,9.41,17.0727,2.8341,11.4715,4.9993,7.5345,56.088,28.3092,43.9121,44.6813,0.4811,422298,2517096,ISCO-08,9,,
AZE,Azerbaijan,Europe & Central Asia,country,2013,9416801.0,22.6562640559765,71.6592530898028,5.68448285422061,61.896,4.97,13.478,4508074.0,4284023,45.4934,37.1005480477893,14.3750088172857,48.5244431349249,1.3026,12.7254,9.4188,5.01,12.3246,29.8597,6.8136,7.014,15.5311,28.4568,14.028,71.543,,0.3057,214630,1219096,ISCO-08,9,,
AZE,Azerbaijan,Europe & Central Asia,country,2014,9535079.0,23.0824332493211,71.2018299395149,5.71573681116396,62.761,4.91,13.415,4602987.0,4376980,45.904,36.7534573432793,14.3042326372844,48.9423100194364,1.2519,12.7491,9.4642,4.9174,12.2484,29.8047,6.9604,6.9705,15.6335,28.3826,14.001,71.6175,,0.3051,215234,1242301,ISCO-08,9,,
AZE,Azerbaijan,Europe & Central Asia,country,2015,9649341.0,23.4529342704953,70.7521032313631,5.79496249814157,63.537,4.96,13.363,4693026.0,4460252,46.2234,36.3558524226085,14.0637019987951,49.5804455785965,,,,,,,,,,,,,,,,,,0,,
AZE,Azerbaijan,Europe & Central Asia,country,2016,9757812.0,23.7644384698353,70.2891585164324,5.94640301373228,64.652,5.0,12.925,4809412.0,4568941,46.8234,36.3368932341397,14.3280236361024,49.3350831297579,,,,,,,,,,,,,,,,,,0,,
AZE,Azerbaijan,Europe & Central Asia,country,2017,9854033.0,23.9150145766526,69.9448498293551,6.14013559399226,65.038,5.0,12.389,4876185.0,4632376,47.01,36.3506388833822,14.3733450158048,49.276016100813,,,,,,,,,,,,,,,,,,0,,
AZE,Azerbaijan,Europe & Central Asia,country,2018,9939771.0,23.7619094314226,69.8692138262529,6.3688767423245,65.399,4.9,11.637,4955866.0,4713029,47.4159,36.2613565467275,14.7193239323008,49.0193195209717,,,,,,,,,,,,,,,,,,0,,
AZE,Azerbaijan,Europe & Central Asia,country,2019,10024283.0,23.5467769812991,69.825581884135,6.62764113456588,65.227,5.0,11.475,4998924.0,4748978,47.3747,35.9495205782749,15.1305275152599,48.9199519064652,,,,,,,,,,,,,,,,,,0,,
AZE,Azerbaijan,Europe & Central Asia,country,2020,10093121.0,23.3899641809398,69.7266672756005,6.88336854345971,67.223,7.24,15.129,5197914.0,4821585,47.771,35.9329033223703,15.0728005284641,48.9942961491657,,,,,,,,,,,,,,,,,,0,,
AZE,Azerbaijan,Europe & Central Asia,country,2021,10137750.0,23.1453170471012,69.708000115884,7.14668283701474,63.7,6.04,14.675,4963081.0,4663311,45.9995,35.8696760423606,15.3021086814666,48.8282152761729,,,,,,,,,,,,,,,,,,0,,
AZE,Azerbaijan,Europe & Central Asia,country,2022,10141756.0,22.7976026739958,69.6758832959182,7.52651403008595,64.776,5.65,13.616,5071753.0,4785199,47.1831,35.7692962489406,15.4407252409143,48.7899579240212,,,,,,,,,,,,,,,,,,0,,
AZE,Azerbaijan,Europe & Central Asia,country,2023,10153958.0,22.3444393003552,69.64501196768,8.01054873196477,64.345,5.64,13.581,5073676.0,4787521,47.1493,35.1385583811186,15.40463914718,49.4568024717014,,,,,,,,,,,,,,,,,,0,,
AZE,Azerbaijan,Europe & Central Asia,country,2024,10202830.0,21.8116344602457,69.6325984108376,8.5557671289167,63.901,5.648,13.544,5097655.0,4809739,47.1412,34.691677509122,15.4306951621443,49.8776478507312,,,,,,,,,,,,,,,,,,0,,
AZE,Azerbaijan,Europe & Central Asia,country,2025,10246996.0,21.2004793746471,69.6311486958719,9.16837192948103,63.288,5.457,13.091,5110243.0,4831377,47.1492,34.2268398727574,15.5352074322098,50.2379526950328,,,,,,,,,,,,,,,,,,0,,
BDI,Burundi,Sub-Saharan Africa,country,2013,10439341.0,46.0604910817882,51.7106229076444,2.22888601056743,78.839,1.584,2.71,4439368.0,4369048,41.8518,86.7135906630525,3.37137286792944,9.91501358075243,,,,,,,,,,,,,,,,,,0,,
BDI,Burundi,Sub-Saharan Africa,country,2014,10799785.0,46.4060513053708,51.3816362371271,2.21231245750205,78.938,1.572,2.927,4568956.0,4497132,41.6409,86.1850382442554,3.49668434158019,10.3182774141645,0.1465,0.6129,2.182,0.7755,5.0256,86.0043,3.5437,0.9323,0.7772,3.7169,0.7594,96.2831,,0.1195,34875,167154,ISCO-08,9,,
BDI,Burundi,Sub-Saharan Africa,country,2015,11047580.0,47.0438910603046,50.7329704786026,2.22313846109284,79.489,1.449,2.681,4650400.0,4583016,41.4843,86.4139199438273,3.48140423961823,10.1046758165545,,,,,,,,,,,,,,,,,,0,,
BDI,Burundi,Sub-Saharan Africa,country,2016,11239451.0,47.7164543001255,50.0141465984415,2.26939910143298,79.924,1.352,2.456,4696640.0,4633141,41.2221,86.3185344552209,3.47692625137488,10.2045392934042,,,,,,,,,,,,,,,,,,0,,
BDI,Burundi,Sub-Saharan Africa,country,2017,11506762.0,47.9494144399615,49.7345082830426,2.31607727699591,80.093,1.25,2.225,4797040.0,4737077,41.1678,86.3098493789793,3.47202446380407,10.2181261572166,0.3392,0.3919,1.7138,0.3301,4.0418,90.4454,2.2363,0.0318,0.4697,2.775,0.7311,97.225,,0.1085,15637,131454,ISCO-08,9,,
BDI,Burundi,Sub-Saharan Africa,country,2018,11859446.0,47.7613751940858,49.8778863700716,2.36073843584262,80.045,1.147,1.993,4958957.0,4902078,41.3348,85.7271812254413,3.32759558371437,10.9452231908443,,,,,,,,,,,,,,,,,,0,,
BDI,Burundi,Sub-Saharan Africa,country,2019,12255336.0,47.3474188162847,50.2513129688442,2.40126821487113,79.741,1.043,1.754,5145487.0,5091820,41.5478,85.037534800998,3.23362546270401,11.7288004575192,,,,,,,,,,,,,,,,,,0,,
BDI,Burundi,Sub-Saharan Africa,country,2020,12617036.0,46.9567456255177,50.6081895938159,2.43506478066639,78.546,1.03,1.69,5256681.0,5202537,41.2342,85.3194965555419,3.08325132242588,11.5972521220322,0.2225,1.9798,0.548,0.3415,4.3734,82.216,2.4724,0.985,6.8615,3.0918,2.2023,96.9083,0.3991,0.1162,17767,160852,ISCO-08,9,,
BDI,Burundi,Sub-Saharan Africa,country,2021,12965481.0,46.5191285028635,51.0189922371954,2.4618792599411,79.094,1.118,1.772,5484419.0,5423103,41.8272,85.6601285278926,3.05983493214125,11.2800365399661,,,,,,,,,,,,,,,,,,0,,
BDI,Burundi,Sub-Saharan Africa,country,2022,13321097.0,45.9888909303456,51.5252590861977,2.48584998345669,79.104,0.909,1.705,5691432.0,5639697,42.3366,85.6818575535412,3.06930185706061,11.2488405893982,,,,,,,,,,,,,,,,,,0,,
BDI,Burundi,Sub-Saharan Africa,country,2023,13689450.0,45.3647423879244,52.1249630965803,2.51029451549531,78.801,0.911,1.7,5893737.0,5840045,42.6609,85.5878986197762,3.07746838824348,11.3346329919803,,,,,,,,,,,,,,,,,,0,,
BDI,Burundi,Sub-Saharan Africa,country,2024,14047786.0,44.698901307295,52.769294036797,2.53180465590806,78.492,0.915,1.695,6097715.0,6041921,43.0098,85.3944108543567,3.09280380988888,11.5127687848366,,,,,,,,,,,,,,,,,,0,,
BDI,Burundi,Sub-Saharan Africa,country,2025,14390003.0,43.9812536516238,53.4706369925926,2.54810935578364,78.255,0.922,1.678,6308213.0,6250051,43.4333,85.3410580900747,3.10326262172932,11.555679288196,,,,,,,,,,,,,,,,,,0,,
BEL,Belgium,Europe & Central Asia,country,2013,11159407.0,16.988535946602,65.2910824069226,17.7203816464754,53.617,8.425,23.689,4966858.0,4548400,40.7584,1.35984073050109,21.7035469823917,76.9365903031326,8.1491,22.2262,14.2648,11.9589,13.7288,1.4643,11.2933,6.6516,10.2629,56.599,30.3753,43.4009,36.1145,0.4809,543939,2574349,ISCO-08,9,,
BEL,Belgium,Europe & Central Asia,country,2014,11209057.0,16.9983431933238,65.0395058250497,17.9621509816265,53.575,8.523,23.225,4984459.0,4559634,40.6781,1.21817074170938,21.3930861041826,77.3887650837691,8.6574,23.5672,14.2673,11.4196,13.2224,1.3352,10.6002,6.7265,10.2043,57.9115,32.2246,42.0886,36.9059,0.4857,520692,2640552,ISCO-08,9,,
BEL,Belgium,Europe & Central Asia,country,2015,11274196.0,16.9932652552348,64.8430252778753,18.1637094668899,53.369,8.482,22.125,4994454.0,4570824,40.5423,1.17652617859345,21.4340966395654,77.3893771818411,8.3243,23.0548,14.4798,11.0147,13.3566,1.2949,11.1916,6.6769,10.6064,56.8736,31.3791,43.1264,38.4798,0.4799,503463,2599592,ISCO-08,9,,
BEL,Belgium,Europe & Central Asia,country,2016,11331422.0,16.9825718062522,64.6607620134318,18.356666180316,53.164,7.83,20.108,5001167.0,4609576,40.6796,1.25134460761102,21.2643986081806,77.4842567842084,8.4155,24.0437,13.6778,11.0594,13.3892,1.2677,10.7018,6.7941,10.6508,57.1964,32.4592,42.8036,34.3594,0.4823,509791,2636512,ISCO-08,9,,
BEL,Belgium,Europe & Central Asia,country,2017,11375158.0,16.9724637381153,64.4426328280277,18.584903433857,53.336,7.09,19.236,5037325.0,4680179,41.1439,1.17852530515845,21.1741670432077,77.647329015663,7.3986,24.4517,14.6575,11.0548,13.147,1.3153,10.51,7.1716,10.2934,57.5626,31.8503,42.4373,35.1964,0.4848,517384,2694033,ISCO-08,9,,
BEL,Belgium,Europe & Central Asia,country,2018,11427054.0,16.9466264692847,64.2447525310394,18.8086209996758,53.669,5.941,15.748,5093485.0,4790881,41.9258,0.862860776670702,20.9223076767353,78.2148315465941,8.3563,24.5942,13.4245,10.872,14.0506,1.0581,10.371,6.9184,10.355,57.247,32.9505,42.7531,38.2468,0.4842,520865,2742636,ISCO-08,9,,
BEL,Belgium,Europe & Central Asia,country,2019,11488980.0,16.8907407765187,64.0794211416653,19.029838081816,53.896,5.364,14.236,5146209.0,4870166,42.3899,1.08145129137307,21.1230168294647,77.7955318791623,8.6758,24.4465,13.6211,10.8383,13.3343,1.2594,10.8149,6.8113,10.1985,57.5817,33.1223,42.4184,36.6413,0.4838,527843,2804324,ISCO-08,9,,
BEL,Belgium,Europe & Central Asia,country,2020,11538604.0,16.8003901523617,63.9755896544114,19.224020193227,53.382,5.545,15.326,5124712.0,4840547,41.9509,1.00750729784374,20.6965650352932,78.295927666863,8.6216,26.3216,13.7679,11.5012,13.1734,1.2303,9.9763,6.1062,9.3014,60.2123,34.9432,39.7876,37.6324,0.499,556721,2914605,ISCO-08,9,,
BEL,Belgium,Europe & Central Asia,country,2021,11586195.0,16.6827638797465,63.8651840723626,19.4520520478909,54.048,6.248,18.206,5217415.0,4891431,42.2178,1.09125389898035,19.7565328967799,79.1522132042397,7.8462,25.6928,14.6466,11.9763,13.1512,1.2635,9.7519,6.3711,9.3004,60.1619,33.539,39.8381,37.4514,0.4999,585812,2942778,ISCO-08,9,,
BEL,Belgium,Europe & Central Asia,country,2022,11680210.0,16.5296792082338,63.7031280332457,19.7671927585206,54.576,5.57,16.41,5320892.0,5024518,43.0174,1.07141281082723,20.4607578284761,78.467809392514,6.9933,24.7945,14.6204,12.439,13.5601,1.1099,9.9471,6.5812,9.9545,58.8472,31.7878,41.1528,35.7414,0.4955,625000,2956788,ISCO-08,9,,
BEL,Belgium,Europe & Central Asia,country,2023,11779946.0,16.2907447374445,63.5639803078539,20.1452749547016,54.407,5.547,16.119,5365023.0,5067425,43.0174,1.08549455456598,20.1484135056687,78.7661117864497,7.8938,25.5879,15.0042,11.994,12.7349,1.2533,9.8902,5.9227,9.719,60.4799,33.4817,39.5201,32.8658,0.5002,607787,3064774,ISCO-08,9,,
BEL,Belgium,Europe & Central Asia,country,2024,11858610.0,15.9961268493057,63.4457922250499,20.5580809256443,54.538,5.7,17.343,5432908.0,5123232,43.2026,1.00894917887808,19.5233677385897,79.4676830825322,7.8392,27.2518,14.5072,10.1692,14.0886,1.1275,9.6652,5.898,9.4533,59.7674,35.091,40.2326,34.7625,0.4969,520992,3062023,ISCO-08,9,,
BEL,Belgium,Europe & Central Asia,country,2025,11941781.0,15.7038467920041,63.3352703548202,20.9608828531757,54.274,5.906,17.777,5463472.0,5140799,43.0488,0.984722440079227,19.2466752826094,79.7685825220163,8.126,29.1921,15.2015,10.4099,13.3835,0.9811,8.7265,5.3361,8.6432,62.9295,37.3181,37.0704,,0.5125,535152,3235079,ISCO-08,9,,
BEN,Benin,Sub-Saharan Africa,country,2013,10708834.0,43.5668506751926,53.3802257734234,3.052923551384,72.707,2.198,3.956,4393926.0,4297348,40.129,43.319634936961,15.6941736050673,40.9861914579717,0.3856,7.6034,0.8361,0.3578,29.3742,42.4389,17.2956,0.6323,1.0759,9.1829,7.989,90.8169,5.3521,0.2287,15376,394621,ISCO-08,9,,
BEN,Benin,Sub-Saharan Africa,country,2014,11030004.0,43.4826788586241,53.4710165776466,3.04630456372929,73.115,1.952,3.608,4557889.0,4468919,40.516,42.9123500546781,16.0308659061926,41.0568064161057,,,,,,,,,,,,,,,,,,0,,
BEN,Benin,Sub-Saharan Africa,country,2015,11360681.0,43.397891376406,53.5644826221245,3.03762600146945,73.519,1.886,3.418,4727555.0,4638393,40.8285,43.1917046345585,16.3177889373999,40.4905279874369,,,,,,,,,,,,,,,,,,0,,
BEN,Benin,Sub-Saharan Africa,country,2016,11697842.0,43.3119392154527,53.6566169066319,3.03144387791543,73.919,1.834,3.237,4901776.0,4811877,41.1347,43.3256529870326,16.6301768821091,40.0441701308582,,,,,,,,,,,,,,,,,,0,,
BEN,Benin,Sub-Saharan Africa,country,2017,12039780.0,43.2080154288533,53.7641385473821,3.02784602376455,74.315,1.691,2.981,5081385.0,4995459,41.4913,42.9445886542896,16.9916809814428,40.0637303642676,,,,,,,,,,,,,,,,,,0,,
BEN,Benin,Sub-Saharan Africa,country,2018,12383347.0,43.0653989157617,53.9063205647746,3.02828051946374,74.707,1.426,2.621,5267149.0,5192039,41.9276,42.3163727552176,17.3835332547515,40.3000747297787,,,,,,,,,,,,,,,,,,0,,
BEN,Benin,Sub-Saharan Africa,country,2019,12726755.0,42.8769823886765,54.0897463650396,3.03327124628391,75.095,1.214,2.302,5459336.0,5393060,42.3758,41.9865160039013,17.7682428899363,40.2452411061624,,,,,,,,,,,,,,,,,,0,,
BEN,Benin,Sub-Saharan Africa,country,2020,13070169.0,42.6531783942503,54.3068570880759,3.0399645176738,74.78,1.518,2.96,5605006.0,5519922,42.233,43.3084882610158,17.9259524694195,38.7655592695647,,,,,,,,,,,,,,,,,,0,,
BEN,Benin,Sub-Saharan Africa,country,2021,13413417.0,42.3988645100648,54.5541005696013,3.04703492033387,76.076,1.833,3.242,5877845.0,5770104,43.0174,43.4363693838773,18.0402746303173,38.5233559858054,,,,,,,,,,,,,,,,,,0,,
BEN,Benin,Sub-Saharan Africa,country,2022,13759501.0,42.1206314865863,54.8168372827197,3.06253123069402,76.28,1.685,3.13,6074872.0,5972510,43.4064,42.6711007421641,18.312830031608,39.0160692262279,0.6305,2.6139,1.4044,0.9904,29.1173,42.724,14.8195,3.6187,4.0814,5.6392,3.2444,94.3609,1.4137,0.2086,59152,336802,ISCO-08,9,,
BEN,Benin,Sub-Saharan Africa,country,2023,14111034.0,41.8362665047697,55.0758521637801,3.08788133145022,76.274,1.641,3.09,6260192.0,6157462,43.6358,41.8570674785988,18.3030821147503,39.8398666470266,,,,,,,,,,,,,,,,,,0,,
BEN,Benin,Sub-Saharan Africa,country,2024,14462724.0,41.5524903883943,55.3293625737447,3.11814703786092,76.27,1.637,3.089,6447181.0,6341641,43.8482,41.0503967336002,18.2823869014758,40.6672321336634,,,,,,,,,,,,,,,,,,0,,
BEN,Benin,Sub-Saharan Africa,country,2025,14814460.0,41.2595376834369,55.5874076944893,3.15305462207379,76.356,1.589,2.887,6644562.0,6538980,44.1392,40.2410451099361,18.3165686015882,41.442370995676,,,,,,,,,,,,,,,,,,0,,
BFA,Burkina Faso,Sub-Saharan Africa,country,2013,17695409.0,45.6185499866095,51.7114608653578,2.66998914803269,79.105,4.054,6.525,7612290.0,7303688,41.2745,59.8409350025008,13.5378858961666,26.6211791013326,,,,,,,,,,,,,,,,,,0,,
BFA,Burkina Faso,Sub-Saharan Africa,country,2014,18229461.0,45.5777738025277,51.7927902530963,2.62943594437597,78.862,4.255,6.835,7823803.0,7490900,41.0923,58.722505632836,14.0247003763768,27.2527939907872,,,,,,,,,,,,,,,,,,0,,
BFA,Burkina Faso,Sub-Saharan Africa,country,2015,18777487.0,45.4828779804241,51.9206377296387,2.5964842899372,78.617,4.472,7.162,8047980.0,7688074,40.943,57.6106551982306,14.5032411061436,27.8861036956258,,,,,,,,,,,,,,,,,,0,,
BFA,Burkina Faso,Sub-Saharan Africa,country,2016,19334856.0,45.3293871267877,52.0971154917605,2.57349738145185,78.371,4.598,7.383,8284194.0,7903287,40.8759,56.1607711907331,15.0943155101467,28.7449132991202,,,,,,,,,,,,,,,,,,0,,
BFA,Burkina Faso,Sub-Saharan Africa,country,2017,19894407.0,45.122536198239,52.3179781131451,2.5594856886159,78.122,4.662,7.53,8529005.0,8131383,40.8727,54.5825993907749,15.7371386392333,29.6802742681287,,,,,,,,,,,,,,,,,,0,,
BFA,Burkina Faso,Sub-Saharan Africa,country,2018,20438288.0,44.8544883015642,52.5907037810603,2.55480791737547,77.871,4.695,7.638,8776683.0,8364618,40.9262,53.0356069665737,16.3316564591298,30.6327246191108,3.0113,5.5867,4.7947,1.2579,31.9445,22.9298,15.8497,4.8385,9.787,14.6506,8.598,85.3495,7.9873,0.2705,105219,1225467,ISCO-08,9,,
BFA,Burkina Faso,Sub-Saharan Africa,country,2019,20961952.0,44.5027699590484,52.9380433430521,2.55918669789944,77.617,4.493,7.432,9029420.0,8623728,41.1399,51.5701324352258,17.0012325245951,31.4286234443131,,,,,,,,,,,,,,,,,,0,,
BFA,Burkina Faso,Sub-Saharan Africa,country,2020,21478690.0,44.0467375814525,53.3844208698114,2.56884154873602,75.189,4.59,7.978,9036235.0,8621472,40.1397,52.9487914827034,16.6609580798734,30.3902504374231,,,,,,,,,,,,,,,,,,0,,
BFA,Burkina Faso,Sub-Saharan Africa,country,2021,21995243.0,43.5166435760678,53.904178280731,2.57917814320124,73.984,4.511,7.642,9191515.0,8776886,39.9036,53.4018361685719,16.4241483546,30.1740154768281,,,,,,,,,,,,,,,,,,0,,
BFA,Burkina Faso,Sub-Saharan Africa,country,2022,22509038.0,42.9683169274423,54.4370275967141,2.59465547584363,72.337,3.828,6.722,9286105.0,8930633,39.6758,53.1111063583967,16.4858028642968,30.4030795798118,0.5244,1.9382,0.8243,1.4859,24.3588,52.9134,8.3258,1.2426,8.3867,4.7728,2.4626,95.2273,1.0279,0.1866,132700,426241,ISCO-08,9,,
BFA,Burkina Faso,Sub-Saharan Africa,country,2023,23025776.0,42.4012506679471,54.9780363536934,2.62071297835956,71.195,3.601,6.569,9442280.0,9102263,39.5308,52.6974361025137,16.5607659480594,30.7417979494269,1.592,4.7949,5.2483,1.4078,30.0366,27.2106,15.2149,3.9504,10.5445,13.043,6.3869,86.957,6.4575,0.2563,128142,1187208,ISCO-08,9,,
BFA,Burkina Faso,Sub-Saharan Africa,country,2024,23548781.0,41.8020300074131,55.5461979114758,2.65177208111112,70.062,3.441,6.525,9601936.0,9271533,39.3716,52.2336421724481,16.6107641335905,31.1555829082131,2.9368,5.2333,4.0997,0.5454,15.9801,54.4444,8.8093,1.5034,6.4476,12.8152,8.1701,87.1848,9.4894,0.206,50567,1188165,ISCO-08,9,,
BFA,Burkina Faso,Sub-Saharan Africa,country,2025,24074580.0,41.1699311057555,56.145860073156,2.68420882108847,70.005,3.477,6.438,9914873.0,9570133,39.752,51.7754423010249,16.6664054354484,31.558141814278,0.9652,2.9806,3.4945,0.7779,21.9984,43.4318,13.5927,2.8851,9.8738,8.2182,3.9458,91.7818,5.7198,0.2036,74446,786493,ISCO-08,9,,
BGD,Bangladesh,South Asia,country,2013,156532141.0,32.4236999110096,62.9494570158261,4.62684307316426,57.18,4.426,9.674,60484221.0,57807189,36.9299,45.0991832486723,20.7888945857964,34.1119221655313,0.9725,4.7515,1.769,1.6682,16.5701,36.8653,17.9949,5.7881,13.6204,9.1612,5.724,90.8388,6.1988,0.205,964340,5295832,ISCO-08,9,,
BGD,Bangladesh,South Asia,country,2014,157964929.0,31.8063072462316,63.4371252223876,4.75656753138087,56.817,4.417,10.122,61204476.0,58501074,37.0342,44.4046216094801,20.5366959894489,35.0586926571988,,,,,,,,,,,,,,,,,,0,,
BGD,Bangladesh,South Asia,country,2015,159383179.0,31.1823407663365,63.9150578117155,4.90260142194805,56.454,4.397,10.561,61920877.0,59198216,37.1421,43.542342342038,20.4796085575501,35.9780592358065,,,,,,,,,,,,,,,,,,0,,
BGD,Bangladesh,South Asia,country,2016,160811932.0,30.5660498794143,64.3617117778247,5.07223834276104,56.09,4.35,10.956,62629015.0,59904653,37.2514,42.6647464152912,20.4595245408049,36.8757190279881,1.8465,4.9587,1.9363,1.4747,15.605,32.9142,16.2119,7.5644,17.4882,10.2162,6.8052,89.7837,,0.2093,883414,6119979,ISCO-08,9,,
BGD,Bangladesh,South Asia,country,2017,162186147.0,30.0763108025382,64.6648001467869,5.25888905067487,58.328,4.372,12.101,66147765.0,63255785,39.002,40.5973044110147,20.4193241705984,38.9833714183869,1.6414,4.8333,1.8642,1.477,16.5186,32.4392,17.0882,6.8576,17.2805,9.8159,6.4747,90.1841,9.0475,0.2095,934288,6209125,ISCO-08,9,,
BGD,Bangladesh,South Asia,country,2018,163523103.0,29.7445382083272,64.7973177686173,5.45814402305543,58.915,4.439,11.907,67683856.0,64679370,39.5537,40.7657978851531,20.0532607831866,39.180939785584,,,,,,,,,,,,,,,,,,0,,
BGD,Bangladesh,South Asia,country,2019,164913055.0,29.4761618478294,64.8612797816401,5.66255837053046,59.47,4.504,11.742,69165404.0,66050194,40.0515,40.84013231722,19.8048029254686,39.355073841414,,,,,,,,,,,,,,,,,,0,,
BGD,Bangladesh,South Asia,country,2020,166298024.0,29.2584546885536,64.9064095313604,5.835135780086,59.77,5.539,13.473,70314500.0,66419780,39.9402,42.5476764075219,18.970086947415,38.482235139488,,,,,,,,,,,,,,,,,,0,,
BGD,Bangladesh,South Asia,country,2021,167658854.0,29.0745008042507,64.9516858651805,5.97381333056883,61.085,5.457,12.72,72637932.0,68674080,40.9606,43.4657157854774,18.2957657271552,38.2385272243361,,,,,,,,,,,,,,,,,,0,,
BGD,Bangladesh,South Asia,country,2022,169384897.0,28.7700900252928,65.0947523228864,6.13515765182076,61.873,4.593,10.985,74651451.0,71222710,42.0479,43.6687012820915,17.9688209597631,38.3624693337989,1.4283,5.2549,4.1955,1.287,15.1166,28.796,15.6399,8.3756,19.9063,12.1657,6.6832,87.8344,8.6152,0.22,916636,8664741,ISCO-08,9,,
BGD,Bangladesh,South Asia,country,2023,171466990.0,28.3608821732976,65.3185697725259,6.32054805417649,60.885,3.352,7.905,74789575.0,72282628,42.1554,45.3663393707013,17.625867147727,37.0078031657165,1.5122,4.7936,2.9633,0.9421,14.361,42.8038,14.5596,7.704,10.3604,10.2112,6.3058,89.7888,7.009,0.2009,680975,7380924,ISCO-08,9,,
BGD,Bangladesh,South Asia,country,2024,173562364.0,27.9889305379593,65.5126064657658,6.49846299627493,58.903,3.635,9.097,73619393.0,70943328,40.8748,44.7360340472385,17.8924001804483,37.3715657723132,1.3171,4.4768,2.615,0.9916,14.6786,42.2486,14.7433,8.7266,10.2024,9.4005,5.7939,90.5995,5.0079,0.1985,703474,6669028,ISCO-08,9,,
BGD,Bangladesh,South Asia,country,2025,175686899.0,27.645743159125,65.6858333367082,6.66842350416686,58.796,3.778,9.385,74739682.0,71916017,40.9342,44.2601251126533,18.0335872114531,37.7062779422273,,,,,,,,,,,,,,,,,,0,,
BGR,Bulgaria,Europe & Central Asia,country,2013,7160005.0,13.6699552397899,66.9753508090845,19.3546939511256,53.937,12.941,28.374,3333973.0,2902524,40.538,6.49108277075381,30.5275836296914,62.9813335995548,6.417,15.1273,8.6877,6.2663,21.9674,3.7207,13.5132,13.2666,11.0338,36.4983,21.5443,63.5017,20.9397,0.3856,181881,1059372,ISCO-08,9,,
BGR,Bulgaria,Europe & Central Asia,country,2014,7073572.0,13.8046441661979,66.4196171095264,19.7757387242757,53.967,11.424,23.774,3290417.0,2914520,41.2029,7.26733061156468,29.6374868920666,63.095148897052,6.6483,16.5873,9.2109,6.8764,20.7565,4.3084,12.8655,12.6836,10.0632,39.3229,23.2356,60.6772,23.8865,0.3985,200414,1146074,ISCO-08,9,,
BGR,Bulgaria,Europe & Central Asia,country,2015,6984225.0,13.9073512469563,65.8828672924077,20.209781460636,54.209,9.143,21.653,3259536.0,2961517,42.4029,6.80641139967944,30.2968272232799,62.8967613770407,5.8299,17.3283,9.2362,6.6021,21.1315,3.4807,13.2959,12.6084,10.487,38.9965,23.1582,61.0035,24.0369,0.3987,195522,1154888,ISCO-08,9,,
BGR,Bulgaria,Europe & Central Asia,country,2016,6894139.0,14.0249211707888,65.3990271954816,20.5760516337296,53.31,7.575,17.224,3159813.0,2920457,42.3614,6.9006563820887,30.1715840674492,62.9277595504621,6.1012,17.2381,9.8283,5.792,20.8792,3.7013,13.1551,12.8556,10.4492,38.9596,23.3393,61.0404,24.1376,0.3958,169153,1137798,ISCO-08,9,,
BGR,Bulgaria,Europe & Central Asia,country,2017,6803468.0,14.1712005939254,64.9588436261308,20.8699557799437,55.405,6.164,12.927,3235284.0,3035861,44.6223,7.19002440372406,29.3177250851597,63.4922505111163,5.6848,16.2532,9.3845,6.2399,21.7014,3.671,12.9229,13.0027,11.1395,37.5624,21.938,62.4375,19.3197,0.3913,189435,1140342,ISCO-08,9,,
BGR,Bulgaria,Europe & Central Asia,country,2018,6710798.0,14.3011088444414,64.5280031853111,21.1708879702475,55.316,5.211,12.676,3181267.0,3015491,44.9349,6.71485377864172,30.2959781840116,62.9891363575308,5.6338,16.4758,9.7763,6.0879,21.1387,3.189,13.2147,13.2466,11.2373,37.9738,22.1096,62.0263,24.8762,0.3924,183580,1145097,ISCO-08,9,,
BGR,Bulgaria,Europe & Central Asia,country,2019,6616726.0,14.3870039419572,64.1335371141353,21.4794589439076,56.659,4.148,8.777,3209606.0,3076472,46.4954,6.78847141688132,29.4860631743563,63.7254654087624,5.2024,17.2822,8.8784,6.0808,21.705,3.4123,12.6158,12.5572,12.266,37.4438,22.4846,62.5563,22.9366,0.3913,187074,1151948,ISCO-08,9,,
BGR,Bulgaria,Europe & Central Asia,country,2020,6550696.0,14.4317525598343,63.8814581406739,21.6867892994918,55.878,5.037,14.143,3132138.0,2974372,45.4054,6.58384777502315,30.9395264330649,62.476625791912,5.5887,17.7998,9.1822,6.0629,20.7502,3.3209,12.9771,12.6112,11.7069,38.6336,23.3885,61.3663,19.9917,0.3953,180333,1149107,ISCO-08,9,,
BGR,Bulgaria,Europe & Central Asia,country,2021,6507301.0,14.4832752684931,63.8135029889597,21.7032217425472,55.392,5.166,15.701,3082471.0,2923231,44.9223,6.42234827396012,29.9948792380617,63.5827724879782,4.9334,19.2354,9.9181,5.6553,19.6926,3.3732,12.5712,13.4622,11.1586,39.7422,24.1688,60.2578,21.1424,0.3994,165317,1161756,ISCO-08,9,,
BGR,Bulgaria,Europe & Central Asia,country,2022,6465097.0,14.5392290265379,63.7634737521873,21.6972972212748,56.735,4.148,10.582,3134677.0,3004651,46.475,6.55144152266151,30.2322890988986,63.2162693784399,4.8194,18.1208,9.085,6.0964,19.8832,3.4234,12.2867,13.7356,12.5494,38.1216,22.9402,61.8783,24.0885,0.392,183176,1145421,ISCO-08,9,,
BGR,Bulgaria,Europe & Central Asia,country,2023,6446596.0,14.5382010043552,63.6293606509783,21.8324383446666,56.896,4.319,12.049,3134615.0,2999231,46.5243,6.24514892446081,29.5905328513096,64.1643182242296,5.646,18.3306,9.4411,6.0837,19.9338,2.9443,12.2623,13.554,11.8044,39.5014,23.9766,60.4988,24.6584,0.3987,182464,1184738,ISCO-08,9,,
BGR,Bulgaria,Europe & Central Asia,country,2024,6441421.0,14.4744612007493,63.4952025385603,22.0303362606903,56.275,4.2,12.493,3100224.0,2970015,46.1081,4.84431475577357,28.1305382372254,67.0251149129062,5.6048,18.6719,10.3627,6.3485,20.0136,2.3576,11.9086,13.5331,11.1993,40.9879,24.2767,59.0122,26.2845,0.4073,188551,1217347,ISCO-08,9,,
BGR,Bulgaria,Europe & Central Asia,country,2025,6433302.0,14.3997234665952,63.3646779062722,22.2355986271326,56.115,3.536,10.152,3090210.0,2980940,46.3361,4.68922155611638,27.8764008685803,67.4343775753033,7.7312,21.8508,11.0666,6.2216,19.1308,2.1854,11.2662,11.6586,8.8887,46.8702,29.582,53.1297,,0.4342,185462,1397173,ISCO-08,9,,
BHR,Bahrain,"Middle East, North Africa, Afghanistan & Pakistan",country,2013,1253191.0,19.7594978694769,77.7848127947515,2.45568933577155,71.549,1.184,5.439,719472.0,710953,56.7314,1.08211937243246,35.0725572396001,63.8451831807411,,,,,,,,,,,,,,,,,,0,,
BHR,Bahrain,"Middle East, North Africa, Afghanistan & Pakistan",country,2014,1314562.0,20.3305333138337,77.0440675538981,2.62539913226817,71.169,1.144,5.398,745356.0,736829,56.0513,1.07817663941555,35.2116944251174,63.710128935467,,,,,,,,,,,,,,,,,,0,,
BHR,Bahrain,"Middle East, North Africa, Afghanistan & Pakistan",country,2015,1370322.0,20.5087796152302,76.9024568320374,2.58876355273245,71.359,1.164,5.427,777303.0,768255,56.0638,1.07451685159139,35.1573162473303,63.7681669010783,,,,,,,,,,,,,,,,,,0,,
BHR,Bahrain,"Middle East, North Africa, Afghanistan & Pakistan",country,2016,1423726.0,20.0882901838551,77.3742239109572,2.53748590518773,71.977,1.19,5.527,818900.0,809155,56.8336,1.04493207941484,35.3147657887514,63.6403021318337,,,,,,,,,,,,,,,,,,0,,
BHR,Bahrain,"Middle East, North Africa, Afghanistan & Pakistan",country,2017,1501116.0,19.7793852205979,77.608595170699,2.61201960870313,72.389,1.18,5.593,871711.0,861425,57.3856,1.02005540635245,35.312378004901,63.6675665887466,,,,,,,,,,,,,,,,,,0,,
BHR,Bahrain,"Middle East, North Africa, Afghanistan & Pakistan",country,2018,1503091.0,19.8433119628372,77.3842993458645,2.77238869129833,72.07,1.188,5.633,868320.0,858004,57.0826,0.993353468665851,35.2071981864164,63.7994483449178,,,,,,,,,,,,,,,,,,0,,
BHR,Bahrain,"Middle East, North Africa, Afghanistan & Pakistan",country,2019,1483756.0,20.1004529604647,76.895078686694,3.00446835284136,71.414,1.217,5.657,846623.0,836320,56.3651,0.963344658136244,35.096818108539,63.9398372333248,,,,,,,,,,,,,,,,,,0,,
BHR,Bahrain,"Middle East, North Africa, Afghanistan & Pakistan",country,2020,1472204.0,19.8945840303639,76.8265235048484,3.27889246478774,69.226,1.765,6.389,816393.0,801984,54.4751,0.952586068181199,34.5460981846898,64.501191970353,,,,,,,,,,,,,,,,,,0,,
BHR,Bahrain,"Middle East, North Africa, Afghanistan & Pakistan",country,2021,1504365.0,19.2911533673578,77.2446859974956,3.46416063514661,68.94,1.548,6.043,837039.0,824082,54.7794,0.936349392156934,35.1536412844628,63.9100093233803,,,,,,,,,,,,,,,,,,0,,
BHR,Bahrain,"Middle East, North Africa, Afghanistan & Pakistan",country,2022,1524693.0,19.0789580940866,77.4220895374444,3.49895236846893,70.285,1.265,5.33,867174.0,856204,56.1558,0.909630376289456,35.2218450643872,63.8685245593234,,,,,,,,,,,,,,,,,,0,,
BHR,Bahrain,"Middle East, North Africa, Afghanistan & Pakistan",country,2023,1577059.0,18.9918807542116,77.3701148429395,3.63800440284889,70.7,1.049,5.381,903224.0,893749,56.6719,0.88100328928879,35.1413180087999,63.9777911177961,,,,,,,,,,,,,,,,,,0,,
BHR,Bahrain,"Middle East, North Africa, Afghanistan & Pakistan",country,2024,1588670.0,18.7167655487684,77.4298348805279,3.85339957070368,70.569,1.084,5.469,911274.0,901396,56.739,0.855980346998311,35.0399201596806,64.104099493321,,,,,,,,,,,,,,,,,,0,,
BHR,Bahrain,"Middle East, North Africa, Afghanistan & Pakistan",country,2025,1600366.0,18.4203856616879,77.5636565111786,4.01595782713348,70.429,1.102,5.416,919501.0,909368,56.8225,0.834352490634819,34.9061554245227,64.2593849930069,,,,,,,,,,,,,,,,,,0,,
BHS,"Bahamas, The",Latin America & Caribbean,country,2013,378953.0,21.9739651091296,68.176396545218,9.84963834565236,73.815,16.18,34.465,218257.0,182943,48.2759,2.67569680173606,13.3921494673204,83.9316071125979,,,,,,,,,,,,,,,,,,0,,
BHS,"Bahamas, The",Latin America & Caribbean,country,2014,382298.0,21.6146827867266,68.3452437627192,10.0400734505543,73.862,13.8,28.993,221339.0,190794,49.9071,2.24011237250647,13.6078702684571,84.152541484533,,,,,,,,,,,,,,,,,,0,,
BHS,"Bahamas, The",Latin America & Caribbean,country,2015,385346.0,21.2751380900047,68.5149599127019,10.2099019972933,73.938,12.0,24.781,224301.0,197385,51.2228,1.88008207310586,13.5633406793829,84.5565772475112,,,,,,,,,,,,,,,,,,0,,
BHS,"Bahamas, The",Latin America & Caribbean,country,2016,388055.0,20.9269034970513,68.7082131293075,10.3648833736411,74.032,12.7,25.844,227165.0,198315,51.1049,1.58535662960442,13.7387489599879,84.6758944104077,,,,,,,,,,,,,,,,,,0,,
BHS,"Bahamas, The",Latin America & Caribbean,country,2017,390485.0,20.5708285849649,68.9149391141785,10.5142323008566,74.159,9.8,21.547,230010.0,207469,53.1311,1.31296091001109,14.1167397696052,84.5698173229865,,,,,,,,,,,,,,,,,,0,,
BHS,"Bahamas, The",Latin America & Caribbean,country,2018,392717.0,20.2132576215728,69.1191505344172,10.66759184401,74.297,10.0,24.16,232799.0,209519,53.3511,1.09058280554217,14.2663503896984,84.6430668047594,,,,,,,,,,,,,,,,,,0,,
BHS,"Bahamas, The",Latin America & Caribbean,country,2019,394675.0,19.8496482544477,69.3259888845112,10.8243628610412,74.401,9.336,19.235,235355.0,213382,54.0652,0.911046438061496,14.4670800118099,84.6218735501286,7.551,9.4511,10.3142,9.3542,29.1726,1.9623,12.2713,5.1357,14.7876,36.6705,17.0021,63.3295,20.0921,0.4002,19960,78248,ISCO-08,9,,
BHS,"Bahamas, The",Latin America & Caribbean,country,2020,395863.0,19.4868167608703,69.5367709747703,10.9764122643595,68.082,12.016,23.943,216992.0,190918,48.2283,0.933908798541782,14.3438544296504,84.7222367718078,,,,,,,,,,,,,,,,,,0,,
BHS,"Bahamas, The",Latin America & Caribbean,country,2021,396373.0,19.1382864120412,69.7697623198351,11.0919512681237,69.658,11.078,21.768,223263.0,198530,50.0867,0.921271344381202,14.8939706845313,84.1842542688762,,,,,,,,,,,,,,,,,,0,,
BHS,"Bahamas, The",Latin America & Caribbean,country,2022,397538.0,18.7512656006902,69.9966166798939,11.2521177194159,74.15,9.25,18.694,239500.0,217346,54.673,0.862211752581114,14.9423965253879,84.195391722031,,,,,,,,,,,,,,,,,,0,,
BHS,"Bahamas, The",Latin America & Caribbean,country,2023,399440.0,18.3282616559913,70.1737805755801,11.4979577684286,74.13,8.645,17.696,241834.0,220927,55.3092,0.830583581150505,14.8871356861254,84.2827333668283,5.7883,9.3246,10.1791,9.0389,31.1451,1.0797,13.4148,4.2937,15.7357,34.3309,15.1129,65.669,22.5,0.3937,19969,75846,ISCO-08,9,,
BHS,"Bahamas, The",Latin America & Caribbean,country,2024,401283.0,17.9127947109646,70.3113513405751,11.7758539484603,73.999,9.049,18.291,243754.0,221697,55.247,0.801096997690531,14.8419457274827,84.3569572748268,,,,,,,,,,,,,,,,,,0,,
BHS,"Bahamas, The",Latin America & Caribbean,country,2025,403033.0,17.548460732075,70.3571051962311,12.094434071694,73.775,9.207,19.248,245159.0,222587,55.228,0.7749709105122,14.7900390405635,84.4354393074231,,,,,,,,,,,,,,,,,,0,,
BIH,Bosnia and Herzegovina,Europe & Central Asia,country,2013,3610859.0,14.7763039210337,68.9007380238331,16.3229580551331,50.361,27.49,60.919,1549763.0,1123733,31.1209,20.0036485307989,29.8222008649688,50.1740616156762,2.9538,12.3138,9.5819,7.694,17.3243,14.1916,15.2129,9.6326,11.095,32.5435,15.2676,67.4564,18.5407,0.3527,86460,365702,ISCO-08,9,,
BIH,Bosnia and Herzegovina,Europe & Central Asia,country,2014,3564829.0,14.485393268513,68.7408428286462,16.7737639028408,50.065,27.517,64.598,1526206.0,1106240,31.0321,18.1480262801066,30.0237923914969,51.8282717250207,3.1405,12.7931,9.1778,6.3383,19.171,13.5741,15.5189,9.765,10.5213,31.4497,15.9336,68.5503,17.5409,0.349,70117,347909,ISCO-08,9,,
BIH,Bosnia and Herzegovina,Europe & Central Asia,country,2015,3518541.0,14.2790171095089,68.4674654164134,17.2535174740777,49.864,27.695,65.239,1503962.0,1087440,30.906,18.9793902788915,29.5088132949805,51.511888384548,3.0805,11.7209,9.3753,6.8546,18.559,13.3759,15.0498,9.7357,12.2484,31.0313,14.8014,68.9688,16.6571,0.3458,74540,337447,ISCO-08,9,,
BIH,Bosnia and Herzegovina,Europe & Central Asia,country,2016,3473003.0,14.1154787369893,68.1126823098051,17.7718389532056,49.624,25.408,56.261,1480171.0,1104089,31.7906,19.0488180646494,31.2821818003965,49.669090708183,3.0927,10.8296,9.6779,6.7088,18.0274,14.8224,17.0225,8.8974,10.9213,30.309,13.9223,69.691,17.3935,0.3395,74071,334638,ISCO-08,9,,
BIH,Bosnia and Herzegovina,Europe & Central Asia,country,2017,3428682.0,13.9625205891767,67.6985985141523,18.338880896671,49.408,20.527,47.925,1457512.0,1158329,33.7835,19.9970302252281,29.5183526037759,50.484617170996,2.3489,11.2484,8.6737,6.8849,19.381,15.2949,16.4681,8.9224,10.7776,29.1559,13.5973,70.844,14.0744,0.3377,79750,337721,ISCO-08,9,,
BIH,Bosnia and Herzegovina,Europe & Central Asia,country,2018,3387000.0,13.8188367286684,67.2051520519634,18.9760112193682,49.129,18.4,40.535,1434054.0,1170188,34.5494,16.7346185366321,32.1862841194301,51.0790118878029,2.4811,11.5298,9.2874,6.4241,18.7768,12.3979,17.7659,10.5849,10.7522,29.7224,14.0109,70.2777,19.8304,0.3408,75174,347808,ISCO-08,9,,
BIH,Bosnia and Herzegovina,Europe & Central Asia,country,2019,3345533.0,13.6840676806954,66.6702435755379,19.6456887437667,48.796,15.692,35.263,1409096.0,1187981,35.5095,19.0404119903467,31.740950463346,49.2186375463072,2.2235,10.3913,9.2685,6.7239,18.3033,15.5823,17.247,10.2914,9.9689,28.6072,12.6148,71.3929,17.9221,0.3325,79879,339848,ISCO-08,9,,
BIH,Bosnia and Herzegovina,Europe & Central Asia,country,2020,3299349.0,13.5633554432472,66.193927015007,20.2427175417457,47.468,15.868,37.924,1353715.0,1138908,34.5192,12.8188468086564,33.5152325602836,53.6660084343876,2.7314,14.4602,8.9893,6.4738,19.5893,9.3439,18.0001,9.3414,11.0706,32.6547,17.1916,67.3453,21.3135,0.3601,73731,371907,ISCO-08,9,,
BIH,Bosnia and Herzegovina,Europe & Central Asia,country,2021,3244907.0,13.4819559571421,65.8403513813568,20.6776926615011,47.716,14.897,35.816,1339593.0,1140034,35.133,18.5505156429682,30.5916583116454,50.8578260453864,2.443,13.8831,8.4471,6.4915,18.0664,14.8973,16.2093,9.1819,10.3805,31.2647,16.3261,68.7354,20.8362,0.3466,74005,356428,ISCO-08,9,,
BIH,Bosnia and Herzegovina,Europe & Central Asia,country,2022,3204802.0,13.3765050071736,65.5202255864793,21.1032694063471,48.838,12.657,31.728,1355798.0,1184195,36.9506,18.0218850385243,30.6730012464237,51.305113715052,2.5429,14.6047,8.2773,6.0238,18.1493,14.4401,16.2176,9.4874,10.2569,31.4487,17.1476,68.5513,20.0446,0.3475,71334,372414,ISCO-08,9,,
BIH,Bosnia and Herzegovina,Europe & Central Asia,country,2023,3185073.0,13.2199167805573,65.1376593252337,21.642423894209,49.428,10.668,27.27,1366194.0,1220448,38.3177,17.5725491192176,30.6296289316473,51.7978219491351,2.5869,15.4131,8.0873,5.6212,17.8185,15.0797,16.739,9.2468,9.4076,31.7085,18.0,68.2916,20.4721,0.3475,68604,386986,ISCO-08,9,,
BIH,Bosnia and Herzegovina,Europe & Central Asia,country,2024,3164253.0,13.0378165083513,64.7319446327459,22.2302388589029,49.241,10.69,27.334,1354967.0,1210121,38.2435,17.1160190131161,30.6375773482124,52.2463210016924,2.6194,15.9095,8.117,6.0049,18.2368,13.125,17.3466,9.3926,9.2482,32.6508,18.5289,67.3492,23.0319,0.3555,72667,395114,ISCO-08,9,,
BIH,Bosnia and Herzegovina,Europe & Central Asia,country,2025,3140095.0,12.8485423452885,64.2915796669242,22.8598779877873,48.991,11.037,28.201,1340707.0,1192733,37.984,16.7089925708187,30.6001614784247,52.6908459507566,2.5506,16.8583,8.3142,6.2961,18.942,11.0006,17.1757,10.0019,8.8607,34.0192,19.4089,65.9809,18.119,0.3666,75096,405758,ISCO-08,9,,
BLR,Belarus,Europe & Central Asia,country,2013,9443211.0,15.5795955666957,70.5764717728536,13.8439326604506,63.946,5.942,10.825,5097773.0,4794863,50.7758,10.4990025276513,32.9070570518392,56.5939404205095,,,,,,,,,,,,,,,,,,0,,
BLR,Belarus,Europe & Central Asia,country,2014,9448515.0,15.874273537951,70.0684624749577,14.0572639870913,64.14,5.908,10.799,5098253.0,4797048,50.7704,10.1937539545389,32.4326566579621,57.373589387499,,,,,,,,,,,,,,,,,,0,,
BLR,Belarus,Europe & Central Asia,country,2015,9461076.0,16.1689482974754,69.5172848567025,14.3137668458221,64.269,5.881,10.774,5097379.0,4797602,50.7088,9.73828547459337,32.18945862639,58.0722558990166,,,,,,,,,,,,,,,,,,0,,
BLR,Belarus,Europe & Central Asia,country,2016,9469379.0,16.4679233905532,68.9918011391333,14.5402754703135,64.383,5.844,10.729,5092675.0,4795059,50.6375,9.7382853989959,31.5459990640502,58.7157155369539,9.673,18.7517,11.5186,4.7601,14.4669,2.8069,16.32,13.4187,8.2841,44.7034,28.4247,55.2966,45.1586,0.4078,228250,2143554,ISCO-08,9,,
BLR,Belarus,Europe & Central Asia,country,2017,9458989.0,16.7137340186406,68.4886180343404,14.797647947019,64.479,5.648,9.348,5079681.0,4792781,50.6691,10.6964599733844,30.7723371341886,58.5312028924271,9.3818,18.4309,11.8551,4.3426,14.8626,3.0584,15.772,14.2355,8.061,44.0104,27.8127,55.9895,45.5266,0.4045,208131,2109322,ISCO-08,9,,
BLR,Belarus,Europe & Central Asia,country,2018,9438785.0,16.8691642464038,68.079682439857,15.0511533137392,64.412,4.763,10.651,5054114.0,4813387,50.9958,11.3147377559419,30.6288392446954,58.0564023144736,9.0483,21.2405,10.3464,3.6026,15.2814,3.1879,16.0245,13.3193,7.9492,44.2378,30.2888,55.7623,43.412,0.4068,173407,2129337,ISCO-08,9,,
BLR,Belarus,Europe & Central Asia,country,2019,9419758.0,16.9734318649001,67.6546230933346,15.3719450417652,64.251,4.165,10.207,5025008.0,4815716,51.1236,11.0571052693771,30.3871172641745,58.5557774664484,8.7885,21.5783,10.6248,3.4263,15.1185,3.0702,16.2271,13.2517,7.9146,44.4179,30.3668,55.5821,44.0549,0.4074,165001,2139040,ISCO-08,9,,
BLR,Belarus,Europe & Central Asia,country,2020,9379952.0,17.0467976281325,67.2194165637181,15.7337858081494,64.03,4.049,12.046,4982156.0,4780429,50.9643,10.8923635023735,30.5817046869511,58.5259318106754,8.8772,21.8849,10.5823,3.2099,14.9798,3.0845,15.8931,13.6742,7.8142,44.5543,30.7621,55.4458,42.4948,0.4076,153447,2129887,ISCO-08,9,,
BLR,Belarus,Europe & Central Asia,country,2021,9302585.0,17.0730697578141,66.8571610783922,16.0697691637937,64.02,3.9,10.493,4938726.0,4746116,51.0193,10.9072110999647,30.4510261090272,58.6417627910081,9.4213,22.1112,10.1459,3.2703,14.9226,3.1171,15.7783,13.6083,7.6248,44.9487,31.5325,55.0511,45.8573,0.4093,155212,2133317,ISCO-08,9,,
BLR,Belarus,Europe & Central Asia,country,2022,9228071.0,16.959852885083,66.5333622144506,16.5067849004664,64.042,3.574,10.283,4907541.0,4732145,51.2799,10.1083128421646,30.929820395535,58.9618880205372,9.3573,22.6688,10.0447,3.2717,14.8461,2.811,15.9671,13.5166,7.5167,45.3425,32.0261,54.6575,49.0531,0.4117,154822,2145673,ISCO-08,9,,
BLR,Belarus,Europe & Central Asia,country,2023,9178298.0,16.6752836870096,66.2627417811946,17.0619745317958,63.572,3.461,10.596,4861854.0,4693585,51.1379,10.1121848020227,30.980111095046,58.907725554821,9.8542,22.8323,10.1788,3.2135,14.7862,2.8049,15.4473,13.7207,7.162,46.0788,32.6865,53.9211,46.3766,0.4149,150828,2162748,ISCO-08,9,,
BLR,Belarus,Europe & Central Asia,country,2024,9132629.0,16.2972291440499,66.0362068021274,17.6665640538227,63.256,3.458,10.538,4835456.0,4668246,51.1161,9.74653787092157,31.0401302617223,59.2133534681989,9.9016,22.9462,9.9613,3.1055,15.116,2.6421,15.5709,13.8082,6.9482,45.9146,32.8478,54.0854,47.6291,0.4148,144972,2143406,ISCO-08,9,,
BLR,Belarus,Europe & Central Asia,country,2025,9085991.0,15.8888261684807,65.8266040410985,18.2845697904208,62.747,3.38,9.183,4795335.0,4633253,50.9934,9.47837477332961,31.0582019807505,59.4634450411494,,,,,,,,,,,,,,,,,,0,,
BLZ,Belize,Latin America & Caribbean,country,2013,341627.0,33.2557145658862,62.7488459635802,3.99543947053365,62.631,8.349,16.904,142809.0,130886,38.3125,17.8958627803033,16.9171410016427,65.186996218054,,,,,,,,,,,,,,,,,,0,,
BLZ,Belize,Latin America & Caribbean,country,2014,348923.0,32.5414669446654,63.4305612277798,4.02797182755483,63.492,8.244,18.272,149447.0,137127,39.3001,17.6706095124192,16.8888467540802,65.4405437335006,3.5798,7.5954,5.4365,6.608,27.7109,8.3941,11.3615,5.2675,24.0463,23.2197,11.1752,76.7803,16.7155,0.3218,9061,31840,ISCO-08,9,,
BLZ,Belize,Latin America & Caribbean,country,2015,356333.0,31.8369334302464,64.0869635986563,4.07610297109726,63.872,7.578,16.48,155137.0,143381,40.2379,18.0820198075045,15.4212581950063,66.4967219974892,1.8226,7.2254,6.9364,7.6573,27.394,8.7619,12.2502,5.4779,22.4743,23.6417,9.048,76.3583,19.567,0.3268,10979,33898,ISCO-08,9,,
BLZ,Belize,Latin America & Caribbean,country,2016,364705.0,31.1017123428524,64.7671405656627,4.1311470914849,64.249,7.0,16.547,161442.0,150141,41.1678,18.561761532416,15.7057985107432,65.7324399568408,1.7277,5.6653,6.7182,6.0476,30.6876,7.9554,12.941,5.629,22.6283,20.1588,7.393,79.8413,15.0373,0.3127,9080,30267,ISCO-08,9,,
BLZ,Belize,Latin America & Caribbean,country,2017,373202.0,30.4189559795446,65.38666109327,4.19438292718545,64.034,6.596,15.686,166282.0,155314,41.6166,17.4176185018736,15.6953011319005,66.8864365092651,1.8071,6.5315,8.0171,6.0784,27.5516,8.2396,14.5937,5.8873,21.2937,22.4341,8.3386,77.5659,17.142,0.3181,9441,34843,ISCO-08,9,,
BLZ,Belize,Latin America & Caribbean,country,2018,380226.0,29.8919196847142,65.8339174150145,4.27416290027129,67.295,9.346,22.006,179388.0,162622,42.7698,17.4213821008228,17.4865639335391,65.0920539656381,1.5158,8.6897,9.1941,6.4054,24.784,7.7145,14.0799,6.8149,20.8017,25.805,10.2055,74.195,17.5622,0.3319,10417,41965,ISCO-08,9,,
BLZ,Belize,Latin America & Caribbean,country,2019,385829.0,29.4165672053775,66.2083023934209,4.37513040120157,69.726,9.053,19.934,189886.0,172696,44.7597,16.8604583830359,15.704656791782,67.4348848251821,0.9621,6.301,7.7336,7.1285,27.9857,7.3728,13.892,6.571,22.0533,22.1252,7.2631,77.8748,17.9397,0.3209,12311,38209,ISCO-08,9,,
BLZ,Belize,Latin America & Caribbean,country,2020,390812.0,28.8946205523635,66.6198410231019,4.48553842453459,54.68,10.763,22.367,151949.0,135595,34.6957,17.7506545226594,15.6488071094067,66.6012758582544,,,,,,,,,,,,,,,,,,0,,
BLZ,Belize,Latin America & Caribbean,country,2021,395346.0,28.3162997522427,67.0852024742852,4.59849777347213,60.36,10.302,21.819,171060.0,153437,38.8108,17.5264114913613,15.8292980180791,66.6442904905596,,,,,,,,,,,,,,,,,,0,,
BLZ,Belize,Latin America & Caribbean,country,2022,402733.0,27.6108488750611,67.6808207919391,4.70833033299978,58.32,8.682,18.422,170023.0,155262,38.5521,17.0795172031791,15.7456428488619,67.1741958753591,,,,,,,,,,,,,,,,,,0,,
BLZ,Belize,Latin America & Caribbean,country,2023,411106.0,26.9925846285199,68.166079023511,4.84133634796907,57.62,8.278,17.833,172940.0,158624,38.5847,16.8366703651402,15.3822876739964,67.7810419608634,,,,,,,,,,,,,,,,,,0,,
BLZ,Belize,Latin America & Caribbean,country,2024,417072.0,26.5784164106154,68.3977447511997,5.02383883818482,56.85,8.698,18.553,174087.0,158945,38.1097,16.3899462078077,15.4135078171695,68.1965459750228,,,,,,,,,,,,,,,,,,0,,
BLZ,Belize,Latin America & Caribbean,country,2025,422924.0,26.270086351212,68.5019057797619,5.22800786902611,59.1,8.856,19.321,184286.0,167966,39.7154,16.1329308733263,15.3488482856752,68.5182208409985,,,,,,,,,,,,,,,,,,0,,
BMU,Bermuda,North America,country,2013,63574.0,16.129362076966,68.8415770722078,15.0290608508262,,,,,35926,56.5105,,,,18.6828,17.8478,6.6386,18.1122,21.3717,2.3047,8.395,4.6958,1.9512,61.2814,36.5306,38.7184,,0.5228,6507,22016,ISCO-88,9,,
BMU,Bermuda,North America,country,2014,63529.0,15.6936202364275,68.7245195107746,15.5818602527979,,,,,,,,,,,,,,,,,,,,,,,,,,,0,,
BMU,Bermuda,North America,country,2015,63464.0,15.3048602740158,68.5882436361058,16.1068960898784,,,,,,,,,,,,,,,,,,,,,,,,,,,0,,
BMU,Bermuda,North America,country,2016,63449.0,15.0610337517829,68.2931826599526,16.6457835882645,,,,,,,,,,,,,,,,,,,,,,,,,,,0,,
BMU,Bermuda,North America,country,2017,63578.0,14.9224973851223,67.9113222237077,17.16618039117,,,,,,,,,,,,,,,,,,,,,,,,,,,0,,
BMU,Bermuda,North America,country,2018,63831.0,14.7655527878304,67.5604330184393,17.6740141937303,,,,,,,,,,,,,,,,,,,,,,,,,,,0,,
BMU,Bermuda,North America,country,2019,64107.0,14.6185283978349,67.1486733118068,18.2327982903583,,,,,,,,,,,,,,,,,,,,,,,,,,,0,,
BMU,Bermuda,North America,country,2020,64382.0,14.4885216364822,66.6886707464819,18.8228076170358,,,,,,,,,,,,,,,,,,,,,,,,,,,0,,
BMU,Bermuda,North America,country,2021,64648.0,14.3330033411706,66.2224662789259,19.4445303799035,,,,,,,,,,,,,,,,,,,,,,,,,,,0,,
BMU,Bermuda,North America,country,2022,64749.0,14.1269681923133,65.731252461447,20.1417793462397,,,,,,,,,,,,,,,,,,,,,,,,,,,0,,
BMU,Bermuda,North America,country,2023,64698.0,13.8783269961977,65.2098982967016,20.9117747071007,,,,,,,,,,,,,,,,,,,,,,,,,,,0,,
BMU,Bermuda,North America,country,2024,64636.0,13.6068629953664,64.6492306978255,21.7439063068081,,,,,,,,,,,,,,,,,,,,,,,,,,,0,,
BMU,Bermuda,North America,country,2025,64555.0,13.352283729252,64.0381383172358,22.6095779535121,,,,,,,,,,,,,,,,,,,,,,,,,,,0,,
BOL,Bolivia,Latin America & Caribbean,country,2013,10682608.0,33.3429034063079,61.0995583241264,5.55753826956574,67.893,2.437,5.392,4834468.0,4716652,44.1526,31.1048260743279,18.8555909147767,50.0396042122938,2.2692,10.922,6.1229,2.9708,18.786,27.8777,16.3203,8.0764,6.6547,22.2849,13.1912,77.7151,13.3268,0.2872,140122,1051101,ISCO-08,9,,
BOL,Bolivia,Latin America & Caribbean,country,2014,10848888.0,32.9798900597052,61.4525672376484,5.56754270264645,67.716,2.021,4.774,4923587.0,4824081,44.4661,29.1229457953441,23.3470748449079,47.529979359748,1.7063,8.2228,5.7843,2.8372,18.8837,28.9336,16.0713,8.1399,9.4208,18.5506,9.9291,81.4493,10.8841,0.2662,136869,894896,ISCO-08,9,,
BOL,Bolivia,Latin America & Caribbean,country,2015,11014705.0,32.6203561511634,61.8000754445988,5.57956840423779,67.538,3.111,6.852,5012447.0,4856510,44.0911,27.9913929784824,23.2870379903222,48.7215690311953,2.1352,8.7561,4.6457,3.1093,19.2331,26.8866,18.6646,8.9162,7.6532,18.6463,10.8913,81.3537,10.474,0.2703,151003,905559,ISCO-08,9,,
BOL,Bolivia,Latin America & Caribbean,country,2016,11180020.0,32.2772200889274,62.1216939737896,5.60108593728302,67.359,3.498,6.772,5100033.0,4921634,44.0217,27.5245435383413,23.3493076119408,49.1261691680575,2.2516,8.447,4.9735,2.7606,19.3416,28.8686,18.081,8.7911,6.485,18.4327,10.6986,81.5673,10.1836,0.2673,135867,907190,ISCO-08,9,,
BOL,Bolivia,Latin America & Caribbean,country,2017,11344587.0,31.9477327844666,62.42532837796,5.62693883757342,68.634,3.655,6.654,5298716.0,5105048,44.9999,28.2661150516845,22.5328451854159,49.2010397628996,2.4236,7.8862,4.64,2.6357,19.8278,29.8751,17.9124,8.8503,5.9489,17.5855,10.3098,82.4145,8.5779,0.2629,134554,897748,ISCO-08,9,,
BOL,Bolivia,Latin America & Caribbean,country,2018,11508368.0,31.6221465980233,62.7195359063944,5.65831749558234,71.798,3.519,6.78,5649910.0,5451090,47.3663,28.7570263173778,22.1517147048685,49.0912589777537,2.4322,7.1937,4.767,2.722,20.8379,30.3188,17.1575,8.8079,5.763,17.1149,9.6259,82.8851,8.7363,0.2621,148379,932949,ISCO-08,9,,
BOL,Bolivia,Latin America & Caribbean,country,2019,11671386.0,31.2971112127176,63.0065128086121,5.69637597867023,74.158,3.682,6.927,5946418.0,5727471,49.0728,25.1991880579003,23.394212695168,51.4065992469317,2.2309,7.4607,4.9888,2.5686,21.2239,26.8904,18.9014,9.3457,6.3895,17.249,9.6916,82.7509,9.2947,0.2659,147116,987931,ISCO-08,9,,
BOL,Bolivia,Latin America & Caribbean,country,2020,11816299.0,31.0202276101753,63.326175000896,5.65359738892874,72.264,7.903,15.241,5890135.0,5424638,45.9081,27.8784641014283,20.1900673652984,51.9314869678021,1.4811,9.1502,5.1122,2.6489,21.8285,29.5151,16.5227,7.4681,6.2732,18.3924,10.6313,81.6076,6.4948,0.2722,143693,997721,ISCO-08,9,,
BOL,Bolivia,Latin America & Caribbean,country,2021,11937360.0,30.7897110747146,63.6895244714713,5.5207644538141,77.79,5.089,8.199,6426918.0,6099852,51.0988,27.6474189108283,20.4315924973622,51.9209885918095,1.9187,6.7735,5.2457,2.4194,22.8612,26.901,18.4897,8.4296,6.9612,16.3573,8.6922,83.6427,7.5353,0.2639,147580,997771,ISCO-08,9,,
BOL,Bolivia,Latin America & Caribbean,country,2022,12077154.0,30.4985263912342,64.0223930240519,5.47908058471391,78.267,3.552,6.044,6569575.0,6336224,52.4645,24.8081351819188,20.5131377765208,54.6787270415604,1.7316,7.0132,5.687,2.6435,23.6321,24.0608,19.1948,8.8602,7.1768,17.0753,8.7448,82.9247,8.7966,0.2717,167498,1081929,ISCO-08,9,,
BOL,Bolivia,Latin America & Caribbean,country,2023,12244159.0,30.1423997294384,64.307133535789,5.55046673477261,78.38,3.024,4.968,6704214.0,6501479,53.0986,25.0789048195618,20.1135460348867,54.807564526608,1.7226,7.3341,6.4489,2.8541,23.1922,24.3718,18.1581,8.6855,7.2329,18.3597,9.0567,81.6405,10.3782,0.2773,185559,1193652,ISCO-08,9,,
BOL,Bolivia,Latin America & Caribbean,country,2024,12413315.0,29.7865638630777,64.5719616395781,5.64147449734418,78.33,3.274,5.17,6827098.0,6603579,53.1975,24.9225193236035,19.9535494524033,55.1239312239933,1.6694,7.1014,6.1377,3.2454,23.5638,22.4963,19.0499,8.8627,7.8733,18.1539,8.7708,81.846,9.9702,0.279,214313,1198807,ISCO-08,9,,
BOL,Bolivia,Latin America & Caribbean,country,2025,12581843.0,29.4403184589221,64.8196359158049,5.74004562527309,78.626,2.967,5.013,6980187.0,6773085,53.8322,24.7143896755516,19.793531111996,55.4920644482231,1.1067,7.064,5.783,2.8958,24.1679,21.3341,20.0314,9.2608,8.3563,16.8495,8.1707,83.1505,9.2419,0.2744,196135,1141231,ISCO-08,9,,
BRA,Brazil,Latin America & Caribbean,country,2013,198478299.0,23.2696192059022,69.3600959635388,7.37028483055902,64.314,7.071,15.7,97945820.0,91020071,45.859,10.026069695524,23.6555352577017,66.3183950467743,5.1703,9.6581,8.2762,8.5036,19.5556,4.9888,13.8893,9.3341,20.624,31.6082,14.8284,68.3918,30.0002,0.3545,7739983,28769806,ISCO-08,9,,
BRA,Brazil,Latin America & Caribbean,country,2014,200085127.0,22.8142776949133,69.5321464348522,7.65357587023447,64.039,6.755,15.496,98900006.0,92219311,46.09,9.30650434255853,23.5736439351302,67.1198625659528,4.8158,9.9445,8.3588,8.5952,20.2564,4.6648,14.4701,8.7808,20.1136,31.7143,14.7603,68.2857,30.746,0.3573,7926434,29246709,ISCO-08,9,,
BRA,Brazil,Latin America & Caribbean,country,2015,201675532.0,22.4022029603472,69.6409897160951,7.95680732355772,64.275,8.538,19.493,100587656.0,91999482,45.6176,9.33239155729419,22.8198148101811,67.8477936325247,5.0429,10.2455,8.6878,8.286,20.6888,5.0589,14.3826,8.5398,19.0676,32.2622,15.2884,67.7377,30.6558,0.36,7623077,29681057,ISCO-08,9,,
BRA,Brazil,Latin America & Caribbean,country,2016,203218114.0,22.0157734610601,69.7156525862543,8.26857395268557,64.29,11.58,26.596,101885554.0,90087207,44.3303,9.79792938880965,21.3696192250729,68.8324502760797,5.1658,10.3768,8.4694,7.7036,21.6257,5.6782,14.1781,8.4456,18.3567,31.7156,15.5426,68.2843,29.2966,0.3578,6939958,28571698,ISCO-08,9,,
BRA,Brazil,Latin America & Caribbean,country,2017,204703445.0,21.6593948870768,69.7489521976535,8.5916529152697,64.525,12.792,28.593,103476109.0,90239445,44.083,9.19143068916888,20.9444754522106,69.8641049402985,4.9537,10.4938,8.1152,7.8407,22.7026,5.4495,14.0218,8.5016,17.9212,31.4034,15.4475,68.5967,28.7309,0.3593,7075404,28338254,ISCO-08,9,,
BRA,Brazil,Latin America & Caribbean,country,2018,206107261.0,21.3525316348572,69.7196181499875,8.92785021515533,64.501,12.329,27.958,104554923.0,91664347,44.4741,9.05694322318805,20.5300447836496,70.4130119931623,4.4798,10.9957,7.7356,8.3907,23.2363,5.595,13.5787,8.6446,17.3435,31.6018,15.4755,68.3981,28.9376,0.3634,7691280,28967584,ISCO-08,9,,
BRA,Brazil,Latin America & Caribbean,country,2019,207455459.0,21.0598118773538,69.6671137738846,9.27307434876159,64.887,11.936,27.098,106262669.0,93579157,45.1081,8.87727798547265,20.402627457781,70.7201052429598,4.4676,11.2673,7.8481,8.3455,23.3099,5.5159,13.4693,8.5897,17.1867,31.9285,15.7349,68.0715,29.5091,0.3653,7809649,29878421,ISCO-08,9,,
BRA,Brazil,Latin America & Caribbean,country,2020,208660842.0,20.7566949222876,69.6446402012395,9.59866487647293,60.479,13.697,30.267,100001874.0,86304617,41.3612,9.31407456340287,20.2564807940549,70.4294550707763,4.0605,12.6177,8.6016,8.7214,21.8718,6.0417,13.3592,8.5797,16.1464,34.0012,16.6782,65.9988,30.5088,0.3744,7526971,29344605,ISCO-08,9,,
BRA,Brazil,Latin America & Caribbean,country,2021,209550294.0,20.4706372304111,69.6182628596073,9.91109990998152,62.456,13.158,28.311,104085430.0,90389869,43.1352,9.4956089681342,20.7334776442454,69.7709244507317,3.6812,12.6014,8.5552,8.4815,21.647,6.1361,13.7477,8.6078,16.5421,33.3193,16.2826,66.6807,30.283,0.3702,7666417,30117272,ISCO-08,9,,
BRA,Brazil,Latin America & Caribbean,country,2022,210306415.0,20.2024769910192,69.5457382256878,10.251784783293,63.527,9.231,20.732,106610573.0,96769351,46.0135,8.73144037065037,20.4917034979733,70.7768561313763,3.5305,12.2926,8.3276,8.4457,22.7029,5.4299,13.6736,9.0552,16.542,32.5964,15.8231,67.4036,30.7174,0.3693,8172849,31543325,ISCO-08,9,,
BRA,Brazil,Latin America & Caribbean,country,2023,211140729.0,19.9359520540445,69.4304164782911,10.6336314676644,62.915,7.947,17.938,106356432.0,97904286,46.3692,8.20281833943009,20.171570324784,71.6256113357859,3.4383,12.8146,8.6068,8.5396,22.5224,5.0636,13.4372,9.2227,16.3547,33.3993,16.2529,66.6006,31.837,0.3738,8360634,32699346,ISCO-08,9,,
BRA,Brazil,Latin America & Caribbean,country,2024,211998573.0,19.6651396335929,69.285675877437,11.0491844889702,63.339,6.801,15.674,107871864.0,100535499,47.4227,7.71565234574918,20.3022250193292,71.9821226349216,3.5259,12.973,8.9166,8.5158,22.3696,4.6394,13.3979,9.418,16.2438,33.9313,16.4989,66.0687,31.7203,0.3764,8561402,34113002,ISCO-08,9,,
BRA,Brazil,Latin America & Caribbean,country,2025,212812405.0,19.3866212827208,69.1330392605638,11.4803394567154,63.139,5.97,13.981,108318282.0,101851681,47.8598,7.62782592703127,20.2130767653291,72.1590982894571,3.6706,13.4832,9.04,8.5091,22.3584,4.5244,13.2296,9.5454,15.6394,34.7029,17.1538,65.2972,32.7645,0.3806,8666661,35345487,ISCO-08,9,,
BRB,Barbados,Latin America & Caribbean,country,2013,277665.0,19.6735274521456,67.957430716871,12.3690418309834,68.292,11.55,29.111,152318.0,134725,48.5207,3.03286719515454,19.7915738843859,77.1755589204596,9.0476,11.4286,10.4762,11.9048,18.6508,2.6984,11.5873,5.9524,18.254,42.8572,20.4762,57.1429,,0.4133,16039,57739,ISCO-88,9,,
BRB,Barbados,Latin America & Caribbean,country,2014,278348.0,19.4463405521146,67.9205526894391,12.6331067584463,66.34,12.17,33.056,148747.0,130644,46.9355,2.95382872539114,19.5684455466765,77.4784911668351,8.4541,11.6747,10.628,11.5942,19.9678,3.5427,11.5942,5.8776,16.6667,42.351,20.1288,57.649,,0.4134,15147,55329,ISCO-88,9,,
BRB,Barbados,Latin America & Caribbean,country,2015,278990.0,19.184200150543,67.8941897559052,12.9216100935517,65.432,9.803,28.856,147528.0,133066,47.6956,2.89027332095861,19.3601719434571,77.7495547355843,,,,,,,,,,,,,,,,,,0,,
BRB,Barbados,Latin America & Caribbean,country,2016,279598.0,18.9089673548583,67.887946065326,13.2030865798156,66.064,8.247,26.183,149786.0,137433,49.1538,2.86173727025336,19.260881586798,77.8773811429486,,,,,,,,,,,,,,,,,,0,,
BRB,Barbados,Latin America & Caribbean,country,2017,280171.0,18.6586049234218,67.8255422581209,13.5158528184573,66.166,8.62,26.206,150789.0,137791,49.181,3.10540524849048,19.3109904784022,77.5836042731073,,,,,,,,,,,,,,,,,,0,,
BRB,Barbados,Latin America & Caribbean,country,2018,280711.0,18.4394598705784,67.6793351157153,13.8812050137063,65.714,8.321,24.207,150452.0,137933,49.137,3.09500333497666,18.2386973291187,78.6662993359047,,,,,,,,,,,,,,,,,,0,,
BRB,Barbados,Latin America & Caribbean,country,2019,281207.0,18.2400896135416,67.4642390405661,14.2956713458923,64.926,8.41,25.785,149274.0,136720,48.619,2.82767700409596,16.9112053832651,80.2603861907548,8.0941,12.2422,10.9863,9.5463,23.3673,3.4975,12.1559,4.5309,15.5795,40.8689,20.3363,59.1311,31.1903,0.4091,13052,55876,ISCO-08,9,,
BRB,Barbados,Latin America & Caribbean,country,2020,281698.0,18.0613635879559,67.167676021839,14.7709603902051,63.104,10.586,30.031,145656.0,130237,46.2328,2.96997013137588,16.4100831560924,80.6207145434861,,,,,,,,,,,,,,,,,,0,,
BRB,Barbados,Latin America & Caribbean,country,2021,282147.0,17.9002752116365,66.8376180459442,15.2621067424193,62.387,11.015,28.25,144514.0,128596,45.5777,2.93088431988553,16.7952346884818,80.2746586207969,8.1486,13.664,12.9263,9.1272,20.7948,3.6671,11.7319,4.6733,15.2669,43.8661,21.8126,56.134,27.5201,0.4182,11737,56410,ISCO-08,9,,
BRB,Barbados,Latin America & Caribbean,country,2022,282318.0,17.7254018518125,66.5758116733612,15.6987864748263,65.345,7.261,21.026,151781.0,140760,49.8587,2.85164214519647,16.1763556666975,80.9720021881061,8.2678,12.1563,14.5725,9.0015,22.3028,3.3348,11.2516,4.5175,14.5954,43.9981,20.4241,56.0021,30.4301,0.4207,12671,61932,ISCO-08,9,,
BRB,Barbados,Latin America & Caribbean,country,2023,282336.0,17.4867887906608,66.4197976878613,16.093413521478,65.019,6.54,18.264,151472.0,141566,50.141,1.36969851092086,16.231527789551,82.3987736995281,8.4105,14.1338,11.1666,8.09,24.6258,3.0696,11.9076,5.2093,13.3867,41.8009,22.5443,58.199,33.1061,0.4151,11453,59176,ISCO-08,9,,
BRB,Barbados,Latin America & Caribbean,country,2024,282467.0,17.2412755449742,66.2085018630462,16.5502225919796,64.975,6.448,18.049,151889.0,142095,50.305,1.30193671883797,16.1932777840333,82.5047854971287,10.5498,12.6304,10.234,11.427,19.9049,4.0767,10.7495,5.9406,14.4871,44.8412,23.1802,55.1588,37.7268,0.4241,16237,63717,ISCO-08,9,,
BRB,Barbados,Latin America & Caribbean,country,2025,282623.0,17.0636907405081,65.8497966375761,17.0865126219157,64.685,6.524,18.479,151620.0,141728,50.1474,1.24533440580262,16.1717079779015,82.5829576162959,,,,,,,,,,,,,,,,,,0,,
BRN,Brunei Darussalam,East Asia & Pacific,country,2013,411202.0,24.4727652102859,71.7757938920531,3.751440897661,66.184,6.709,23.338,205548.0,191758,46.6335,1.46018137538656,18.0462773197328,80.4935413048807,,,,,,,,,,,,,,,,,,0,,
BRN,Brunei Darussalam,East Asia & Pacific,country,2014,416750.0,24.0360839399113,72.023548861969,3.94036719811974,65.946,6.862,24.092,208771.0,194445,46.6575,1.43175261125139,17.8495939767649,80.7191676909389,7.7718,17.401,16.5482,11.6415,16.9182,2.0772,9.3883,3.9653,14.2885,53.3625,25.1728,46.6375,35.6406,0.4653,22636,103761,ISCO-08,9,,
BRN,Brunei Darussalam,East Asia & Pacific,country,2015,422212.0,23.5771645253623,72.2660325453002,4.15680292933755,65.682,7.703,25.886,211934.0,195609,46.3296,1.40279843974459,17.2558522358378,81.3408381004964,,,,,,,,,,,,,,,,,,0,,
BRN,Brunei Darussalam,East Asia & Pacific,country,2016,427564.0,23.1364193430691,72.4604971419483,4.40308351498255,65.421,8.537,27.629,215000.0,196645,45.9919,1.38015205064965,16.5826743624298,82.0371735869206,,,,,,,,,,,,,,,,,,0,,
BRN,Brunei Darussalam,East Asia & Pacific,country,2017,432772.0,22.7212019261875,72.6002375384729,4.67856053533962,65.191,9.316,29.255,218025.0,197714,45.6855,1.35853484596359,16.1274170135499,82.5140481404865,10.2208,17.7224,14.4069,10.5946,18.2292,1.1159,6.9264,3.1787,17.605,52.9447,27.9432,47.0552,32.559,0.4616,20947,104679,ISCO-08,9,,
BRN,Brunei Darussalam,East Asia & Pacific,country,2018,437810.0,22.3246640376694,72.6994274907237,4.97590847160694,66.433,8.7,30.809,225919.0,206264,47.1127,1.06078162346131,19.4043526953453,79.5353504991201,5.5258,16.9664,14.0223,11.0001,21.6635,0.9303,8.4526,4.2914,17.1476,47.5146,22.4922,52.4854,25.5009,0.4471,22689,98006,ISCO-08,9,,
BRN,Brunei Darussalam,East Asia & Pacific,country,2019,442680.0,21.9466657630794,72.7649769585253,5.28835727839523,64.793,6.6,20.141,223877.0,209101,47.2352,1.95358268413174,20.7629732715456,77.2834440443227,7.855,17.8418,13.7044,10.2979,18.6085,0.7244,11.2556,3.6035,16.109,49.6991,25.6968,50.301,22.6255,0.449,21533,103921,ISCO-08,9,,
BRN,Brunei Darussalam,East Asia & Pacific,country,2020,447404.0,21.5994063524313,72.7870926356186,5.61350101195006,63.954,7.409,26.852,224330.0,207709,46.4254,1.3364980477307,23.7151371884433,74.948364763826,6.6898,16.3332,12.4269,11.0182,20.2567,1.3534,10.3637,3.8816,17.6766,46.4681,23.023,53.532,25.0012,0.4376,22886,96518,ISCO-08,9,,
BRN,Brunei Darussalam,East Asia & Pacific,country,2021,451721.0,21.3389695619304,72.7380094549616,5.92302098310792,63.895,4.905,16.238,227037.0,215901,47.7952,1.40573688866656,23.566819977675,75.0269799584069,6.5631,15.4194,12.509,11.1176,19.4459,0.9735,9.1138,7.6874,17.1702,45.6091,21.9825,54.3908,25.9453,0.433,24003,98471,ISCO-08,9,,
BRN,Brunei Darussalam,East Asia & Pacific,country,2022,455370.0,21.1818094975619,72.6164137035967,6.20177679884138,64.083,5.191,18.299,230003.0,218064,47.8872,1.51653421258994,21.4708593388149,77.0126064485951,8.3309,17.0506,11.4987,10.5442,19.5606,1.3497,9.1062,5.0367,17.5224,47.4244,25.3815,52.5756,22.2639,0.4394,22993,103416,ISCO-08,9,,
BRN,Brunei Darussalam,East Asia & Pacific,country,2023,458949.0,21.0243633000217,72.4645575701849,6.51107912979343,64.733,5.296,17.955,234630.0,222204,48.4158,1.27134852951104,20.450034877703,78.2786165927859,8.4973,17.7451,12.9525,10.8597,19.4064,0.6493,9.6076,3.7303,16.5518,50.0546,26.2424,49.9454,27.5255,0.453,24131,111223,ISCO-08,9,,
BRN,Brunei Darussalam,East Asia & Pacific,country,2024,462721.0,20.825269627627,72.3068843786165,6.8678459937565,64.509,5.18,17.872,236334.0,224092,48.4292,1.23655122249443,20.4466042812964,78.3168444962091,6.7744,18.3535,15.2287,10.6874,20.7029,0.9402,9.1825,3.6579,14.4724,51.044,25.1279,48.9559,21.4089,0.4619,23950,114386,ISCO-08,9,,
BRN,Brunei Darussalam,East Asia & Pacific,country,2025,466330.0,20.625929464189,72.1355347763014,7.23853575950962,64.235,5.277,18.23,237763.0,225216,48.2954,1.20105852995764,20.3855819694696,78.4133595005728,,,,,,,,,,,,,,,,,,0,,
BTN,Bhutan,South Asia,country,2013,725273.0,27.8494442782235,66.7395587592534,5.41099696252308,65.3,2.87,9.389,341708.0,331901,45.7622,56.3443808376017,10.9581199156372,32.6974992467611,1.9964,10.8466,4.1799,2.6764,8.1269,58.2152,5.5287,4.977,3.4529,19.6993,12.843,80.3007,,0.232,8883,65382,ISCO-88,9,,
BTN,Bhutan,South Asia,country,2014,733139.0,27.419201939058,67.0640444281068,5.51675363283522,62.61,2.63,9.023,333159.0,324397,44.2477,56.6509554650629,10.8222332512323,32.5268112837048,2.6136,9.2996,3.4571,2.8476,8.4191,58.8319,6.1945,4.8621,3.4745,18.2179,11.9132,81.7821,,0.2239,9238,59098,ISCO-88,9,,
BTN,Bhutan,South Asia,country,2015,740618.0,26.9546513857346,67.4120801816861,5.63326843257928,63.14,2.45,10.115,341579.0,333210,44.9908,57.9856546922361,9.66117463461481,32.3531706731491,2.0891,8.9594,3.6672,2.6965,8.9519,59.8732,5.6349,4.5694,3.5584,17.4122,11.0485,82.5878,,0.22,8985,58019,ISCO-88,9,,
BTN,Bhutan,South Asia,country,2016,747866.0,26.4632300438849,67.7742403050814,5.76252965103374,62.961,2.707,11.614,346258.0,336885,45.0462,56.5725497646088,10.7802045795907,32.6472456558005,,,,,,,,,,,,,,,,,,0,,
BTN,Bhutan,South Asia,country,2017,754335.0,25.8193811896446,68.3439508599965,5.83666795035889,62.782,3.027,13.355,351309.0,340675,45.1623,55.4526881846681,11.7296199321349,32.8176918831969,,,,,,,,,,,,,,,,,,0,,
BTN,Bhutan,South Asia,country,2018,759759.0,25.0023362671584,69.1310007515541,5.86666298128749,62.603,3.35,15.199,356713.0,344763,45.3779,54.0002842532406,13.0565054834771,32.9435003176095,3.7609,6.7942,4.8601,2.2234,12.144,54.5517,6.8219,5.5321,3.3117,17.6386,10.5551,82.3614,16.6705,0.2276,7665,60811,ISCO-08,9,,
BTN,Bhutan,South Asia,country,2019,764824.0,24.1635330481261,69.9085018252565,5.92796512661737,66.364,2.72,11.56,384922.0,374452,48.9592,51.125905985782,15.4470242005694,33.4270698136487,4.3506,8.5737,4.4389,2.4536,11.2912,51.7472,8.7836,4.8135,3.5478,19.8168,12.9243,80.1833,19.2677,0.2393,9188,74204,ISCO-08,9,,
BTN,Bhutan,South Asia,country,2020,770006.0,23.3734542328242,70.6085407126698,6.01800505450607,67.827,5.03,21.989,400199.0,380069,49.3592,49.9154096514562,14.8589590782678,35.225631270276,4.5555,7.2781,5.1693,2.2554,12.0919,51.0733,8.8189,4.694,4.0635,19.2583,11.8336,80.7416,17.0884,0.237,8572,73195,ISCO-08,9,,
BTN,Bhutan,South Asia,country,2021,775442.0,22.6702465627646,71.2031146127722,6.12663882446322,69.094,4.803,20.609,414321.0,394421,50.864,49.8591606430692,15.6084488401987,34.5323905167321,4.1966,6.2966,6.3938,1.973,11.9594,50.1711,9.0871,4.9087,5.0138,18.86,10.4932,81.1401,16.4172,0.234,7782,74388,ISCO-08,9,,
BTN,Bhutan,South Asia,country,2022,780914.0,22.0389043871,71.7153414362264,6.24575417667363,63.094,5.947,27.177,384122.0,361278,46.2635,43.9557458681289,15.2398298258677,40.8044243060034,5.6793,8.6278,6.3954,2.2118,13.4086,44.4828,8.5239,5.2261,5.4442,22.9143,14.3071,77.0856,17.3681,0.2613,7991,82784,ISCO-08,9,,
BTN,Bhutan,South Asia,country,2023,786385.0,21.461497866821,72.1698023232895,6.36869980988956,64.993,3.126,14.939,401407.0,388859,49.4489,43.8134865324974,15.254769044031,40.9314872628336,10.7373,7.4687,5.4885,3.1178,9.9012,43.5283,8.3226,6.2767,5.1589,26.8123,18.206,73.1877,22.9855,0.2713,12124,104262,ISCO-08,9,,
BTN,Bhutan,South Asia,country,2024,791524.0,20.9093969927652,72.5963630942567,6.49423991297806,64.9,3.282,17.934,406288.0,392954,49.6452,43.2037500763452,15.5207251776298,41.2757792300332,11.5663,8.4008,5.9085,2.6876,8.7618,41.8438,8.9883,7.0099,4.8331,28.5632,19.9671,71.4369,28.276,0.2779,10561,112240,ISCO-08,9,,
BTN,Bhutan,South Asia,country,2025,796682.0,20.3610853270724,73.0116112900827,6.62730338284496,64.82,3.227,17.052,411263.0,397992,49.9562,42.369985477168,15.87888259622,41.751131926612,,,,,,,,,,,,,,,,,,0,,
BWA,Botswana,Sub-Saharan Africa,country,2013,2140682.0,34.3542071278669,62.2125420280681,3.43325084406492,61.587,18.167,34.602,865462.0,708234,33.0845,16.9330562129008,16.1766699235848,66.8901326676419,,,,,,,,,,,,,,,,,,0,,
BWA,Botswana,Sub-Saharan Africa,country,2014,2172044.0,34.4119410104031,62.1027474581546,3.48531153144227,61.917,18.484,34.6,882070.0,719028,33.1037,16.4146369617915,16.276116818654,67.3092462195544,,,,,,,,,,,,,,,,,,0,,
BWA,Botswana,Sub-Saharan Africa,country,2015,2203273.0,34.3502371244962,62.0886517467422,3.56111112876162,62.191,18.915,34.743,899557.0,729406,33.1056,16.5333625807159,16.2357247638502,67.2309126554339,,,,,,,,,,,,,,,,,,0,,
BWA,Botswana,Sub-Saharan Africa,country,2016,2234776.0,34.1854025158232,62.1749030271721,3.63969445700474,62.461,19.328,34.851,918682.0,741119,33.163,15.9770563161921,16.3440689012156,67.6788747825923,,,,,,,,,,,,,,,,,,0,,
BWA,Botswana,Sub-Saharan Africa,country,2017,2266747.0,33.9381942492921,62.3471212270271,3.71468452368085,62.766,19.671,34.872,939892.0,755006,33.3079,15.5945488813922,16.3889849152518,68.016466203356,,,,,,,,,,,,,,,,,,0,,
BWA,Botswana,Sub-Saharan Africa,country,2018,2299141.0,33.6297773820744,62.5862659140957,3.78395670382982,63.107,19.665,34.404,962977.0,773608,33.6477,15.2742822204211,16.4225485747821,68.3031692047968,,,,,,,,,,,,,,,,,,0,,
BWA,Botswana,Sub-Saharan Africa,country,2019,2332083.0,33.2697635547277,62.8846829208051,3.84555352446718,63.48,20.094,34.588,987878.0,789374,33.8485,14.8886521327687,16.5090521211138,68.6022957461175,6.8195,8.5178,5.8813,4.7232,20.5623,14.4582,9.6174,5.845,23.5752,25.9418,15.3373,74.0581,13.6146,0.3105,37284,204778,ISCO-08,9,,
BWA,Botswana,Sub-Saharan Africa,country,2020,2365894.0,32.8742396899945,63.2353062384254,3.89045407158014,61.298,21.017,40.436,973488.0,768890,32.4989,19.4434039808138,15.0395116063718,65.5169543548605,7.6667,7.0141,5.3266,4.0878,19.6305,18.7618,8.6312,5.4994,23.3819,24.0952,14.6808,75.9048,10.5656,0.2937,31431,185266,ISCO-08,9,,
BWA,Botswana,Sub-Saharan Africa,country,2021,2401441.0,32.5854419461985,63.545526112348,3.86903194145347,63.994,23.106,43.355,1036012.0,796631,33.173,17.5933771426061,15.9515964023675,66.4550264550265,7.1802,8.21,5.8927,3.7676,20.766,15.3909,9.9832,5.8502,22.9592,25.0505,15.3902,74.9495,9.7109,0.3036,30014,199560,ISCO-08,9,,
BWA,Botswana,Sub-Saharan Africa,country,2022,2439892.0,32.4232245573215,63.6966233949337,3.88015204774475,64.621,23.615,42.611,1065472.0,813861,33.3564,17.638436141887,15.7001397047892,66.6614241533238,8.7977,8.2386,6.61,3.8521,19.7916,13.5827,9.2432,4.9056,24.9785,27.4984,17.0363,72.5016,12.3048,0.3126,31351,223799,ISCO-08,9,,
BWA,Botswana,Sub-Saharan Africa,country,2023,2480244.0,32.2812529167991,63.7490779638862,3.96966911931465,68.276,23.381,44.361,1146757.0,878634,35.4253,17.9988800848586,15.7904620560458,66.2106578590955,6.3878,9.549,5.9739,3.5036,20.6864,13.4361,8.9421,4.5816,26.9396,25.4143,15.9368,74.5858,11.1465,0.3059,30784,223299,ISCO-08,9,,
BWA,Botswana,Sub-Saharan Africa,country,2024,2521139.0,32.1296445773121,63.8344613287883,4.03589409389962,68.569,23.81,45.296,1173288.0,893928,35.4573,18.106370268946,15.7493729962167,66.1442567348372,5.6522,8.3368,6.8278,3.7564,19.4626,17.1965,8.3684,4.4845,25.9148,24.5732,13.989,75.4268,8.7929,0.2973,33580,219667,ISCO-08,9,,
BWA,Botswana,Sub-Saharan Africa,country,2025,2562122.0,31.9566554598103,63.9604203078542,4.08292423233554,68.798,24.477,46.004,1199393.0,905818,35.3542,18.0285048740906,15.7727337962707,66.1987613296387,,,,,,,,,,,,,,,,,,0,,
CAF,Central African Republic,Sub-Saharan Africa,country,2013,4642419.0,47.5892201888714,50.5153670963349,1.89541271479373,73.105,5.566,9.798,1778738.0,1679733,36.1823,65.6313104854073,14.9830569420102,19.3856325725825,,,,,,,,,,,,,,,,,,0,,
CAF,Central African Republic,Sub-Saharan Africa,country,2014,4623182.0,48.4540301463364,49.6389607850178,1.90700906864579,73.298,5.633,9.726,1746738.0,1648344,35.6539,65.5782260099785,14.7965361767389,19.6252378132826,,,,,,,,,,,,,,,,,,0,,
CAF,Central African Republic,Sub-Saharan Africa,country,2015,4629320.0,49.0065874678584,49.0395620696385,1.95385046250308,73.421,5.775,9.809,1733211.0,1633118,35.2777,64.9199143238182,14.7258080515527,20.3543388568916,,,,,,,,,,,,,,,,,,0,,
CAF,Central African Republic,Sub-Saharan Africa,country,2016,4713663.0,48.9993292902644,48.9686631215826,2.03200758815304,73.419,5.793,9.746,1764993.0,1662747,35.2751,64.5362704614863,14.6397731960995,20.8239563424142,,,,,,,,,,,,,,,,,,0,,
CAF,Central African Republic,Sub-Saharan Africa,country,2017,4793511.0,49.0251038356962,48.87737285649,2.09752330781376,73.425,5.836,9.726,1794130.0,1689425,35.244,64.1499025108055,14.5525263729876,21.2975119242248,,,,,,,,,,,,,,,,,,0,,
CAF,Central African Republic,Sub-Saharan Africa,country,2018,4878657.0,49.0475247593754,48.7904355645416,2.16203967608299,73.43,5.825,9.574,1825321.0,1718996,35.235,63.9355114938651,14.4772205300279,21.5872679761071,,,,,,,,,,,,,,,,,,0,,
CAF,Central African Republic,Sub-Saharan Africa,country,2019,4944703.0,49.0201283049631,48.7913178211798,2.18855387385715,73.424,5.916,9.637,1850874.0,1741376,35.217,63.620639457259,14.4161278707786,21.9631752463416,,,,,,,,,,,,,,,,,,0,,
CAF,Central African Republic,Sub-Saharan Africa,country,2020,5026628.0,48.9114124904993,48.887967352272,2.20062015722865,72.726,6.519,10.863,1867628.0,1745877,34.7326,65.4185169635447,14.0988755884531,20.4826074480022,,,,,,,,,,,,,,,,,,0,,
CAF,Central African Republic,Sub-Saharan Africa,country,2021,5112100.0,49.0033156628391,48.7749163748753,2.22176796228556,72.626,6.701,10.831,1893361.0,1766487,34.555,66.1172164282564,13.6905722241752,20.1922113475683,,,,,,,,,,,,,,,,,,0,,
CAF,Central African Republic,Sub-Saharan Africa,country,2022,5098039.0,49.2152326399197,48.6410707488634,2.14369661121692,73.426,6.287,10.078,1901019.0,1781502,34.9448,66.0275239811822,13.5791110978888,20.393364920929,,,,,,,,,,,,,,,,,,0,,
CAF,Central African Republic,Sub-Saharan Africa,country,2023,5152421.0,49.1664451688289,48.7382774756059,2.09527735556521,73.425,6.181,9.861,1923117.0,1804249,35.0175,65.8703779143077,13.5120230345657,20.6175990511266,,,,,,,,,,,,,,,,,,0,,
CAF,Central African Republic,Sub-Saharan Africa,country,2024,5330690.0,49.0033606346796,48.8455667883113,2.15107257700903,73.421,6.253,9.991,1995930.0,1871124,35.101,66.0527786892868,13.4482084126524,20.4990663415875,,,,,,,,,,,,,,,,,,0,,
CAF,Central African Republic,Sub-Saharan Africa,country,2025,5513282.0,48.682635860092,49.1193811598971,2.19798298001082,73.389,6.251,10.086,2076374.0,1946580,35.3071,66.0601029284997,13.3934965380557,20.5464005334446,,,,,,,,,,,,,,,,,,0,,
CAN,Canada,North America,country,2013,35080992.0,16.2714380359575,68.4998731704546,15.2286887935879,66.541,7.143,13.243,19544962.0,18148865,51.7342,1.80262100437915,20.3996297237902,77.7977383182095,8.4356,18.5709,16.6184,12.5643,15.1301,2.0322,10.1229,8.5339,7.9918,56.1892,27.0065,43.8109,,0.4809,2280278,10197702,ISCO-88,9,,
CAN,Canada,North America,country,2014,35434066.0,16.2409277800845,68.1358280352841,15.6232441846315,66.022,7.023,13.203,19594831.0,18218686,51.4157,1.72755587442517,20.235644522482,78.0368050611121,8.1559,18.7256,16.8432,12.1785,15.3468,1.9431,10.208,8.6053,7.9936,55.9032,26.8815,44.0968,,0.4795,2218763,10184828,ISCO-88,9,,
CAN,Canada,North America,country,2015,35704498.0,16.2326789820677,67.7571212622664,16.0101997556659,65.887,6.945,12.759,19705946.0,18337368,51.3587,1.64394121632256,20.0427497375313,78.3133144603838,,,,,,,,,,,,,,,,,,0,,
CAN,Canada,North America,country,2016,36110803.0,16.2216897081515,67.3902081027321,16.3881021891164,65.638,7.038,12.597,19857477.0,18459908,51.1202,1.94789240379432,19.512114275149,78.5399933210567,,,,,,,,,,,,,,,,,,0,,
CAN,Canada,North America,country,2017,36545075.0,16.1718572232365,67.0699290855306,16.7582136912329,65.792,6.426,11.236,20155417.0,18860230,51.6081,1.51620180760819,19.7527741407839,78.7310240516079,,,,,,,,,,,,,,,,,,0,,
CAN,Canada,North America,country,2018,37072620.0,16.0849877885792,66.7853309042324,17.1296813071885,65.547,5.837,10.709,20391340.0,19201097,51.7932,1.51886551919167,19.7053476787122,78.7757868020961,,,,,,,,,,,,,,,,,,0,,
CAN,Canada,North America,country,2019,37618495.0,15.9834514706633,66.4846890068848,17.5318595224519,65.809,5.69,10.744,20799435.0,19615947,52.1444,1.53796177745857,19.3032285244059,79.1588096981356,,,,,,,,,,,,,,,,,,0,,
CAN,Canada,North America,country,2020,38028638.0,15.8763047751721,66.1382867429556,17.9854084818723,64.097,9.657,20.125,20505333.0,18525133,48.7136,1.55065027703378,19.4918333275611,78.9575271510748,,,,,,,,,,,,,,,,,,0,,
CAN,Canada,North America,country,2021,38239864.0,15.7430879139749,65.7746528539238,18.4822592321013,65.195,7.527,13.557,21005652.0,19424557,50.7966,1.36487110992612,19.3361552874421,79.298968483162,,,,,,,,,,,,,,,,,,0,,
CAN,Canada,North America,country,2022,38950132.0,15.5479076554421,65.5113452142292,18.9407471303288,65.247,5.279,10.082,21462479.0,20329475,52.1936,1.30655614451438,19.3705526005618,79.3228912549238,,,,,,,,,,,,,,,,,,0,,
CAN,Canada,North America,country,2023,40049088.0,15.3045433897864,65.3373373940366,19.3581192161771,65.361,5.415,10.806,22170293.0,20969772,52.3602,1.27154303625992,19.2138940692638,79.5145677542417,,,,,,,,,,,,,,,,,,0,,
CAN,Canada,North America,country,2024,41262329.0,15.1113205709867,65.0890886641808,19.7995907648324,64.739,6.351,13.276,22676159.0,21235996,51.4658,1.12952160290491,18.9328243442541,79.9376491637297,,,,,,,,,,,,,,,,,,0,,
CAN,Canada,North America,country,2025,41651653.0,14.980307512278,64.7593251011302,20.2603673865917,64.516,6.907,13.8,22846475.0,21268469,51.0627,1.10470724220992,18.748427284978,80.1468654728121,,,,,,,,,,,,,,,,,,0,,
CHE,Switzerland,Europe & Central Asia,country,2013,8089346.0,14.9102444853064,67.569206651867,17.5205488628266,67.602,4.747,8.743,4653184.0,4432297,54.7918,3.52862175238294,21.6724648449492,74.7989134026679,6.3846,23.8562,14.958,14.6941,14.5992,3.135,12.6872,4.1011,5.5845,59.8929,30.2408,40.107,46.1305,0.5065,651286,2654631,ISCO-08,9,,
CHE,Switzerland,Europe & Central Asia,country,2014,8188649.0,14.8787479920449,67.4070238883851,17.7142281195699,67.991,4.826,8.597,4739164.0,4510452,55.0818,3.52826171526484,21.1175898823292,75.354148402406,6.6097,24.4591,15.1575,14.5291,14.5326,3.0814,12.2098,4.033,5.3878,60.7554,31.0688,39.2446,46.0965,0.5104,655328,2740343,ISCO-08,9,,
CHE,Switzerland,Europe & Central Asia,country,2015,8282396.0,14.8583873314297,67.2522559933481,17.8893566752222,68.217,4.801,8.815,4810503.0,4579551,55.2926,3.38750816792445,20.7132232720296,75.8992903921193,6.744,25.0601,15.2222,14.3544,14.5252,3.011,11.7013,4.0587,5.3231,61.3807,31.8041,38.6193,47.3301,0.5134,657367,2810960,ISCO-08,9,,
CHE,Switzerland,Europe & Central Asia,country,2016,8373338.0,14.8761877901601,67.0852228581568,18.0385893516831,68.663,4.918,8.579,4894095.0,4653403,55.574,3.2713492185756,20.567385943664,76.1612648377604,6.7045,25.6929,15.6796,13.5958,14.4779,2.9885,11.4335,3.9366,5.4906,61.6728,32.3974,38.3271,47.2094,0.5134,632667,2869884,ISCO-08,9,,
CHE,Switzerland,Europe & Central Asia,country,2017,8451840.0,14.9285135328879,66.8710108843209,18.2004755827912,68.538,4.797,8.059,4927955.0,4691561,55.5093,3.13542145484868,20.4801106777285,76.3844891778296,6.9861,25.6142,16.2219,13.3384,14.2815,2.8236,11.2768,3.9028,5.5547,62.1606,32.6003,37.8394,48.3352,0.5145,625779,2916302,ISCO-08,9,,
CHE,Switzerland,Europe & Central Asia,country,2018,8514329.0,14.9873869005651,66.6250290837812,18.3875840156537,68.575,4.713,7.937,4963632.0,4729696,55.5498,3.01064213419328,20.4288137907651,76.5605229370481,7.3917,26.1363,16.3392,13.1217,14.1908,2.7257,10.9213,3.6851,5.4882,62.9889,33.528,37.0111,48.1004,0.5179,620617,2979183,ISCO-08,9,,
CHE,Switzerland,Europe & Central Asia,country,2019,8575280.0,15.0312374526728,66.3866169304802,18.582145616847,68.323,4.394,7.993,4978225.0,4759482,55.5024,2.53795004633741,20.4145076849526,77.0475212635368,7.4195,26.4932,17.0989,12.9922,13.7616,2.6053,10.8567,3.6112,5.1615,64.0038,33.9127,35.9963,50.7797,0.5219,618361,3046249,ISCO-08,9,,
CHE,Switzerland,Europe & Central Asia,country,2020,8638167.0,15.0518920514782,66.1965690619318,18.75153888659,67.984,4.817,8.603,4988638.0,4748335,54.9692,2.50319286415389,20.4312566768021,77.0655294048787,7.7466,26.5575,17.2088,12.9402,13.317,2.6417,10.9356,3.5879,5.0646,64.4531,34.3041,35.5468,51.5556,0.5229,614444,3060449,ISCO-08,9,,
CHE,Switzerland,Europe & Central Asia,country,2021,8704546.0,15.0790106400884,65.9929595917595,18.9280297681521,67.736,5.013,8.315,5007036.0,4756033,54.6385,2.33431832389331,20.1954384385104,77.470222217738,8.3659,26.5057,17.1031,13.1065,13.1622,2.4279,10.0215,3.5693,5.7379,65.0812,34.8716,34.9188,51.7209,0.5253,623349,3095283,ISCO-08,9,,
CHE,Switzerland,Europe & Central Asia,country,2022,8777088.0,15.0704227915209,65.7109122627352,19.2186649457438,67.078,4.122,6.835,5000225.0,4794116,54.6208,2.21838938288233,20.0859452793815,77.6956653377362,8.5332,26.6253,17.2216,13.0269,13.1437,2.1739,9.5141,3.6719,6.0893,65.407,35.1585,34.5929,51.8649,0.5267,624525,3135687,ISCO-08,9,,
CHE,Switzerland,Europe & Central Asia,country,2023,8888822.0,15.0109897220706,65.3776294419259,19.6113808360035,67.454,4.043,7.865,5095827.0,4889803,55.0107,2.24192024656799,19.9140536785394,77.8440260748926,8.7923,26.6785,16.9296,12.68,13.5142,2.1502,9.5041,3.8293,5.9218,65.0804,35.4708,34.9196,49.2665,0.5251,620027,3182303,ISCO-08,9,,
CHE,Switzerland,Europe & Central Asia,country,2024,9005582.0,14.9508108120831,65.0301373652331,20.0190518226838,67.103,4.343,8.238,5139536.0,4916326,54.592,2.29534355215188,19.8525177249123,77.8521387229358,8.8682,27.1158,17.2067,12.1776,13.2483,2.1618,9.4563,3.7428,6.0224,65.3683,35.984,34.6316,48.2733,0.525,598691,3213719,ISCO-08,9,,
CHE,Switzerland,Europe & Central Asia,country,2025,9092436.0,14.8834431802057,64.6844363881088,20.4321204316855,66.747,4.873,9.041,5165662.0,4913939,54.0443,2.24176495349087,19.5896920575442,78.1685429889649,8.9748,27.2629,17.6993,11.8092,13.4534,2.0237,9.0996,3.7233,5.9538,65.7462,36.2377,34.2538,49.1682,0.5265,580297,3230728,ISCO-08,9,,
CHI,Channel Islands,Europe & Central Asia,country,2013,161777.0,15.5494429076973,67.7931109085009,16.6574461838018,59.337,8.572,21.659,81067.0,74118,45.8149,2.70878546740616,14.4575730782627,82.8336414543311,,,,,,,,,,,,,,,,,,0,,
CHI,Channel Islands,Europe & Central Asia,country,2014,162726.0,15.5377274137894,67.4813260286432,16.9809465575675,58.914,8.319,20.544,80973.0,74237,45.6209,2.66142931580424,14.3586249281868,82.9799457560089,,,,,,,,,,,,,,,,,,0,,
CHI,Channel Islands,Europe & Central Asia,country,2015,163454.0,15.4621010739992,67.2205414962574,17.3173574297434,58.991,7.928,18.882,81514.0,75052,45.9163,2.61237287242451,14.1842757021658,83.2033514254097,,,,,,,,,,,,,,,,,,0,,
CHI,Channel Islands,Europe & Central Asia,country,2016,163883.0,15.3534250253231,66.9792899769346,17.6672849977423,58.909,7.469,17.624,81720.0,75616,46.1402,2.56060310651849,14.0235263534152,83.4145707415351,,,,,,,,,,,,,,,,,,0,,
CHI,Channel Islands,Europe & Central Asia,country,2017,164319.0,15.2970280459714,66.7014566134877,18.0015153405408,58.738,6.881,15.811,81753.0,76128,46.3294,2.50784100364847,13.893618383153,83.5972604493375,,,,,,,,,,,,,,,,,,0,,
CHI,Channel Islands,Europe & Central Asia,country,2018,164949.0,15.2267815301047,66.4673127229849,18.3059057469104,58.55,6.344,14.013,81872.0,76678,46.4859,2.45418889435385,13.7225227952026,83.8232883104435,,,,,,,,,,,,,,,,,,0,,
CHI,Channel Islands,Europe & Central Asia,country,2019,165639.0,15.0908596957257,66.3239555662883,18.585184737986,58.377,6.185,13.75,82103.0,77025,46.5017,2.39994009509903,13.5559798819374,84.0440800229636,,,,,,,,,,,,,,,,,,0,,
CHI,Channel Islands,Europe & Central Asia,country,2020,166235.0,14.9438597652126,66.1901338763381,18.8660063584493,57.535,6.633,15.857,81350.0,75954,45.6907,2.29693993199849,13.1910338748268,84.5120261931747,,,,,,,,,,,,,,,,,,0,,
CHI,Channel Islands,Europe & Central Asia,country,2021,166741.0,14.7930023209649,66.1007190792906,19.1062785997445,57.819,6.643,15.619,82146.0,76689,45.9929,2.26744691689341,13.1611316113161,84.5714214717905,,,,,,,,,,,,,,,,,,0,,
CHI,Channel Islands,Europe & Central Asia,country,2022,167215.0,14.6107429911013,66.045713328868,19.3435436800306,57.729,5.923,13.183,82427.0,77545,46.3744,2.21399499828372,13.1270534006767,84.6601775118913,,,,,,,,,,,,,,,,,,0,,
CHI,Channel Islands,Europe & Central Asia,country,2023,167691.0,14.3963766797959,65.9392396156037,19.6643837046004,57.084,5.928,13.382,81944.0,77086,45.9691,2.16110987900742,12.9555703407999,84.8845518838865,,,,,,,,,,,,,,,,,,0,,
CHI,Channel Islands,Europe & Central Asia,country,2024,168126.0,14.2039726275907,65.7660497663948,20.0299776060146,56.728,6.031,13.699,81828.0,76893,45.7353,2.10944438961808,12.7886608112109,85.101894799171,,,,,,,,,,,,,,,,,,0,,
CHI,Channel Islands,Europe & Central Asia,country,2025,168466.0,14.033478764135,65.5521918499392,20.4143293859259,56.356,6.169,14.126,81617.0,76582,45.4584,2.0609894726437,12.6464192161321,85.2925913112242,,,,,,,,,,,,,,,,,,0,,
CHL,Chile,Latin America & Caribbean,country,2013,17687006.0,20.4792936554866,68.8419518588406,10.6787544856729,61.811,6.361,16.682,8693613.0,8140612,46.0259,7.7117287101238,23.8773245183287,68.4109590555563,2.6169,12.2339,11.2404,9.7312,14.7557,3.2959,14.2688,8.66,23.1973,35.8224,14.8508,64.1777,28.3824,0.3715,792179,2916163,ISCO-88,9,,
CHL,Chile,Latin America & Caribbean,country,2014,17864195.0,20.1994688257713,68.8459541557848,10.9545770184439,62.118,6.761,16.976,8855370.0,8256658,46.219,7.51091993941879,23.4417323659556,69.0473355832274,2.7131,12.2897,11.6919,9.1162,14.8796,3.4135,14.4005,8.5997,22.8959,35.8109,15.0028,64.1892,27.0852,0.3703,752693,2956784,ISCO-88,9,,
CHL,Chile,Latin America & Caribbean,country,2015,18047625.0,19.9392518422991,68.8110909659556,11.2496571917453,62.262,6.605,15.813,8996276.0,8402072,46.555,7.45055621763203,23.5687097514799,68.9807459327921,2.4611,12.4839,11.9921,9.556,14.4527,3.2859,14.3699,8.835,22.5633,36.4931,14.945,63.5068,27.8816,0.3742,802902,3066177,ISCO-88,9,,
CHL,Chile,Latin America & Caribbean,country,2016,18267221.0,19.659393739765,68.7957087507807,11.5448975094543,62.324,6.926,15.799,9146668.0,8513170,46.6035,7.51260626996306,22.7252683589672,69.7621136246386,2.3335,12.6547,11.2784,9.4803,15.2401,3.2285,13.6957,8.7117,23.3771,35.7469,14.9882,64.2531,27.049,0.3721,807074,3043194,ISCO-88,9,,
CHL,Chile,Latin America & Caribbean,country,2017,18558868.0,19.3360155192659,68.8509010584832,11.8130834222508,62.951,7.257,17.732,9423968.0,8740071,47.0938,7.41522665150279,22.3756674717708,70.2091058767264,,,,,,,,,,,,,,,,,,0,,
CHL,Chile,Latin America & Caribbean,country,2018,18893191.0,19.0082501150811,68.9280916071827,12.0636582777361,63.207,7.623,18.138,9671888.0,8934600,47.2901,7.25607207765418,22.0445356953305,70.6993922270154,4.5901,13.3473,10.5035,6.641,21.2805,2.7737,12.6054,8.2374,20.021,35.0819,17.9374,64.918,25.095,0.3747,593347,3134427,ISCO-88,9,,
CHL,Chile,Latin America & Caribbean,country,2019,19197744.0,18.7029345739791,68.97100513477,12.3260602912509,63.072,7.493,18.953,9843775.0,9106181,47.4336,7.03079649547351,21.8634274841904,71.1057760203361,3.9307,14.238,11.7435,5.7944,21.388,2.8328,12.2772,8.0711,19.7244,35.7066,18.1687,64.2935,25.9697,0.3771,527649,3251508,ISCO-08,9,,
CHL,Chile,Latin America & Caribbean,country,2020,19370624.0,18.4128141664409,68.9603700944275,12.6268157391316,56.358,10.934,24.377,8906788.0,7932920,40.9534,7.18474393125985,21.9328804373859,70.8823756313542,3.7282,15.3905,12.6559,5.8649,20.6826,2.6679,12.4891,8.1,18.4209,37.6395,19.1187,62.3605,24.5627,0.3865,465258,2985911,ISCO-08,9,,
CHL,Chile,Latin America & Caribbean,country,2021,19456334.0,18.0965848962091,68.9469814817118,12.9564336220791,57.552,9.281,20.477,9171143.0,8319969,42.7623,6.54762033540089,23.0031680463618,70.4492116182373,4.048,15.399,12.2798,5.9524,20.6606,2.419,13.074,7.8067,18.3605,37.6792,19.447,62.3208,22.8503,0.3867,495238,3134898,ISCO-08,9,,
CHL,Chile,Latin America & Caribbean,country,2022,19553036.0,17.7575564797826,68.9423635045125,13.300080015705,60.138,8.249,18.287,9670728.0,8872990,45.3791,6.32757090075421,22.840242981716,70.8321861175298,4.1834,15.7697,12.1611,5.4109,20.9541,2.2619,12.8833,7.8864,18.4891,37.5251,19.9531,62.4748,23.0411,0.3856,480109,3329598,ISCO-08,9,,
CHL,Chile,Latin America & Caribbean,country,2023,19658835.0,17.3843388990243,68.922342041123,13.6933190598527,61.521,9.013,21.973,9991796.0,9091235,46.245,6.20836594247335,22.1060875466725,71.6855465108541,4.4979,16.867,12.3144,5.2612,21.3635,2.2233,12.2024,7.9621,17.3082,38.9405,21.3649,61.0595,24.5468,0.3938,478308,3540172,ISCO-08,9,,
CHL,Chile,Latin America & Caribbean,country,2024,19764771.0,16.9661637626319,68.8987499804893,14.1350862568788,62.295,8.718,20.988,10223511.0,9332225,47.2165,6.22546007701043,21.6736985603245,72.1008199315877,4.505,16.7495,12.8515,5.1024,21.4044,2.313,12.0964,7.9449,17.0329,39.2084,21.2545,60.7916,23.0527,0.3947,476167,3659016,ISCO-08,9,,
CHL,Chile,Latin America & Caribbean,country,2025,19859921.0,16.5470018737738,68.8632522757769,14.5897458504493,62.304,8.974,21.635,10326077.0,9399415,47.3286,6.06552449974121,21.5000875057251,72.4344092725215,4.8378,17.4158,12.8426,5.0899,21.2375,2.372,11.8286,7.9964,16.3793,40.1861,22.2536,59.8138,24.0101,0.3994,478421,3777258,ISCO-08,9,,
CHN,China,East Asia & Pacific,country,2013,1363240000.0,18.3054006638332,72.3383307205597,9.3562686156071,69.97,4.6,10.316,779251311.0,743405751,54.5323,31.4002857020434,30.099901194464,38.4998131034926,,,,,,,,,,,,,,,,,,0,,
CHN,China,East Asia & Pacific,country,2014,1371860000.0,18.3286355819234,72.0051656801854,9.6661987378912,69.65,4.63,10.507,780370287.0,744239143,54.2504,29.5004728042914,29.9004572371177,40.5990776614307,,,,,,,,,,,,,,,,,,0,,
CHN,China,East Asia & Pacific,country,2015,1379860000.0,18.3181445490203,71.6284345359877,10.053420914992,69.3,4.65,10.68,781077009.0,744756928,53.9734,28.3004717268993,29.2998175326072,42.3997107404935,,,,,,,,,,,,,,,,,,0,,
CHN,China,East Asia & Pacific,country,2016,1387790000.0,18.3047480302718,71.2044525051679,10.4907994645602,68.88,4.56,10.574,780932880.0,745322341,53.7057,27.4221249065299,29.6444492814543,42.9334259446319,,,,,,,,,,,,,,,,,,0,,
CHN,China,East Asia & Pacific,country,2017,1396215000.0,18.3531272310458,70.6659121055216,10.9809606634325,68.35,4.47,10.431,779166682.0,744337931,53.3111,26.6835826166189,29.9706060456204,43.3458036346466,,,,,,,,,,,,,,,,,,0,,
CHN,China,East Asia & Pacific,country,2018,1402760000.0,18.3284745596771,70.1553162360731,11.5162092042497,67.81,4.31,9.674,776868988.0,743385935,52.9945,25.7514953274594,30.3637847933889,43.8847198791517,,,,,,,,,,,,,,,,,,0,,
CHN,China,East Asia & Pacific,country,2019,1407745000.0,18.1974813802408,69.74115264804,12.0613659717192,67.38,4.56,10.681,775928449.0,740546112,52.6051,24.7219896643701,30.7587386897164,44.5192735154599,,,,,,,,,,,,,,,,,,0,,
CHN,China,East Asia & Pacific,country,2020,1411100000.0,17.9548374596279,69.3999249325134,12.6452376078587,65.721,5.0,12.65,760877838.0,722833946,51.2249,23.5998596785258,31.1322866175828,45.2678537038915,,,,,,,,,,,,,,,,,,0,,
CHN,China,East Asia & Pacific,country,2021,1412360000.0,17.5818540220458,69.2124049434275,13.2057410345267,67.11,4.55,12.404,781187865.0,745643817,52.7942,22.8687780404897,31.5342449659426,45.5969845625275,,,,,,,,,,,,,,,,,,0,,
CHN,China,East Asia & Pacific,country,2022,1412175000.0,17.1217997582731,69.0962698960779,13.781930345649,65.8,4.98,14.673,770113477.0,731761826,51.8181,24.0801085619325,30.9312938882327,44.9886051327682,,,,,,,,,,,,,,,,,,0,,
CHN,China,East Asia & Pacific,country,2023,1410710000.0,16.5896107225921,69.0943118083391,14.3160774690688,65.83,4.67,15.562,774607590.0,738433416,52.3448,22.8008772042629,31.4267217641686,45.7723935112505,,,,,,,,,,,,,,,,,,0,,
CHN,China,East Asia & Pacific,country,2024,1408975000.0,16.0078123326803,69.3269188307508,14.665268836569,64.91,4.59,15.044,768163717.0,732905002,52.0169,22.216498294765,31.6324437528704,46.1510599840955,,,,,,,,,,,,,,,,,,0,,
CHN,China,East Asia & Pacific,country,2025,1406585000.0,15.4072909264023,69.6812776464024,14.9114314271952,64.551,4.615,15.795,768071923.0,732625404,52.0854,21.6768623336956,31.7923235092111,46.5308142926728,,,,,,,,,,,,,,,,,,0,,
CIV,Cote d'Ivoire,Sub-Saharan Africa,country,2013,23939775.0,42.1525339700867,55.3222585566853,2.52520747322798,67.16,4.255,6.27,9300688.0,8904944,37.1973,45.3101692945285,11.7220472560317,42.9677946792186,,,,,,,,,,,,,,,,,,0,,
CIV,Cote d'Ivoire,Sub-Saharan Africa,country,2014,24527395.0,42.0260540912304,55.4196918298969,2.55425407887274,67.05,3.274,4.701,9534174.0,9222025,37.5989,47.8579639529269,10.1066721231855,42.0353639238876,,,,,,,,,,,,,,,,,,0,,
CIV,Cote d'Ivoire,Sub-Saharan Africa,country,2015,25246342.0,42.2235181195058,55.2565346841825,2.5199471963117,66.94,2.573,3.376,9764168.0,9512936,37.6805,50.5367400929959,8.56257051615539,40.9006893908487,,,,,,,,,,,,,,,,,,0,,
CIV,Cote d'Ivoire,Sub-Saharan Africa,country,2016,25989405.0,42.3479845411618,55.1553133893468,2.49670206949143,66.829,1.896,2.04,10013267.0,9823415,37.7978,52.9240505749256,7.34008283244829,39.7358564128979,0.3904,3.2446,1.5682,0.5393,25.11,52.3686,7.4863,3.259,6.0336,5.7425,3.635,94.2575,0.8257,0.1933,52978,564110,ISCO-08,9,,
CIV,Cote d'Ivoire,Sub-Saharan Africa,country,2017,26733372.0,42.4069350923433,55.1091077307627,2.48395717689405,66.121,3.272,5.257,10180365.0,9847263,36.8351,50.5079045856325,8.32184628470563,41.1702694397522,1.2118,4.7504,4.3411,0.7724,23.2649,40.1259,11.5468,4.5881,9.3986,11.0757,5.9622,88.9243,3.5954,0.2238,76060,1090653,ISCO-08,9,,
CIV,Cote d'Ivoire,Sub-Saharan Africa,country,2018,27464173.0,42.3825422011167,55.1358501698895,2.48160762899374,65.406,2.852,4.667,10349949.0,10054768,36.6105,48.4041506801604,9.26723404881672,42.3286252164879,,,,,,,,,,,,,,,,,,0,,
CIV,Cote d'Ivoire,Sub-Saharan Africa,country,2019,28193009.0,42.2978547625051,55.2137233737626,2.48842186373225,64.684,2.401,4.043,10522774.0,10270122,36.4279,45.944939092442,10.4455687811497,43.6094921264082,0.4916,3.9591,2.86,0.6276,27.074,45.0986,9.5199,4.4678,5.9015,7.9383,4.4507,92.0618,4.3194,0.2137,64455,815273,ISCO-08,9,,
CIV,Cote d'Ivoire,Sub-Saharan Africa,country,2020,28915449.0,42.1806135159683,55.3233038967629,2.49608258726879,64.893,2.588,4.687,10849289.0,10568509,36.5497,47.673475814199,11.3748142252263,40.9517099605746,,,,,,,,,,,,,,,,,,0,,
CIV,Cote d'Ivoire,Sub-Saharan Africa,country,2021,29639736.0,41.9798856848812,55.5125937101364,2.50752060498244,66.233,2.623,4.753,11390094.0,11091332,37.4205,48.2212924147521,12.3964334967268,39.3822650725461,,,,,,,,,,,,,,,,,,0,,
CIV,Cote d'Ivoire,Sub-Saharan Africa,country,2022,30395002.0,41.6626736856277,55.8045052933374,2.53282102103497,67.149,2.31,4.304,11906614.0,11631571,38.268,47.9817803037728,13.5712595734993,38.4469601227279,0.1438,2.123,2.4783,2.5006,29.9837,47.3368,9.0192,1.1366,5.278,7.2457,2.2668,92.7543,2.3579,0.217,290859,842789,ISCO-08,9,,
CIV,Cote d'Ivoire,Sub-Saharan Africa,country,2023,31165654.0,41.2764240403875,56.1553336888101,2.56824227080234,67.129,2.263,4.243,12285672.0,12007647,38.5285,47.0773577999683,13.7922381949167,39.1304040051151,,,,,,,,,,,,,,,,,,0,,
CIV,Cote d'Ivoire,Sub-Saharan Africa,country,2024,31934230.0,40.8713596664144,56.5196718380246,2.60896849556103,67.108,2.273,4.249,12671518.0,12383494,38.7781,46.2587792237702,13.9962553391618,39.7449654370679,,,,,,,,,,,,,,,,,,0,,
CIV,Cote d'Ivoire,Sub-Saharan Africa,country,2025,32711547.0,40.4553985241878,56.8911439268089,2.65345754900338,67.09,2.323,4.011,13067763.0,12764199,39.0205,45.3665059778073,14.3315310024622,40.301955185326,,,,,,,,,,,,,,,,,,0,,
CMR,Cameroon,Sub-Saharan Africa,country,2013,21402376.0,43.5350939540544,53.5503581471515,2.91454789879404,73.172,3.686,6.236,8842713.0,8516771,39.7936,49.4791824443025,13.6063630456596,36.9144662515343,,,,,,,,,,,,,,,,,,0,,
CMR,Cameroon,Sub-Saharan Africa,country,2014,22059893.0,43.3606160283733,53.7621895990157,2.87719437261096,72.099,3.534,6.198,9008472.0,8690113,39.3933,47.61304242759,14.0777896687035,38.3091909184014,2.9633,5.0706,2.9062,2.2444,16.3097,48.3967,11.5866,4.1109,6.4114,13.1845,8.0339,86.8153,6.6199,0.2172,195041,1145748,ISCO-08,9,,
CMR,Cameroon,Sub-Saharan Africa,country,2015,22763414.0,43.159531273307,53.994740112473,2.84572861421998,71.153,3.518,6.233,9206366.0,8882486,39.0209,46.6540418965841,14.2603724295916,39.0855856738243,,,,,,,,,,,,,,,,,,0,,
CMR,Cameroon,Sub-Saharan Africa,country,2016,23454161.0,43.0445872047057,54.1334317153056,2.82198107998873,70.225,3.529,6.301,9380946.0,9049892,38.5854,45.7044523170765,14.3702312407948,39.9253164421287,,,,,,,,,,,,,,,,,,0,,
CMR,Cameroon,Sub-Saharan Africa,country,2017,24128601.0,42.981955315188,54.2143740534314,2.80367063138058,69.308,3.573,6.407,9535157.0,9194466,38.1061,44.8112563190088,14.4308541646727,40.7578786402276,,,,,,,,,,,,,,,,,,0,,
CMR,Cameroon,Sub-Saharan Africa,country,2018,24806383.0,42.8972212514819,54.311618102486,2.79116064603211,68.387,3.608,6.503,9687110.0,9337599,37.6419,43.8919191923519,14.5339260952466,41.5741654218695,,,,,,,,,,,,,,,,,,0,,
CMR,Cameroon,Sub-Saharan Africa,country,2019,25506095.0,42.7437265484975,54.4719742477239,2.78429920377855,67.453,3.632,6.585,9850728.0,9492950,37.2184,43.045070011853,14.5714973742658,42.3834220797635,,,,,,,,,,,,,,,,,,0,,
CMR,Cameroon,Sub-Saharan Africa,country,2020,26210558.0,42.5437699571295,54.6793776767362,2.77685236613429,65.916,3.881,7.371,9926685.0,9541430,36.403,44.0319997350509,14.5267167876091,41.44128347734,,,,,,,,,,,,,,,,,,0,,
CMR,Cameroon,Sub-Saharan Africa,country,2021,26915758.0,42.3158091569294,54.9180882270139,2.76610261605669,65.315,3.976,7.225,10140896.0,9737694,36.1784,43.8343030859318,14.5296936948298,41.6360032192384,18.4068,4.9554,4.1951,2.7716,8.7696,40.4608,11.2409,4.0737,5.1261,30.3289,23.3622,69.6711,15.7613,0.2789,269890,2953335,ISCO-08,9,,
CMR,Cameroon,Sub-Saharan Africa,country,2022,27632771.0,42.0582007128746,55.1786273049014,2.76317198222408,65.576,3.646,6.667,10499324.0,10116519,36.6106,43.3258518794706,14.5994117374937,42.0747363830357,,,,,,,,,,,,,,,,,,0,,
CMR,Cameroon,Sub-Saharan Africa,country,2023,28372687.0,41.7605547898935,55.4646058020518,2.77483940805466,65.552,3.607,6.621,10831875.0,10441169,36.8001,42.9033266786034,14.5710045641327,42.5256687572639,,,,,,,,,,,,,,,,,,0,,
CMR,Cameroon,Sub-Saharan Africa,country,2024,29123744.0,41.4422273702555,55.7629739459833,2.79479868376124,65.528,3.603,6.618,11175287.0,10772641,36.9892,42.3734959017831,14.5874575571995,43.0390465410173,,,,,,,,,,,,,,,,,,0,,
CMR,Cameroon,Sub-Saharan Africa,country,2025,29879337.0,41.1173982876528,56.0650107463897,2.81759096595751,65.171,3.602,6.548,11466010.0,11053004,36.9921,41.8539758640678,14.6146003508013,43.5314147377979,,,,,,,,,,,,,,,,,,0,,
COD,"Congo, Dem. Rep.",Sub-Saharan Africa,country,2013,75789395.0,45.9560232668436,50.9022746520143,3.14170208114209,65.778,4.469,8.376,26942408.0,25738352,33.9604,61.8188447087505,8.50099970806395,29.6801478127292,,,,,,,,,,,,,,,,,,0,,
COD,"Congo, Dem. Rep.",Sub-Saharan Africa,country,2014,78403242.0,45.9689198821651,50.8944789553473,3.13660116248764,65.533,4.436,8.275,27761167.0,26529682,33.8375,60.8605627402384,8.55927968959999,30.5801613394941,,,,,,,,,,,,,,,,,,0,,
COD,"Congo, Dem. Rep.",Sub-Saharan Africa,country,2015,81035531.0,45.9896387919023,50.8833816366305,3.12697957146724,65.29,4.441,8.22,28575856.0,27306802,33.6973,60.1840974526037,8.49274541062807,31.3231534747114,,,,,,,,,,,,,,,,,,0,,
COD,"Congo, Dem. Rep.",Sub-Saharan Africa,country,2016,83956415.0,45.915744496713,50.9689468041245,3.11530869916254,65.025,4.528,8.277,29526034.0,28189095,33.5759,60.3102619261741,8.37815681628466,31.3115741626453,2.4946,1.9435,7.4214,1.283,12.9065,57.865,5.1935,1.768,9.1244,13.1425,4.4381,86.8574,4.1379,0.1976,361666,3704752,ISCO-08,9,,
COD,"Congo, Dem. Rep.",Sub-Saharan Africa,country,2017,87083398.0,45.8226348723783,51.0731408298973,3.10422429772435,64.756,4.613,8.334,30551551.0,29142208,33.4647,60.2408046031639,8.36877990442525,31.3904154924109,,,,,,,,,,,,,,,,,,0,,
COD,"Congo, Dem. Rep.",Sub-Saharan Africa,country,2018,90047644.0,45.867494578023,51.0356303771569,3.09687504482002,64.519,4.632,8.301,31449816.0,29993061,33.308,59.676883316964,8.48997231560121,31.8331477015387,,,,,,,,,,,,,,,,,,0,,
COD,"Congo, Dem. Rep.",Sub-Saharan Africa,country,2019,92947442.0,45.9777080255743,50.9289970562073,3.09329491821841,64.296,4.605,8.208,32284525.0,30797823,33.1347,59.3584094811143,8.31613221408382,32.3254485638777,,,,,,,,,,,,,,,,,,0,,
COD,"Congo, Dem. Rep.",Sub-Saharan Africa,country,2020,95989998.0,46.0525923753014,50.8613314066326,3.08607621806597,63.44,5.355,9.595,32851843.0,31092627,32.3915,60.9301166255959,8.15596992988056,30.9139070121373,2.6104,4.7322,2.9259,0.5078,9.223,73.9244,2.3131,1.7712,1.992,10.7763,7.3426,89.2237,5.781,0.1704,157888,3350635,ISCO-08,9,,
COD,"Congo, Dem. Rep.",Sub-Saharan Africa,country,2021,99148932.0,46.0943099215633,50.832061912679,3.07362816575775,63.623,5.289,9.179,34004531.0,32206031,32.4825,61.4142819500912,7.84822842306803,30.7374927318798,,,,,,,,,,,,,,,,,,0,,
COD,"Congo, Dem. Rep.",Sub-Saharan Africa,country,2022,102396968.0,46.1121158392112,50.8218373223707,3.06604683841811,64.363,4.54,8.1,35515220.0,33902829,33.1092,60.3828297059763,8.0310368695116,31.5861275252675,,,,,,,,,,,,,,,,,,0,,
COD,"Congo, Dem. Rep.",Sub-Saharan Africa,country,2023,105789731.0,46.0882883515022,50.8433552456838,3.06835640281401,64.396,4.469,8.011,36727006.0,35085676,33.1655,59.5242688719329,7.97752878481026,32.4982023432569,,,,,,,,,,,,,,,,,,0,,
COD,"Congo, Dem. Rep.",Sub-Saharan Africa,country,2024,109276265.0,46.0329708653246,50.8914513636216,3.07557777105384,64.411,4.421,7.951,37985198.0,36305872,33.2239,58.8992918539085,8.00575736232885,33.0949645555117,,,,,,,,,,,,,,,,,,0,,
COD,"Congo, Dem. Rep.",Sub-Saharan Africa,country,2025,112832473.0,45.9497905359213,50.9663259795786,3.08388348450007,64.306,4.434,7.848,39217778.0,37478862,33.2164,58.5244697326526,8.02198283936773,33.4535474279797,,,,,,,,,,,,,,,,,,0,,
COG,"Congo, Rep.",Sub-Saharan Africa,country,2013,4857099.0,41.3342408709396,55.9893261389154,2.67643299014494,67.965,19.845,40.919,1936631.0,1552307,31.9596,35.0695357071074,23.8914485381654,41.0390157547272,,,,,,,,,,,,,,,,,,0,,
COG,"Congo, Rep.",Sub-Saharan Africa,country,2014,4975880.0,41.6555865495149,55.6797792551267,2.66463419535841,68.046,19.696,40.641,1975476.0,1586386,31.8815,34.297885591348,24.0000479071811,41.7020665014709,,,,,,,,,,,,,,,,,,0,,
COG,"Congo, Rep.",Sub-Saharan Africa,country,2015,5097581.0,41.9067928402504,55.4321113712672,2.6610957884824,68.11,20.02,41.214,2016975.0,1613177,31.6459,34.2267854630076,23.4987890385518,42.2744254984407,,,,,,,,,,,,,,,,,,0,,
COG,"Congo, Rep.",Sub-Saharan Africa,country,2016,5222536.0,42.0531040858311,55.2790445101767,2.66785140399224,68.147,20.298,41.705,2062331.0,1643719,31.4736,35.061291113473,22.0626715247735,42.8760373617535,,,,,,,,,,,,,,,,,,0,,
COG,"Congo, Rep.",Sub-Saharan Africa,country,2017,5351011.0,42.0879998190996,55.2299836423435,2.68201653855692,68.156,20.737,42.478,2112071.0,1674091,31.2855,35.9303524430645,21.1922804443738,42.877307378474,,,,,,,,,,,,,,,,,,0,,
COG,"Congo, Rep.",Sub-Saharan Africa,country,2018,5483118.0,42.0513291889761,55.2471969415942,2.70147386942977,68.147,20.84,42.657,2165299.0,1714051,31.2605,36.3755911493004,20.6352382741533,42.9891705765463,,,,,,,,,,,,,,,,,,0,,
COG,"Congo, Rep.",Sub-Saharan Africa,country,2019,5616661.0,41.9421254015508,55.3301240719353,2.72775052651388,68.119,20.494,42.045,2221302.0,1766068,31.4434,36.206791116104,20.2786183122772,43.5145905716188,,,,,,,,,,,,,,,,,,0,,
COG,"Congo, Rep.",Sub-Saharan Africa,country,2020,5752791.0,41.7661915552113,55.4746344404511,2.75917400433755,64.941,22.286,46.705,2175569.0,1690722,29.3896,37.4274280550009,20.0681833237123,42.5044477671263,,,,,,,,,,,,,,,,,,0,,
COG,"Congo, Rep.",Sub-Saharan Africa,country,2021,5892183.0,41.5436435019075,55.658794032704,2.79756246538846,65.541,21.998,44.676,2257465.0,1760868,29.8848,37.5097394705817,19.9557492975087,42.5344544419936,,,,,,,,,,,,,,,,,,0,,
COG,"Congo, Rep.",Sub-Saharan Africa,country,2022,6035104.0,41.2564224245349,55.8937178215984,2.84985975386671,67.946,20.131,41.175,2408846.0,1923921,31.8788,37.3105158874541,19.9025629084135,42.7869212041324,,,,,,,,,,,,,,,,,,0,,
COG,"Congo, Rep.",Sub-Saharan Africa,country,2023,6182885.0,40.883697497204,56.2016922520797,2.91461025071629,67.897,19.919,40.717,2481698.0,1987369,32.1431,37.1038479033576,19.6306874217558,43.2654143570793,,,,,,,,,,,,,,,,,,0,,
COG,"Congo, Rep.",Sub-Saharan Africa,country,2024,6332961.0,40.4457962081244,56.5686098493264,2.98559394254915,67.847,19.895,40.581,2558880.0,2049791,32.367,36.7581219652246,19.5243296722918,43.7175483624836,,,,,,,,,,,,,,,,,,0,,
COG,"Congo, Rep.",Sub-Saharan Africa,country,2025,6484437.0,39.9430436289226,56.9955726302839,3.06138374079353,67.825,19.876,40.501,2641346.0,2116352,32.6374,36.3523519266662,19.480142698514,44.1675053748199,,,,,,,,,,,,,,,,,,0,,
COL,Colombia,Latin America & Caribbean,country,2013,46151584.0,25.658665088736,67.7967037079735,6.54463120329054,67.273,9.246,18.729,23081167.0,20947082,45.3876,16.0476525581668,19.8906804138614,64.0616670279718,17.0414,7.8898,14.0045,4.8984,17.1739,5.4082,12.7384,11.7597,9.0856,43.8341,24.9312,56.1658,41.3937,0.393,1026072,9181965,ISCO-08,9,,
COL,Colombia,Latin America & Caribbean,country,2014,46565429.0,25.0633611156397,68.1178419736866,6.81879691067376,66.991,8.799,18.245,23376219.0,21319345,45.7836,15.4842412833454,20.0792693277619,64.4364987701002,16.7737,8.0822,14.2104,5.0484,17.0654,5.3264,13.1491,11.5134,8.831,44.1147,24.8559,55.8853,41.8321,0.3949,1076286,9404965,ISCO-08,9,,
COL,Colombia,Latin America & Caribbean,country,2015,46969940.0,24.489485993707,68.40138641436,7.10912759193297,67.019,8.572,17.316,23769792.0,21732245,46.2684,15.3875001230881,19.8413281990038,64.7711854821781,16.901,8.0889,14.2088,4.9347,16.7796,5.2896,13.2111,11.5306,9.0557,44.1334,24.9899,55.8666,42.8873,0.394,1072421,9591179,ISCO-08,9,,
COL,Colombia,Latin America & Caribbean,country,2016,47437512.0,23.9158548197047,68.6955683932159,7.38857678707939,66.418,8.922,18.274,23971867.0,21833097,46.025,15.3821230426391,19.3700893503894,65.2477738663245,16.9308,8.1706,14.2987,5.1176,16.7577,5.3223,13.3419,11.2614,8.799,44.5177,25.1014,55.4823,42.7007,0.3962,1117331,9719593,ISCO-08,9,,
COL,Colombia,Latin America & Caribbean,country,2017,48131078.0,23.3055636111038,69.041951439359,7.65248494953718,66.013,9.086,18.467,24367946.0,22153874,46.0282,15.9879816403274,19.5897881408186,64.4222392466619,17.0446,8.1944,14.3306,4.9276,16.4595,5.6147,13.2573,11.3839,8.7874,44.4972,25.239,55.5028,42.2281,0.3949,1091654,9857854,ISCO-08,9,,
COL,Colombia,Latin America & Caribbean,country,2018,49024465.0,22.6839423675104,69.4027046556989,7.91335297679074,65.237,9.36,19.45,24727292.0,22412817,45.7176,16.0283372646524,20.1046913076125,63.8669669659889,16.0903,8.2985,14.574,4.9707,16.4749,5.3469,13.2602,12.0728,8.9117,43.9335,24.3888,56.0665,41.9709,0.3935,1114074,9846735,ISCO-08,9,,
COL,Colombia,Latin America & Caribbean,country,2019,49907985.0,22.1227454885225,69.6869318607033,8.19032265077422,64.322,10.28,20.658,25000012.0,22430011,44.9427,15.1829622104953,20.4208399455994,64.3961978439053,14.9591,8.5489,14.7575,4.6257,16.7728,5.1841,13.6121,12.439,9.1008,42.8912,23.508,57.1088,40.9257,0.3895,1037545,9620501,ISCO-08,9,,
COL,Colombia,Latin America & Caribbean,country,2020,50629997.0,21.6647057902778,69.8711687670931,8.46412544262915,63.415,15.983,27.248,25151123.0,21131219,41.7366,15.8122822919019,19.8177540065247,64.3699637015735,15.7734,8.7011,14.4696,4.8478,15.6361,5.391,13.6977,12.5652,8.9181,43.7919,24.4745,56.2081,39.221,0.3915,1024399,9253762,ISCO-08,9,,
COL,Colombia,Latin America & Caribbean,country,2021,51188173.0,21.2984499241802,69.9880002555668,8.71354982025291,64.33,13.898,24.757,25915910.0,22314117,43.5923,15.1143754822074,20.0073603857086,64.878264132084,14.5,8.8321,14.6248,4.8965,15.8123,5.0139,14.1229,12.5472,9.6504,42.8534,23.3321,57.1467,38.8372,0.3886,1092611,9562358,ISCO-08,9,,
COL,Colombia,Latin America & Caribbean,country,2022,51737944.0,20.9532806420881,70.0401630768335,9.00655628107831,63.155,10.541,20.972,25828593.0,23106001,44.6597,14.6393218523914,20.3326564240754,65.0280217235331,6.4994,11.1149,6.6008,5.6555,21.1692,6.5066,10.7845,8.2746,23.3944,29.8706,17.6143,70.1293,21.7479,0.341,1306760,6901901,ISCO-08,9,,
COL,Colombia,Latin America & Caribbean,country,2023,52321152.0,20.5978461579186,70.0267258065464,9.37542803553496,63.736,9.591,19.365,26478562.0,23939003,45.754,14.3964971136151,19.9926020656988,65.6109008206861,6.2882,11.119,6.9774,5.8829,20.9377,5.868,10.4131,8.4222,24.0916,30.2675,17.4072,69.7326,21.8869,0.3433,1408308,7245738,ISCO-08,9,,
COL,Colombia,Latin America & Caribbean,country,2024,52886363.0,20.2721132452225,69.9494511472697,9.77843560750778,63.528,9.619,19.411,26786696.0,24210084,45.7776,14.2538227689156,20.0219824701985,65.7241823694145,6.2533,10.9442,6.7094,6.1933,21.3465,5.5367,10.5062,8.6289,23.8815,30.1002,17.1975,69.8998,21.8918,0.3443,1499403,7287284,ISCO-08,9,,
COL,Colombia,Latin America & Caribbean,country,2025,53425635.0,19.9929217500838,69.8069749680376,10.2001032818786,63.398,8.29,17.653,27099025.0,24852516,46.518,14.1575818404901,19.9996732725827,65.8427408631905,5.7337,11.1097,6.9671,5.9874,21.6534,5.4088,10.5296,8.8447,23.7655,29.7979,16.8434,70.202,20.9076,0.3437,1488020,7405528,ISCO-08,9,,
COM,Comoros,Sub-Saharan Africa,country,2013,696192.0,40.1513230895191,55.684957824165,4.16371908631593,44.156,3.98,9.284,183981.0,176659,25.375,39.8170476287516,18.5307203749618,41.6516659307815,,,,,,,,,,,,,,,,,,0,,
COM,Comoros,Sub-Saharan Africa,country,2014,711503.0,39.9669010298629,55.8210266302648,4.21207233987231,44.467,3.984,9.358,189935.0,182368,25.6314,38.0059110923457,19.0322916723785,42.9623455740833,1.9885,7.076,7.0689,4.5087,19.7164,38.9264,17.2615,0.1347,3.3189,20.6421,9.0645,79.3579,9.7098,0.2729,8222,37645,ISCO-08,9,,
COM,Comoros,Sub-Saharan Africa,country,2015,726682.0,39.7896879240163,55.9251502032526,4.28516187273113,46.084,4.031,9.395,201635.0,193507,26.6288,37.8024454022098,18.2826372308869,43.9154341467448,,,,,,,,,,,,,,,,,,0,,
COM,Comoros,Sub-Saharan Africa,country,2016,741741.0,39.5888187386163,56.046719811902,4.36446144948169,47.689,4.117,9.497,213692.0,204894,27.6234,37.1193190691863,17.580138216461,45.3000546618772,,,,,,,,,,,,,,,,,,0,,
COM,Comoros,Sub-Saharan Africa,country,2017,756669.0,39.2775181238308,56.3103838597961,4.41209801637307,49.253,4.049,9.357,226302.0,217139,28.6967,36.1806383870388,16.8696837538742,46.9492173288324,,,,,,,,,,,,,,,,,,0,,
COM,Comoros,Sub-Saharan Africa,country,2018,771590.0,38.9013595303205,56.6662994595575,4.43234101012196,50.788,3.975,9.204,239430.0,229913,29.7973,35.2376768603776,16.164375220192,48.5979479194304,,,,,,,,,,,,,,,,,,0,,
COM,Comoros,Sub-Saharan Africa,country,2019,786578.0,38.5632448403083,56.9788374452375,4.45791771445426,52.328,3.926,9.093,252874.0,242946,30.8864,34.5633633534748,15.4563939608476,49.9802426856776,,,,,,,,,,,,,,,,,,0,,
COM,Comoros,Sub-Saharan Africa,country,2020,802163.0,38.2677596275572,57.2645102899845,4.46773008245825,53.471,4.468,10.485,264785.0,252954,31.534,35.6951406568731,15.0721864672117,49.2326728759152,,,,,,,,,,,,,,,,,,0,,
COM,Comoros,Sub-Saharan Africa,country,2021,818174.0,38.0040565918395,57.5402924437269,4.45565096443363,55.195,4.394,9.798,279968.0,267666,32.715,35.2126514936414,14.6954436092473,50.0919048971113,0.9343,8.0473,3.1577,7.6476,15.318,41.2448,6.7799,3.3937,13.4768,19.7869,8.9816,80.2132,3.5941,0.2651,20470,52963,ISCO-08,9,,
COM,Comoros,Sub-Saharan Africa,country,2022,834188.0,37.7186557466662,57.8260535994284,4.45529065390536,55.468,3.879,8.884,288181.0,277002,33.2062,34.9323475473278,14.7185600207939,50.348731426261,,,,,,,,,,,,,,,,,,0,,
COM,Comoros,Sub-Saharan Africa,country,2023,850387.0,37.4013831349727,58.1257121757506,4.47290468927676,55.422,3.833,8.829,295028.0,283720,33.3636,34.6186380938954,14.7483434371916,50.633018468913,,,,,,,,,,,,,,,,,,0,,
COM,Comoros,Sub-Saharan Africa,country,2024,866628.0,37.1214061858144,58.406432748538,4.47216106564754,55.387,3.815,8.814,301817.0,290303,33.498,34.0654344036982,14.775443842015,51.1591217542869,,,,,,,,,,,,,,,,,,0,,
COM,Comoros,Sub-Saharan Africa,country,2025,882847.0,36.8698444521846,58.6758755051127,4.45428004270273,55.772,3.819,8.753,310841.0,298970,33.8643,33.5566541348354,14.7956999317662,51.6476459333985,,,,,,,,,,,,,,,,,,0,,
CPV,Cabo Verde,Sub-Saharan Africa,country,2013,512225.0,29.7566499097076,65.2871296793401,4.95622041095222,59.146,11.398,25.299,212810.0,188554,36.8108,14.6002163859307,21.9228647800076,63.4769188340617,,,,,,,,,,,,,,,,,,0,,
CPV,Cabo Verde,Sub-Saharan Africa,country,2014,512326.0,29.1915003254767,65.7685397271852,5.03995994733817,59.154,11.689,26.927,214593.0,189509,36.9899,14.4429610946066,21.8472806327865,63.7097582726069,,,,,,,,,,,,,,,,,,0,,
CPV,Cabo Verde,Sub-Saharan Africa,country,2015,512394.0,28.7705640294032,66.0728522122158,5.15658375838101,59.163,11.923,28.567,215930.0,190185,37.1169,14.2477810962016,21.7626088419636,63.9890842552476,2.4057,9.377,6.9138,5.9322,20.1115,1.3058,16.4542,1.9374,35.5624,24.6287,11.7827,75.3713,,0.3144,11282,46840,ISCO-08,9,,
CPV,Cabo Verde,Sub-Saharan Africa,country,2016,512554.0,28.5198939820058,66.1794989605983,5.30060705739585,59.171,12.085,30.182,216787.0,190588,37.184,13.9188834671284,21.7897056508736,64.2908861954982,,,,,,,,,,,,,,,,,,0,,
CPV,Cabo Verde,Sub-Saharan Africa,country,2017,512893.0,28.4092393540173,66.1254881622483,5.46527248373442,59.18,12.24,31.887,217299.0,190702,37.1816,13.5237176327464,21.9053811706222,64.5703768182819,3.8742,7.5002,4.5762,5.9888,22.7788,2.5508,15.9605,5.7859,30.9846,21.9394,11.3744,78.0606,,0.3064,11421,41839,ISCO-08,9,,
CPV,Cabo Verde,Sub-Saharan Africa,country,2018,513415.0,28.3744144600372,65.9876513152128,5.63793422474996,55.56,12.17,27.575,204314.0,179449,34.952,11.8384610669327,21.8803113976673,66.2812275354,3.1418,9.262,5.2133,6.0703,23.9628,8.3777,15.4561,5.0649,23.4511,23.6874,12.4038,76.3126,,0.317,10893,42507,ISCO-08,9,,
CPV,Cabo Verde,Sub-Saharan Africa,country,2019,514104.0,28.3753870812131,65.8103224250346,5.81429049375224,57.43,12.123,28.107,211472.0,185835,36.1474,10.6045685688918,21.7962170742863,67.5992143568219,3.4303,8.2785,5.4416,5.4431,23.9254,8.3911,15.5027,6.1166,23.4709,22.5935,11.7088,77.4067,,0.3097,10115,41987,ISCO-08,9,,
CPV,Cabo Verde,Sub-Saharan Africa,country,2020,514679.0,28.3955354740183,65.6218093007396,5.98265522524212,53.405,14.65,34.474,196815.0,167982,32.6382,11.1697156226002,21.5006459063823,67.3290431655961,,,,,,,,,,,,,,,,,,0,,
CPV,Cabo Verde,Sub-Saharan Africa,country,2021,516649.0,27.9920216626762,65.871800777704,6.13617755961978,54.185,13.932,31.656,201583.0,173498,33.5814,11.111367278009,21.6423244071978,67.2463083147933,,,,,,,,,,,,,,,,,,0,,
CPV,Cabo Verde,Sub-Saharan Africa,country,2022,519741.0,27.1745927298404,66.4966781531571,6.32872911700251,57.198,12.239,28.651,216497.0,190000,36.5567,10.2801623183524,22.5214082327616,67.198429448886,,,,,,,,,,,,,,,,,,0,,
CPV,Cabo Verde,Sub-Saharan Africa,country,2023,522331.0,26.3708514053841,67.0496936326713,6.57945496194459,57.122,11.882,28.045,219684.0,193581,37.061,9.89973189517566,22.7160723418104,67.3841957630139,,,,,,,,,,,,,,,,,,0,,
CPV,Cabo Verde,Sub-Saharan Africa,country,2024,524877.0,25.5473187051443,67.5945030931056,6.85817820175012,57.034,11.883,28.1,222880.0,196395,37.4173,9.56699288165626,22.882572787356,67.5499251504628,,,,,,,,,,,,,,,,,,0,,
CPV,Cabo Verde,Sub-Saharan Africa,country,2025,527326.0,24.6949938889737,68.1510755690745,7.15393054195179,57.025,11.939,28.415,226448.0,199412,37.8157,9.24518083164504,23.066314966,67.6890056766895,,,,,,,,,,,,,,,,,,0,,
CRI,Costa Rica,Latin America & Caribbean,country,2013,4716147.0,23.4234747135744,68.4238638023794,8.15266148404619,63.662,8.218,21.559,2299128.0,2110186,44.7439,13.1349606903709,15.9096660458636,70.9553732637655,,,,,,,,,,,,,,,,,,0,,
CRI,Costa Rica,Latin America & Caribbean,country,2014,4767119.0,22.9642578672779,68.5844636980952,8.45127843462687,64.189,8.499,24.23,2357268.0,2156924,45.2459,14.7115098864733,17.0320227248176,68.2564210266688,,,,,,,,,,,,,,,,,,0,,
CRI,Costa Rica,Latin America & Caribbean,country,2015,4818038.0,22.5297805320568,68.7112504393645,8.75896902857875,62.808,8.415,22.363,2344336.0,2147060,44.563,15.7903242934085,18.4632251982704,65.7464505083211,,,,,,,,,,,,,,,,,,0,,
CRI,Costa Rica,Latin America & Caribbean,country,2016,4866998.0,22.1206092668016,68.8045144876282,9.07487624557029,59.687,8.085,21.65,2262369.0,2079456,42.7256,15.7151904851901,17.9716973646435,66.3131121501664,,,,,,,,,,,,,,,,,,0,,
CRI,Costa Rica,Latin America & Caribbean,country,2017,4913177.0,21.7587214952769,68.8412507833526,9.40002772137051,59.848,7.729,20.736,2300637.0,2122821,43.2067,15.3615402805872,17.8760091462639,66.7624976799882,1.8095,9.804,8.6113,8.27,23.5158,4.0387,9.6615,7.8755,26.4137,28.4948,11.6135,71.5052,24.3281,0.3482,175557,604894,ISCO-08,9,,
CRI,Costa Rica,Latin America & Caribbean,country,2018,4957818.0,21.4468038157109,68.8109769257363,9.74221925855286,62.21,9.01,25.071,2422784.0,2204491,44.4649,15.7834333419824,18.9169671159949,65.2996449042766,1.2731,10.7992,7.7615,8.4219,22.1534,3.6637,11.3915,8.5549,25.9807,28.2557,12.0723,71.7442,24.5823,0.3464,185660,622894,ISCO-08,9,,
CRI,Costa Rica,Latin America & Caribbean,country,2019,4999553.0,21.1293168479945,68.7652107333185,10.105472418687,64.263,10.807,31.194,2534006.0,2260156,45.2072,15.3081432648276,18.0922505143464,66.5996504656771,1.2239,12.4944,8.8833,8.1217,21.1883,3.6456,11.8165,8.8118,23.8145,30.7233,13.7183,69.2767,26.4355,0.3575,183563,694395,ISCO-08,9,,
CRI,Costa Rica,Latin America & Caribbean,country,2020,5034320.0,20.7362762001621,68.778633459931,10.4850903399069,60.629,16.432,40.11,2419333.0,2021788,40.1601,16.5444966099046,18.0762717062062,65.3791822223277,1.0038,12.5356,8.7832,7.962,20.193,3.9094,13.0156,8.3034,24.294,30.2846,13.5394,69.7154,24.5081,0.3528,160975,612290,ISCO-08,9,,
CRI,Costa Rica,Latin America & Caribbean,country,2021,5059988.0,20.2971746471706,68.8374526616913,10.8653726911381,61.767,15.139,39.201,2491035.0,2113917,41.7771,15.204605328826,17.5814927770911,67.2139018940829,1.2089,12.4667,10.1595,6.7853,20.1752,3.5012,12.3854,7.8648,25.453,30.6204,13.6756,69.3796,27.9826,0.3513,143436,647290,ISCO-08,9,,
CRI,Costa Rica,Latin America & Caribbean,country,2022,5081765.0,19.8396344419345,68.8983029418227,11.2620626162428,61.491,11.325,30.718,2504874.0,2221197,43.7092,13.4060390069661,18.9693556570726,67.6246053359613,1.1586,11.8234,10.4168,7.6124,21.1402,2.8487,12.2759,8.4079,24.316,31.0112,12.982,68.9887,29.624,0.3574,169086,688820,ISCO-08,9,,
CRI,Costa Rica,Latin America & Caribbean,country,2023,5105525.0,19.3309875741488,68.9501697719461,11.7188426539051,56.831,8.325,24.308,2340628.0,2145771,42.0284,13.4111451573441,20.2061259917745,66.3827288508814,1.2119,12.542,9.6006,8.1677,21.2766,3.1503,11.8393,8.7355,23.4762,31.5222,13.7539,68.4779,25.8277,0.3621,175260,676394,ISCO-08,9,,
CRI,Costa Rica,Latin America & Caribbean,country,2024,5129910.0,18.7992771803014,68.9755668228098,12.2251559968888,57.687,6.936,20.481,2402966.0,2236296,43.5933,11.7739359228441,18.6068173200066,69.6192467571493,1.1596,13.1677,10.2852,8.2724,21.7159,2.7614,11.2707,9.1651,22.202,32.8849,14.3273,67.1151,29.4722,0.3709,184995,735404,ISCO-08,9,,
CRI,Costa Rica,Latin America & Caribbean,country,2025,5152950.0,18.308580521837,68.9394521584723,12.7519673196907,57.659,6.843,19.949,2427166.0,2261075,43.8792,11.4892745659806,18.4786521803355,70.032117480454,1.4672,14.2186,10.7122,8.0049,19.7838,2.6846,11.4752,9.033,22.6204,34.4029,15.6858,65.597,29.7955,0.3741,180997,777875,ISCO-08,9,,
CUB,Cuba,Latin America & Caribbean,country,2013,11298167.0,17.113261951551,69.2751590025551,13.6115790458939,55.26,3.29,8.07,5174923.0,5004668,44.2963,18.6142960674295,17.2054178769478,64.1803060368762,,,,,,,,,,,,,,,,,,0,,
CUB,Cuba,Latin America & Caribbean,country,2014,11285775.0,16.903384264555,69.177554524277,13.919061211168,55.397,2.7,6.596,5195184.0,5054914,44.7901,18.8995553227342,16.8872907921855,64.2131538850803,,,,,,,,,,,,,,,,,,0,,
CUB,Cuba,Latin America & Caribbean,country,2015,11275065.0,16.6972792040347,69.1005980497939,14.2021227461714,55.552,2.4,5.966,5217686.0,5092462,45.1657,18.4846599696648,16.9191199168648,64.5962004764721,,,,,,,,,,,,,,,,,,0,,
CUB,Cuba,Latin America & Caribbean,country,2016,11265612.0,16.4882120918065,69.0352774443146,14.4765104638789,55.581,2.0,4.964,5229123.0,5124541,45.4883,18.1282915098073,16.9872933183571,64.8844346857518,,,,,,,,,,,,,,,,,,0,,
CUB,Cuba,Latin America & Caribbean,country,2017,11247829.0,16.2756430596518,68.9697496290173,14.7546073113309,55.556,1.7,4.29,5231805.0,5142864,45.7232,17.7464308922507,17.1175811539133,65.1360073981865,,,,,,,,,,,,,,,,,,0,,
CUB,Cuba,Latin America & Caribbean,country,2018,11227118.0,16.0951419631976,68.8443538601961,15.0605041766063,55.461,1.7,4.237,5224481.0,5135665,45.7434,17.3688237093543,17.1756437918875,65.4555324987582,,,,,,,,,,,,,,,,,,0,,
CUB,Cuba,Latin America & Caribbean,country,2019,11202846.0,15.9515574903218,68.6787371406008,15.3697053690774,55.275,1.705,4.249,5204593.0,5115855,45.6657,17.0201050042897,17.0324784573881,65.9474165383222,,,,,,,,,,,,,,,,,,0,,
CUB,Cuba,Latin America & Caribbean,country,2020,11176354.0,15.8354728205638,68.5249769289699,15.6395502504663,52.552,2.233,5.172,4943318.0,4832934,43.2425,17.0376275826908,16.6412646204881,66.3211077968211,,,,,,,,,,,,,,,,,,0,,
CUB,Cuba,Latin America & Caribbean,country,2021,11122168.0,15.7659497785886,68.4894721744236,15.7445780469879,52.787,2.11,4.91,4945430.0,4841081,43.5264,16.6917369025748,16.8647566465733,66.4435064508519,,,,,,,,,,,,,,,,,,0,,
CUB,Cuba,Latin America & Caribbean,country,2022,11059820.0,15.6770001681763,68.4471221050614,15.8758777267623,53.669,1.829,4.336,5005156.0,4913612,44.4276,16.336169403896,16.8701560523982,66.7936745437058,,,,,,,,,,,,,,,,,,0,,
CUB,Cuba,Latin America & Caribbean,country,2023,11019931.0,15.5139771525782,68.2904942095597,16.1955286378621,53.165,1.73,4.247,4949822.0,4864190,44.1399,16.1387817096919,17.0777578221626,66.7834604681456,,,,,,,,,,,,,,,,,,0,,
CUB,Cuba,Latin America & Caribbean,country,2024,10979783.0,15.2939497984614,68.1369704665384,16.5690797350002,52.635,1.755,4.283,4895340.0,4809427,43.8026,15.8433461755264,16.9606356875182,67.1960389295396,,,,,,,,,,,,,,,,,,0,,
CUB,Cuba,Latin America & Caribbean,country,2025,10937203.0,15.0237672728682,67.9412246466841,17.0350080804476,52.248,1.746,4.277,4855941.0,4771156,43.6232,15.5279603346471,16.9089579880263,67.5630816773266,,,,,,,,,,,,,,,,,,0,,
CUW,Curacao,Latin America & Caribbean,country,2013,153822.0,19.1929936422883,67.6762165177887,13.130789839923,,,,,,,,,,,,,,,,,,,,,,,,,,,0,,
CUW,Curacao,Latin America & Caribbean,country,2014,155909.0,18.9723499790943,67.5104679840269,13.5171820368788,,,,,,,,,,,,,,,,,,,,,,,,,,,0,,
CUW,Curacao,Latin America & Caribbean,country,2015,157980.0,18.7561520178619,67.3171800350515,13.9266679470866,,,,,,,,,,,,,,,,,,,,,,,,,,,0,,
CUW,Curacao,Latin America & Caribbean,country,2016,159664.0,18.5105717223191,67.1378123463412,14.3516159313397,,,,,,,,,,,,,,,,,,,,,,,,,,,0,,
CUW,Curacao,Latin America & Caribbean,country,2017,160175.0,18.1905575731681,67.0164850815353,14.7929573452966,,,,,,,,,,,,,,,,,,,,,,,,,,,0,,
CUW,Curacao,Latin America & Caribbean,country,2018,159336.0,17.1816271852894,68.5651504679665,14.2532223467441,,,,,56025,35.1615,,,,11.0219,11.9554,11.8626,12.7693,22.0544,0.3516,11.3664,4.3463,14.2722,47.6092,22.9773,52.3909,,0.4459,7154,26673,ISCO-08,9,,
CUW,Curacao,Latin America & Caribbean,country,2019,157441.0,16.493091277441,69.3668455179036,14.1400632046554,,,,,,,,,,,,,,,,,,,,,,,,,,,0,,
CUW,Curacao,Latin America & Caribbean,country,2020,155482.0,16.3194932384957,68.7533104887092,14.9271962727951,,,,,51110,32.872,,,,11.804,15.0068,12.6081,11.4498,22.1992,0.1917,10.9959,3.8388,11.9057,50.8687,26.8108,49.1313,,0.461,5852,25999,ISCO-08,9,,
CUW,Curacao,Latin America & Caribbean,country,2021,153948.0,15.9399291474763,68.7172347549706,15.3428360975531,,,,,,,,,,,,,,,,,,,,,,,,,,,0,,
CUW,Curacao,Latin America & Caribbean,country,2022,153321.0,15.5877298759877,68.6176282544127,15.7946418695996,,,,,,,,,,,,,,,,,,,,,,,,,,,0,,
CUW,Curacao,Latin America & Caribbean,country,2023,154654.0,15.2426561396129,68.4754647381449,16.2818791222422,,,,,,,,,,,,,,,,,,,,,,,,,,,0,,
CUW,Curacao,Latin America & Caribbean,country,2024,155967.0,14.927903861032,68.2903685812332,16.7817275577349,,,,,,,,,,,,,,,,,,,,,,,,,,,0,,
CUW,Curacao,Latin America & Caribbean,country,2025,156263.0,14.6037188590036,68.0956077784427,17.3006733625537,,,,,,,,,,,,,,,,,,,,,,,,,,,0,,
CYM,Cayman Islands,Latin America & Caribbean,country,2013,58655.0,18.0223339868724,76.2100417696701,5.76762424345751,,,,,36050,61.4611,,,,9.8225,17.5895,14.3356,7.889,19.5673,2.2219,12.025,3.1706,13.3786,49.6366,27.412,50.3634,,0.4431,2844,17894,ISCO-08,9,,
CYM,Cayman Islands,Latin America & Caribbean,country,2014,60160.0,17.8672052260204,76.1911885705737,5.94160620340589,,,,,37343,62.0728,,,,10.5321,17.3125,14.399,9.2628,20.0145,1.746,10.5428,3.4384,12.7521,51.5064,27.8446,48.4938,,0.4559,3459,19234,ISCO-08,9,,
CYM,Cayman Islands,Latin America & Caribbean,country,2015,61642.0,17.6647605142556,76.1787727622987,6.15646672344567,,,,,38974,63.2264,,,,9.9194,16.3699,14.0684,8.0156,21.658,1.9013,11.7848,3.936,12.3467,48.3733,26.2893,51.6268,,0.4414,3124,18853,ISCO-08,9,,
CYM,Cayman Islands,Latin America & Caribbean,country,2016,63100.0,17.442017099706,76.175307644155,6.38267525613902,,,,,,,,,,,,,,,,,,,,,,,,,,,0,,
CYM,Cayman Islands,Latin America & Caribbean,country,2017,64535.0,17.230051676984,76.1518853964097,6.61806292660629,,,,,,,,,,,,,,,,,,,,,,,,,,,0,,
CYM,Cayman Islands,Latin America & Caribbean,country,2018,65941.0,17.0198891424845,76.1064899416899,6.87362091582563,,,,,,,,,,,,,,,,,,,,,,,,,,,0,,
CYM,Cayman Islands,Latin America & Caribbean,country,2019,67327.0,16.7681613617122,76.0682935523638,7.16354508592392,,,,,,,,,,,,,,,,,,,,,,,,,,,0,,
CYM,Cayman Islands,Latin America & Caribbean,country,2020,68684.0,16.4716930311788,76.0812119182639,7.44709505055726,,,,,,,,,,,,,,,,,,,,,,,,,,,0,,
CYM,Cayman Islands,Latin America & Caribbean,country,2021,70108.0,16.3456120957102,75.8905965838177,7.76379132047213,,,,,,,,,,,,,,,,,,,,,,,,,,,0,,
CYM,Cayman Islands,Latin America & Caribbean,country,2022,71591.0,16.3552935753546,75.5068688321938,8.13783759245162,,,,,,,,,,,,,,,,,,,,,,,,,,,0,,
CYM,Cayman Islands,Latin America & Caribbean,country,2023,73038.0,16.2942577836195,75.1642980366385,8.54144417974205,,,,,,,,,,,,,,,,,,,,,,,,,,,0,,
CYM,Cayman Islands,Latin America & Caribbean,country,2024,74457.0,16.1877581170466,74.814491488433,8.99775039452036,,,,,,,,,,,,,,,,,,,,,,,,,,,0,,
CYM,Cayman Islands,Latin America & Caribbean,country,2025,75844.0,16.0560891836479,74.4302412204078,9.51366959594428,,,,,,,,,,,,,,,,,,,,,,,,,,,0,,
CYP,Cyprus,Europe & Central Asia,country,2013,1183895.0,16.2170209351336,71.7655281929563,12.0174508719101,64.036,16.131,38.083,635175.0,532715,44.9968,3.10540117923776,17.5626082892042,79.331990531558,3.9635,18.0101,13.5946,11.0892,19.5408,1.9106,10.5491,4.6204,16.7216,46.6574,21.9736,53.3425,30.7246,0.4405,59074,248551,ISCO-08,9,,
CYP,Cyprus,Europe & Central Asia,country,2014,1201801.0,16.0713030157668,71.6676353521237,12.2610616321095,64.633,16.277,35.516,651925.0,545811,45.4161,4.43008057689982,16.5175316133335,79.0522045971705,3.9896,19.1852,13.0505,10.865,18.6382,2.7744,10.551,4.2352,16.711,47.0903,23.1748,52.9098,32.3408,0.4405,59302,257024,ISCO-08,9,,
CYP,Cyprus,Europe & Central Asia,country,2015,1219502.0,15.9803821479514,71.5197152279025,12.499902624146,64.16,15.026,32.539,657397.0,558617,45.807,3.99523822310536,16.2251282188985,79.7796335579961,3.7446,18.6372,13.2051,10.9305,19.2577,2.3588,10.5871,5.1355,16.1434,46.5174,22.3818,53.4825,29.038,0.4396,61060,259854,ISCO-08,9,,
CYP,Cyprus,Europe & Central Asia,country,2016,1237112.0,15.9428912083582,71.326455758874,12.7306530327678,63.762,13.006,28.902,663048.0,576812,46.6257,3.64348114026952,17.0502989714135,79.306219888317,4.0685,17.8308,13.4914,12.0228,19.9093,2.0857,10.595,5.0843,14.9122,47.4135,21.8993,52.5865,30.7264,0.4473,69349,273487,ISCO-08,9,,
CYP,Cyprus,Europe & Central Asia,country,2017,1254275.0,15.9324645980887,71.117190760722,12.9503446411893,64.377,11.155,25.013,678816.0,603094,48.0831,2.52747926929767,17.0473444306083,80.4250104876378,3.8055,18.9082,13.3596,12.1457,19.8055,1.8756,10.6871,4.7977,14.6151,48.219,22.7137,51.781,26.6806,0.4524,73250,290806,ISCO-08,9,,
CYP,Cyprus,Europe & Central Asia,country,2018,1270737.0,15.9248074444958,70.908704590838,13.1664879646662,65.38,8.504,20.654,698503.0,639102,50.2938,2.16570854548129,16.6609815709015,81.1733098836172,4.0,19.3418,13.0818,12.2925,19.642,1.6072,11.019,5.4235,13.5922,48.7161,23.3418,51.2839,28.0456,0.4556,78562,311346,ISCO-08,9,,
CYP,Cyprus,Europe & Central Asia,country,2019,1286671.0,15.9283857612452,70.6890608830614,13.3825533556934,66.112,7.155,16.856,715150.0,663981,51.6046,2.41074723073563,18.434753797149,79.1544989721153,4.2771,19.421,12.594,11.1181,19.726,1.6875,11.4893,5.5983,14.0887,47.4102,23.6981,52.5898,27.3035,0.4467,73822,314795,ISCO-08,9,,
CYP,Cyprus,Europe & Central Asia,country,2020,1302247.0,15.9491955254282,70.4395285842361,13.6112758903357,65.734,7.755,18.491,719491.0,663694,50.9653,2.73168056363324,19.5110999948772,77.7572194414896,4.1786,19.8048,12.7,11.4345,18.1459,1.82,12.3633,5.8394,13.7134,48.1179,23.9834,51.882,30.3661,0.448,75890,319356,ISCO-08,9,,
CYP,Cyprus,Europe & Central Asia,country,2021,1317309.0,15.9894588093829,70.1591161068193,13.8514250837978,66.476,7.513,17.173,735675.0,680404,51.6511,2.85329222068556,17.9154535447166,79.2312542345978,3.9544,20.5989,14.1434,11.2955,18.2848,2.1654,11.5908,4.6582,13.3088,49.9922,24.5533,50.008,30.2853,0.4571,76855,340149,ISCO-08,9,,
CYP,Cyprus,Europe & Central Asia,country,2022,1331370.0,16.033258973839,69.8887987561685,14.0779422699926,67.624,6.806,18.707,755975.0,704523,52.9171,2.37338897405326,17.1567876000681,80.4699653664907,3.8709,21.5471,13.733,11.6827,18.8296,1.5897,10.9411,4.1086,13.6973,50.8337,25.418,49.1663,35.4951,0.464,82307,358135,ISCO-08,9,,
CYP,Cyprus,Europe & Central Asia,country,2023,1344976.0,16.0538983795616,69.6228295608359,14.3232720596026,67.945,5.835,16.22,767136.0,722374,53.7091,2.46077857284256,16.1298941128752,81.4093273142822,4.3866,23.0711,14.1675,10.8155,18.4207,1.5968,9.8694,4.1206,13.5517,52.4407,27.4577,47.5592,28.3677,0.4696,78128,378818,ISCO-08,9,,
CYP,Cyprus,Europe & Central Asia,country,2024,1358282.0,16.0721779424302,69.3116377895017,14.616184268068,67.189,4.9,12.857,765938.0,728407,53.6271,2.19711727889139,16.3449380773714,81.4578073582287,4.6949,22.9193,15.3248,10.0595,17.7408,1.5468,10.0076,4.7588,12.9477,52.9985,27.6142,47.0017,27.5814,0.4692,73274,386045,ISCO-08,9,,
CYP,Cyprus,Europe & Central Asia,country,2025,1370754.0,16.0809671173675,68.9867036682001,14.9323292144324,66.961,4.924,12.709,770268.0,732340,53.4261,2.15460914852042,16.2688762140927,81.5765146373869,4.4925,24.1344,15.1507,9.5944,16.7918,1.6954,9.9343,4.9782,13.2283,53.372,28.6269,46.628,,0.469,70264,390865,ISCO-08,9,,
CZE,Czechia,Europe & Central Asia,country,2013,10514272.0,14.9260797747157,67.9917611396456,17.0821590856387,59.255,6.953,18.958,5300303.0,4931773,46.9055,3.03036080533776,37.5114800223272,59.45817945506,5.5417,14.6191,17.9797,9.6372,15.1169,1.3048,17.2367,12.997,5.5668,47.7777,20.1608,52.2222,30.6294,0.4361,475285,2356288,ISCO-08,9,,
CZE,Czechia,Europe & Central Asia,country,2014,10525347.0,15.0964291865759,67.2980768549652,17.6054939584589,59.27,6.108,15.841,5296601.0,4973085,47.2487,2.74854056542889,38.0394987622804,59.2119606722908,5.2124,15.0864,17.9091,9.359,15.1322,1.205,17.5546,13.1107,5.4306,47.5669,20.2988,52.4331,28.3277,0.4352,465431,2365542,ISCO-08,9,,
CZE,Czechia,Europe & Central Asia,country,2015,10546059.0,15.2736021042117,66.6295181305301,18.0968797652582,59.372,5.048,12.582,5305064.0,5037264,47.7644,2.92550905922513,38.0254708648636,59.0490200759113,5.4934,15.21,17.1649,9.2138,15.3665,1.2297,17.1837,13.5731,5.565,47.0821,20.7034,52.918,28.4189,0.4331,464123,2371650,ISCO-08,9,,
CZE,Czechia,Europe & Central Asia,country,2016,10566332.0,15.444687915284,65.9601528606104,18.5951592241056,59.821,3.952,10.488,5344644.0,5133424,48.5828,2.90149504358956,38.0713220436503,59.0271829127601,5.282,15.3769,17.3804,9.2708,15.2396,1.3594,16.9022,13.6548,5.5338,47.3101,20.6589,52.6898,28.5033,0.4342,475909,2428628,ISCO-08,9,,
CZE,Czechia,Europe & Central Asia,country,2017,10594438.0,15.6139377516609,65.3001802474571,19.085882000882,60.073,2.893,7.936,5370664.0,5215291,49.2267,2.80295199311181,38.0577864830844,59.1392615238038,4.8537,15.4345,18.0114,9.7562,15.0471,1.3175,16.5687,13.7102,5.3008,48.0558,20.2882,51.9443,31.0334,0.4389,508814,2506250,ISCO-08,9,,
CZE,Czechia,Europe & Central Asia,country,2018,10629928.0,15.7768550518408,64.6915656051411,19.5315793430182,60.373,2.246,6.714,5405110.0,5283711,49.706,2.80219299241012,37.4975612333074,59.7002457742824,4.7005,16.1574,17.4276,9.4249,15.5424,1.253,16.3376,13.7332,5.4234,47.7104,20.8579,52.2896,31.5826,0.4383,497984,2520880,ISCO-08,9,,
CZE,Czechia,Europe & Central Asia,country,2019,10671870.0,15.9113632326295,64.1400490294769,19.9485877378936,60.118,2.015,5.615,5394887.0,5286180,49.5338,2.66377082699749,37.2499277952791,60.0862822506451,4.5561,16.1727,17.3148,9.4508,15.3977,1.2505,16.0201,13.7383,6.099,47.4944,20.7288,52.5056,31.199,0.4369,499586,2510639,ISCO-08,9,,
CZE,Czechia,Europe & Central Asia,country,2020,10697858.0,16.0028177853172,63.7032085719896,20.2939736426932,59.46,2.55,7.936,5343016.0,5206769,48.6711,2.61002349042564,37.245509028682,60.1444674808924,4.3674,17.0243,17.7816,9.1588,15.0009,1.1835,15.9787,13.4516,6.0533,48.3321,21.3917,51.668,31.8261,0.4402,476878,2516541,ISCO-08,9,,
CZE,Czechia,Europe & Central Asia,country,2021,10505772.0,16.0689157611579,63.3939300705344,20.5371541683077,59.45,2.803,8.134,5242069.0,5095134,48.4984,2.54754783664319,36.8202889044442,60.632143678808,5.094,18.7302,17.0097,9.2221,14.5665,1.1416,15.3071,13.2904,5.6384,50.056,23.8242,49.944,33.903,0.4485,469878,2550420,ISCO-08,9,,
CZE,Czechia,Europe & Central Asia,country,2022,10672118.0,15.9477000974308,63.5339892495353,20.5183106530339,59.865,2.224,6.72,5369986.0,5250558,49.1988,2.67637748085955,36.8949808733601,60.4286416457804,5.0844,18.5884,16.1522,8.6769,15.5195,1.1867,15.8026,13.2708,5.7184,48.5019,23.6728,51.498,33.4633,0.4417,455586,2546620,ISCO-08,9,,
CZE,Czechia,Europe & Central Asia,country,2023,10864042.0,15.6736356440817,63.7804637975688,20.5459005583495,60.434,2.579,8.507,5536510.0,5393723,49.6475,2.90760214870837,36.5052539158177,60.5871625686937,5.1512,19.5022,16.6046,6.9037,15.2928,1.3505,16.5129,13.4338,5.2483,48.1617,24.6534,51.8383,35.2677,0.4363,372366,2597709,ISCO-08,9,,
CZE,Czechia,Europe & Central Asia,country,2024,10905028.0,15.397296108304,63.7573202107069,20.8453836809891,60.624,2.6,9.2,5593139.0,5447717,49.956,2.81581103871465,35.3325197665952,61.8516691946901,5.1472,20.1798,16.7109,6.9094,15.1562,1.4125,16.2351,13.0385,5.2105,48.9473,25.327,51.0528,34.7055,0.4402,376405,2666510,ISCO-08,9,,
CZE,Czechia,Europe & Central Asia,country,2025,10886878.0,15.085690166576,63.734238443764,21.1800713896599,60.341,2.825,9.219,5578235.0,5420650,49.7907,2.70894317746628,34.8943828681843,62.3966739543494,5.1811,21.3568,16.8312,7.1068,15.2791,1.2699,15.3367,12.2512,5.3872,50.4759,26.5379,49.5241,,0.4488,385235,2736122,ISCO-08,9,,
DEU,Germany,Europe & Central Asia,country,2013,80645605.0,13.2325545744687,65.9544693115349,20.8129761139965,60.278,5.316,7.825,42179007.0,39936771,49.5213,1.45894463226383,27.7258458848951,70.8152094828411,4.3661,16.8287,22.1612,13.3795,14.4585,1.4866,13.0878,6.0297,8.2019,56.7355,21.1948,43.2645,43.2844,0.4851,5343340,22658327,ISCO-08,9,,
DEU,Germany,Europe & Central Asia,country,2014,80982500.0,13.1791375303406,65.8621937797938,20.9586686898656,60.378,4.979,7.612,42451594.0,40337929,49.8107,1.43811499003853,28.0851666953054,70.4767257159076,4.4659,17.0559,22.2899,13.2121,14.3315,1.4569,12.9642,6.1522,8.0715,57.0238,21.5218,42.9763,44.073,0.486,5329488,23002220,ISCO-08,9,,
DEU,Germany,Europe & Central Asia,country,2015,81686611.0,13.2101109669446,65.7365353514053,21.0533536816501,60.22,4.612,7.328,42693402.0,40724382,49.8544,1.39978647623171,27.6242257343991,70.9759853455225,4.5418,17.3222,22.4782,12.6674,14.489,1.4416,12.6924,6.1692,8.1982,57.0096,21.864,42.9904,44.6067,0.4851,5158720,23216807,ISCO-08,9,,
DEU,Germany,Europe & Central Asia,country,2016,82348669.0,13.3264938863506,65.5385099359924,21.134996177657,60.411,4.104,7.079,43118037.0,41348473,50.2115,1.30724054984753,27.33707604136,71.3556858152454,4.6036,17.7403,22.4616,13.169,14.3141,1.3221,12.5462,5.9469,7.896,57.9745,22.3439,42.0253,45.1645,0.4909,5445180,23971570,ISCO-08,9,,
DEU,Germany,Europe & Central Asia,country,2017,82657002.0,13.4570189858595,65.2493405041228,21.2936405100178,60.659,3.781,6.77,43391708.0,41751068,50.5112,1.27775937087065,27.408028435384,71.3142217227741,4.6519,17.9807,22.4102,13.0298,14.1748,1.2847,12.4203,6.157,7.8906,58.0726,22.6326,41.9274,45.1922,0.491,5440081,24245931,ISCO-08,9,,
DEU,Germany,Europe & Central Asia,country,2018,82905782.0,13.5626162807968,64.9876223341919,21.4497613850113,60.859,3.384,6.22,43612526.0,42136678,50.8248,1.26910924531579,27.3456982131664,71.3851925415178,4.7886,17.964,22.6739,12.9016,14.0484,1.2951,12.3169,6.1373,7.8743,58.3281,22.7526,41.672,46.2358,0.4915,5436306,24577524,ISCO-08,9,,
DEU,Germany,Europe & Central Asia,country,2019,83092962.0,13.6625971101334,64.709009583285,21.6283933065816,61.307,3.163,5.859,43981829.0,42590684,51.2567,1.18740607688,27.1495116563958,71.6630846015593,4.9459,18.1617,23.2091,12.4505,14.0244,1.2756,12.0537,6.0481,7.831,58.7672,23.1076,41.2328,46.8461,0.4925,5302753,25029352,ISCO-08,9,,
DEU,Germany,Europe & Central Asia,country,2020,83160871.0,13.7617263334875,64.3935455490144,21.8447281174981,60.478,3.881,7.862,43372704.0,41689409,50.131,1.11355468975483,27.2304940804705,71.6559512297747,4.2654,21.2762,21.0537,13.802,13.5622,1.3227,11.4448,5.9522,7.3208,60.3973,25.5416,39.6027,50.0363,0.5054,5753972,25179277,ISCO-08,9,,
DEU,Germany,Europe & Central Asia,country,2021,83196078.0,13.8577309430111,64.007731691245,22.1345373657439,60.395,3.594,6.665,43283278.0,41727677,50.1558,1.21183428547171,27.3811673985671,71.4070006981136,4.2129,22.4222,20.3179,13.3151,13.4565,1.3641,11.5048,5.9438,7.4626,60.2681,26.6351,39.7318,49.5839,0.5044,5556082,25148478,ISCO-08,9,,
DEU,Germany,Europe & Central Asia,country,2022,83177813.0,13.9125311211787,63.6285624993021,22.4589063795192,60.835,3.137,6.049,43561312.0,42194794,50.7284,1.27225858221331,26.7742975854336,71.9534438323531,4.2003,22.5404,20.0175,13.2387,13.7038,1.4065,11.1148,6.2465,7.5314,59.9969,26.7407,40.003,49.4401,0.5036,5586042,25315568,ISCO-08,9,,
DEU,Germany,Europe & Central Asia,country,2023,83287273.0,13.9155702737293,63.2943857808214,22.7900439454493,61.05,3.071,6.02,43771247.0,42427032,50.9406,1.21168390188867,26.3957028467134,72.3926155732498,4.4009,22.7841,19.9816,13.2439,13.852,1.3048,10.705,6.2149,7.5127,60.4105,27.185,39.5894,48.6887,0.5059,5618994,25630382,ISCO-08,9,,
DEU,Germany,Europe & Central Asia,country,2024,83516593.0,13.9101604189277,62.8942524078782,23.1955871731941,60.921,3.4,6.604,43801773.0,42312513,50.6636,1.09309527721912,26.2904809714931,72.6164237512878,4.4876,23.6006,20.0835,12.7656,13.8667,1.3148,10.4734,6.2217,7.1862,60.9373,28.0882,39.0628,48.2658,0.508,5401446,25784103,ISCO-08,9,,
DEU,Germany,Europe & Central Asia,country,2025,83491249.0,13.8859014629835,62.4109003911736,23.7031981458429,60.571,3.711,6.862,43549178.0,41933068,50.2245,1.07104516806735,25.9741661900069,72.9547886419257,4.4556,23.8106,20.1084,12.4382,14.1058,1.2049,10.9119,5.5611,7.4035,60.8128,28.2662,39.1872,,0.5072,5215719,25500673,ISCO-08,9,,
DJI,Djibouti,"Middle East, North Africa, Afghanistan & Pakistan",country,2013,984824.0,35.0719341364883,60.9950808494305,3.93298501408119,32.847,26.149,71.343,210033.0,155111,15.7501,1.52661913173537,4.98601028920665,93.4867258919246,,,,,,,,,,,,,,,,,,0,,
DJI,Djibouti,"Middle East, North Africa, Afghanistan & Pakistan",country,2014,1002717.0,34.5776851406303,61.3899228845612,4.03239197480846,32.72,26.16,72.035,214643.0,158492,15.8063,1.47197072462854,5.13833243950913,93.3896968358623,,,,,,,,,,,,,,,,,,0,,
DJI,Djibouti,"Middle East, North Africa, Afghanistan & Pakistan",country,2015,1020313.0,34.0336739804354,61.8426404446479,4.12368557491672,32.581,26.063,72.492,219291.0,162137,15.8909,1.41053553476381,5.31710837131562,93.2723560939206,,,,,,,,,,,,,,,,,,0,,
DJI,Djibouti,"Middle East, North Africa, Afghanistan & Pakistan",country,2016,1037653.0,33.4449473957094,62.3549009158167,4.20015168847389,32.431,25.982,73.014,223972.0,165780,15.9764,1.35362565373966,5.48930189350754,93.1564692327645,,,,,,,,,,,,,,,,,,0,,
DJI,Djibouti,"Middle East, North Africa, Afghanistan & Pakistan",country,2017,1054841.0,32.8238250237832,62.9089421576058,4.26723281861097,32.272,26.064,73.951,228680.0,169077,16.0287,1.32424871508248,5.63530225873419,93.041040472684,4.7935,13.9271,14.4222,14.3971,27.8946,2.145,9.4628,1.1339,11.8239,47.5399,18.7206,52.4602,47.0772,0.4654,24342,80379,ISCO-08,9,,
DJI,Djibouti,"Middle East, North Africa, Afghanistan & Pakistan",country,2018,1071882.0,32.1897373031733,63.4764834188838,4.33377927794291,32.111,26.18,74.98,233398.0,172294,16.074,1.29199266361758,5.79191140621735,92.9160959301651,,,,,,,,,,,,,,,,,,0,,
DJI,Djibouti,"Middle East, North Africa, Afghanistan & Pakistan",country,2019,1088709.0,31.5752877949939,64.0188976117585,4.4058145932476,31.955,26.257,75.906,238047.0,175543,16.124,1.25780431116985,5.92444059608987,92.8177550927403,,,,,,,,,,,,,,,,,,0,,
DJI,Djibouti,"Middle East, North Africa, Afghanistan & Pakistan",country,2020,1105188.0,31.0085564589208,64.5163698319336,4.47507370914554,31.564,27.701,81.882,240671.0,174003,15.7442,1.31032223582352,5.88208249283058,92.8081699740809,,,,,,,,,,,,,,,,,,0,,
DJI,Djibouti,"Middle East, North Africa, Afghanistan & Pakistan",country,2021,1121248.0,30.4978470418676,64.9610969205742,4.54105603755815,31.784,27.628,79.377,247690.0,179258,15.9874,1.30869899923018,6.06375026497529,92.6275507357945,,,,,,,,,,,,,,,,,,0,,
DJI,Djibouti,"Middle East, North Africa, Afghanistan & Pakistan",country,2022,1137096.0,30.0233665407318,65.3492756987976,4.62735776047053,31.789,26.272,76.609,252945.0,186491,16.4006,1.28318560344042,6.14513456557759,92.571679830982,,,,,,,,,,,,,,,,,,0,,
DJI,Djibouti,"Middle East, North Africa, Afghanistan & Pakistan",country,2023,1152944.0,29.5746062144416,65.6896456764794,4.73574810907906,31.775,26.074,76.393,258002.0,190731,16.543,1.23839983222356,6.33251192785613,92.4285639385519,,,,,,,,,,,,,,,,,,0,,
DJI,Djibouti,"Middle East, North Africa, Afghanistan & Pakistan",country,2024,1168722.0,29.1700678176675,65.9791207832145,4.85081139911801,31.773,26.007,76.494,263018.0,194615,16.6519,1.19006022239122,6.53299899286786,92.2769407847409,,,,,,,,,,,,,,,,,,0,,
DJI,Djibouti,"Middle East, North Africa, Afghanistan & Pakistan",country,2025,1184076.0,28.8031220955741,66.2248173998893,4.97206050453666,31.744,26.015,76.766,267610.0,197991,16.7211,1.15106823576948,6.68266074044144,92.1662710237891,,,,,,,,,,,,,,,,,,0,,
DMA,Dominica,Latin America & Caribbean,country,2013,69715.0,22.4585813669942,67.3886538047766,10.1527648282292,,,,,,,,,,,,,,,,,,,,,,,,,,,0,,
DMA,Dominica,Latin America & Caribbean,country,2014,70373.0,22.2542736560897,68.2001619939465,9.54556434996376,,,,,,,,,,,,,,,,,,,,,,,,,,,0,,
DMA,Dominica,Latin America & Caribbean,country,2015,70410.0,21.6801590683142,68.6784547649482,9.64138616673768,,,,,,,,,,,,,,,,,,,,,,,,,,,0,,
DMA,Dominica,Latin America & Caribbean,country,2016,69606.0,20.7530905878043,68.6825224655743,10.5643869466214,,,,,,,,,,,,,,,,,,,,,,,,,,,0,,
DMA,Dominica,Latin America & Caribbean,country,2017,68496.0,19.8659785536487,68.4830611783084,11.6509602680429,,,,,,,,,,,,,,,,,,,,,,,,,,,0,,
DMA,Dominica,Latin America & Caribbean,country,2018,68174.0,19.5256290841884,68.6869724017045,11.7873985141072,,,,,,,,,,,,,,,,,,,,,,,,,,,0,,
DMA,Dominica,Latin America & Caribbean,country,2019,67880.0,19.1903418507524,68.8415671658282,11.9680909834194,,,,,,,,,,,,,,,,,,,,,,,,,,,0,,
DMA,Dominica,Latin America & Caribbean,country,2020,67573.0,18.8462847587054,68.9683749426546,12.18534029864,,,,,,,,,,,,,,,,,,,,,,,,,,,0,,
DMA,Dominica,Latin America & Caribbean,country,2021,67202.0,18.5254903127883,69.0634207315259,12.4110889556858,,,,,,,,,,,,,,,,,,,,,,,,,,,0,,
DMA,Dominica,Latin America & Caribbean,country,2022,66826.0,18.2928927895371,69.1215311291179,12.585576081345,,,,,,,,,,,,,,,,,,,,,,,,,,,0,,
DMA,Dominica,Latin America & Caribbean,country,2023,66510.0,18.1099224934409,69.1462250321378,12.7438524744213,,,,,,,,,,,,,,,,,,,,,,,,,,,0,,
DMA,Dominica,Latin America & Caribbean,country,2024,66205.0,17.8732724114493,69.1707574956574,12.9559700928933,,,,,,,,,,,,,,,,,,,,,,,,,,,0,,
DMA,Dominica,Latin America & Caribbean,country,2025,65871.0,17.6115619046173,69.1900138906811,13.1984242047016,,,,,,,,,,,,,,,,,,,,,,,,,,,0,,
DNK,Denmark,Europe & Central Asia,country,2013,5614932.0,17.3294991881603,64.6171531249485,18.0533476868912,61.49,7.384,14.774,2854299.0,2643538,47.0805,2.59360042485299,19.641242816043,77.765156759104,2.0192,27.2073,17.4641,7.337,19.8515,2.2787,8.9373,5.4344,9.4706,54.0276,29.2265,45.9725,19.53,0.4781,193956,1428240,ISCO-08,9,,
DNK,Denmark,Europe & Central Asia,country,2014,5643475.0,17.1096783475797,64.4747664425739,18.4155552098464,61.336,6.925,14.196,2869233.0,2670539,47.3208,2.48018116652912,19.3701482611997,78.1496705722712,2.2605,26.7993,17.3712,7.6399,20.079,2.0133,8.5889,5.427,9.821,54.0709,29.0598,45.9292,20.2379,0.479,204027,1443984,ISCO-08,9,,
DNK,Denmark,Europe & Central Asia,country,2015,5683483.0,16.9156945448045,64.3803658918722,18.7039395633233,61.413,6.278,12.152,2899972.0,2717912,47.8212,2.49157664462381,19.4244524910984,78.0839708642778,2.5782,26.2576,17.5096,7.8674,19.9312,1.8951,8.5111,5.2626,10.1871,54.2128,28.8358,45.7871,20.76,0.4792,213829,1473456,ISCO-08,9,,
DNK,Denmark,Europe & Central Asia,country,2016,5728010.0,16.7748652674723,64.2825644561006,18.9425702764271,61.744,5.989,12.147,2943425.0,2767143,48.309,2.33416183454597,19.0482161687107,78.617585859732,3.0004,26.6477,17.8699,7.9663,19.5434,1.8151,7.666,5.1777,10.3133,55.4843,29.6481,44.5155,22.1592,0.4846,220439,1535330,ISCO-08,9,,
DNK,Denmark,Europe & Central Asia,country,2017,5764980.0,16.6698524657044,64.1478791251183,19.1822684091773,61.827,5.833,12.384,2970148.0,2796899,48.5153,2.11062002904543,18.9381973101161,78.9511826608385,2.6308,26.967,18.5616,7.2532,19.6626,1.5925,7.9147,5.1232,10.2944,55.4126,29.5978,44.5874,22.1496,0.4835,202865,1549834,ISCO-08,9,,
DNK,Denmark,Europe & Central Asia,country,2018,5793636.0,16.552020172513,64.0075911860982,19.4403886413888,61.906,5.131,10.52,2992952.0,2839384,49.0087,2.19166349414525,18.9097537689026,78.8985827369521,2.8549,27.7944,18.1353,6.6406,19.3756,1.6996,7.8274,5.3089,10.3633,55.4252,30.6493,44.5748,22.0532,0.4821,188552,1573734,ISCO-08,9,,
DNK,Denmark,Europe & Central Asia,country,2019,5814422.0,16.4286530578059,63.8569667124335,19.7143802297606,62.445,5.018,10.041,3034322.0,2882060,49.5674,2.2229608691021,18.5459659066661,79.2310732242318,3.1854,28.0242,18.1388,6.7101,19.1851,1.6304,7.4893,5.135,10.5018,56.0585,31.2096,43.9416,22.9175,0.4847,193389,1615640,ISCO-08,9,,
DNK,Denmark,Europe & Central Asia,country,2020,5831404.0,16.3064495938459,63.6927358686314,20.0008145375227,62.144,5.644,11.634,3032944.0,2861765,49.0751,2.10275058939704,18.8858640104577,79.0113854001453,2.7811,28.8602,18.3348,6.7394,18.6678,1.5178,7.572,5.1852,10.3417,56.7155,31.6413,43.2845,22.6149,0.4879,192866,1623064,ISCO-08,9,,
DNK,Denmark,Europe & Central Asia,country,2021,5856733.0,16.1739311718656,63.5779425764326,20.2481262517018,62.667,5.065,10.8,3076617.0,2920786,49.8706,2.03932108222848,19.3605231398663,78.6001557779052,2.8223,28.2681,18.7981,6.6281,18.5315,1.6244,7.6156,5.3202,10.3917,56.5166,31.0904,43.4834,22.8596,0.4859,193593,1650729,ISCO-08,9,,
DNK,Denmark,Europe & Central Asia,country,2022,5903037.0,16.0362862106758,63.5629737128517,20.4007400764725,63.504,4.434,10.533,3147518.0,3007957,50.9561,2.11706685887241,19.0743139372211,78.8086524498253,2.806,28.5521,18.6825,6.4441,18.5379,1.6002,7.4705,5.159,10.7476,56.4847,31.3581,43.5152,21.1907,0.4855,193836,1699035,ISCO-08,9,,
DNK,Denmark,Europe & Central Asia,country,2023,5946952.0,15.8669526161681,63.5328644525895,20.6001829312424,63.752,5.094,11.499,3189737.0,3027252,50.9043,2.02027441199317,19.2575538598929,78.7221717281139,2.5651,29.3264,18.5231,6.4194,18.6176,1.5832,7.3435,5.0546,10.5672,56.834,31.8915,43.1661,21.2865,0.488,194331,1720508,ISCO-08,9,,
DNK,Denmark,Europe & Central Asia,country,2024,5976992.0,15.6963833177301,63.4375462156532,20.8660704666167,65.045,5.358,11.786,3277500.0,3101892,51.8972,1.66649581675606,19.0027329538531,79.330803465223,2.8894,29.617,17.5653,7.1818,19.4026,1.5166,7.0636,4.5166,10.247,57.2535,32.5064,42.7464,21.4682,0.4933,222772,1775942,ISCO-08,9,,
DNK,Denmark,Europe & Central Asia,country,2025,6009169.0,15.5619810189309,63.319051522972,21.1189674580971,64.935,5.529,11.737,3294817.0,3112647,51.7983,1.62047541964826,18.8047064030071,79.5748181773447,3.2322,29.9067,16.9434,7.6591,19.4322,1.3575,7.0678,4.3837,10.0172,57.7414,33.1389,42.2584,,0.4969,238401,1797286,ISCO-08,9,,
DOM,Dominican Republic,Latin America & Caribbean,country,2013,10193833.0,29.8367468761136,64.7350689743038,5.4281841495826,59.269,7.351,17.392,4239112.0,3927495,38.5281,9.91814573664254,18.4769423964753,71.6049118668822,3.3489,7.9574,7.6616,8.3413,20.1755,6.8057,13.3021,9.1477,23.2598,27.3092,11.3063,72.6908,24.229,0.3329,327604,1072567,ISCO-88,9,,
DOM,Dominican Republic,Latin America & Caribbean,country,2014,10315528.0,29.5305305521215,64.8892119186343,5.58025752924414,59.529,6.719,13.343,4327340.0,4036586,39.1312,10.0882425803894,19.1100431055839,70.8017143140267,2.8522,7.9711,7.3164,8.9773,20.4897,6.6128,13.9923,9.4238,22.3644,27.117,10.8233,72.883,24.3398,0.3349,362376,1094601,ISCO-88,9,,
DOM,Dominican Republic,Latin America & Caribbean,country,2015,10434829.0,29.1898698100371,65.0659009361821,5.74422925378078,62.007,7.605,16.426,4581646.0,4233212,40.5681,9.82435526376711,19.0229197553437,71.1527249808892,2.4285,8.199,5.8185,7.2943,26.3147,5.9079,13.987,8.9059,21.1442,23.7403,10.6275,76.2597,21.8911,0.328,308783,1004977,ISCO-08,9,,
DOM,Dominican Republic,Latin America & Caribbean,country,2016,10551430.0,28.8385095119102,65.2322227997638,5.92926768832602,62.451,7.284,16.738,4689168.0,4347609,41.204,9.02419759583515,19.7161344753523,71.2596679288126,2.3722,7.9718,6.4277,7.7273,26.9261,5.1705,13.99,9.0348,20.3796,24.499,10.344,75.501,24.2766,0.3345,335953,1065121,ISCO-08,9,,
DOM,Dominican Republic,Latin America & Caribbean,country,2017,10666843.0,28.5092271443388,65.3577258050953,6.13304705056594,62.367,5.832,13.441,4755988.0,4478619,41.9864,9.68324486511844,20.098320179394,70.2184572837292,2.1496,7.8385,6.1082,7.3164,26.1297,5.574,15.1523,8.9827,20.7485,23.4127,9.9881,76.5872,22.6322,0.3265,327674,1048566,ISCO-08,9,,
DOM,Dominican Republic,Latin America & Caribbean,country,2018,10782053.0,28.2130950286975,65.4341030676578,6.35280190364479,63.771,5.861,14.847,4935940.0,4646645,43.0961,9.43535056308272,20.2519749161386,70.312652999912,2.0631,8.6905,5.7373,7.9241,25.8943,5.7558,15.1751,9.1528,19.607,24.415,10.7536,75.585,22.2747,0.3331,368205,1134478,ISCO-08,9,,
DOM,Dominican Republic,Latin America & Caribbean,country,2019,10894043.0,27.9439906771072,65.4731826616995,6.58282666119334,65.189,6.356,15.835,5117215.0,4791965,43.987,8.88331377266102,19.4627506924144,71.6539146664975,2.5668,8.2653,6.0124,8.3177,26.2291,5.4071,14.4719,9.5544,19.1754,25.1622,10.8321,74.8379,23.4641,0.338,398581,1205764,ISCO-08,9,,
DOM,Dominican Republic,Latin America & Caribbean,country,2020,11008300.0,27.6825804165948,65.5074489249021,6.80997065850313,60.365,6.126,14.766,4805608.0,4511216,40.9801,8.95287648239809,19.477800410402,71.5693231071999,2.4114,7.8343,5.4714,7.9796,25.0586,5.3378,14.7439,11.4492,19.7138,23.6967,10.2457,76.3033,21.5446,0.3282,359977,1069009,ISCO-08,9,,
DOM,Dominican Republic,Latin America & Caribbean,country,2021,11123476.0,27.4364069035797,65.5342478167008,7.02934527971945,63.174,7.702,16.874,5099149.0,4706413,42.3106,8.00880071646586,20.2514429711661,71.7397350648633,2.1639,7.8036,5.3689,8.1998,25.758,5.1395,15.5666,10.7116,19.2881,23.5362,9.9675,76.4638,21.9617,0.3296,385916,1107711,ISCO-08,9,,
DOM,Dominican Republic,Latin America & Caribbean,country,2022,11230734.0,27.1919594566107,65.5209074278185,7.28713311557077,63.224,5.504,12.852,5169749.0,4885206,43.4985,7.77446048503892,19.454594768867,72.770944746094,1.9378,7.7784,6.237,8.225,26.9045,4.9041,15.4947,10.0972,18.4212,24.1782,9.7162,75.8217,24.4083,0.3353,401808,1181155,ISCO-08,9,,
DOM,Dominican Republic,Latin America & Caribbean,country,2023,11331265.0,26.9140017944156,65.5051370917044,7.58086111388,64.282,5.555,11.559,5323558.0,5027834,44.3713,7.38570740116142,19.1777587856683,73.4365338131703,2.1881,8.6795,6.212,8.1104,26.5704,4.2744,15.7537,9.6723,18.5393,25.19,10.8676,74.8101,24.2996,0.3399,407777,1266511,ISCO-08,9,,
DOM,Dominican Republic,Latin America & Caribbean,country,2024,11427557.0,26.5786510625149,65.541873910583,7.87947502690208,64.648,5.312,12.872,5424140.0,5136010,44.9441,7.18908384950768,19.0609933016266,73.7499423191835,2.5146,8.5654,6.6339,8.8478,26.0203,4.4811,15.5223,9.6367,17.778,26.5617,11.08,73.4384,26.1653,0.3467,454424,1364212,ISCO-08,9,,
DOM,Dominican Republic,Latin America & Caribbean,country,2025,11520487.0,26.1990877642586,65.6130595868039,8.1878526489375,64.839,5.092,12.312,5512758.0,5232048,45.4152,7.00888333168325,18.9706856552867,74.0204119000483,2.8019,9.0358,6.7805,8.7263,25.5063,4.27,15.2415,9.907,17.7308,27.3445,11.8377,72.6556,25.1459,0.3495,456564,1430677,ISCO-08,9,,
DZA,Algeria,"Middle East, North Africa, Afghanistan & Pakistan",country,2013,38414171.0,28.0774960876092,66.9223817569513,5.00012215543943,42.874,9.82,25.459,11845414.0,10682194,27.808,9.92996887880182,30.3771783621735,59.6928527590247,2.5237,11.3469,4.2443,7.3894,26.0778,7.6952,19.8356,7.5232,13.3639,25.5043,13.8706,74.4957,,0.3392,789350,2724419,ISCO-88,9,,
DZA,Algeria,"Middle East, North Africa, Afghanistan & Pakistan",country,2014,39205031.0,28.5548763952626,66.3589408507156,5.08618275402183,42.603,10.207,25.664,11933136.0,10715121,27.331,9.34516649577231,31.0700120585744,59.5848214456533,2.6966,10.4307,4.0794,7.3291,27.6077,6.213,18.7278,7.9119,15.004,24.5358,13.1273,75.4644,,0.3374,785322,2629041,ISCO-08,9,,
DZA,Algeria,"Middle East, North Africa, Afghanistan & Pakistan",country,2015,40019529.0,29.0409389875628,65.7623256885407,5.19673532389649,42.459,11.206,30.377,12057287.0,10706147,26.7523,8.85097701569207,31.1411247379316,60.0078982463763,,,,,,,,,,,,,,,,,,0,,
DZA,Algeria,"Middle East, North Africa, Afghanistan & Pakistan",country,2016,40850721.0,29.5001353831674,65.1739647385905,5.32589987824205,42.333,10.202,26.228,12191778.0,10947973,26.8,8.53615172319933,31.345279703912,60.1185685728887,,,,,,,,,,,,,,,,,,0,,
DZA,Algeria,"Middle East, North Africa, Afghanistan & Pakistan",country,2017,41689299.0,29.9456114625482,64.587146212269,5.46724232518278,42.325,12.0,30.295,12361094.0,10877763,26.0925,10.161292398435,30.9825092666137,58.8561891418821,,,,,,,,,,,,,,,,,,0,,
DZA,Algeria,"Middle East, North Africa, Afghanistan & Pakistan",country,2018,42505035.0,30.3410419495008,64.0409495016296,5.61800854886956,42.281,12.112,30.709,12518797.0,11002520,25.8852,10.1104520348092,31.1345205189608,58.75502744623,,,,,,,,,,,,,,,,,,0,,
DZA,Algeria,"Middle East, North Africa, Afghanistan & Pakistan",country,2019,43294546.0,30.6392172353534,63.5858047801217,5.77497798452489,42.203,12.302,31.202,12673323.0,11114251,25.6712,10.0053795846248,31.2172374163922,58.777382998983,,,,,,,,,,,,,,,,,,0,,
DZA,Algeria,"Middle East, North Africa, Afghanistan & Pakistan",country,2020,44042091.0,30.8424615897551,63.2634495033399,5.89408890690499,38.042,14.08,35.767,11586994.0,9955545,22.6046,10.4652281703881,31.2585868119024,58.2761950622328,,,,,,,,,,,,,,,,,,0,,
DZA,Algeria,"Middle East, North Africa, Afghanistan & Pakistan",country,2021,44761099.0,30.9168972817222,63.0690613740293,6.0140413442485,38.425,13.656,33.828,11881915.0,10259321,22.9202,10.2836824474452,31.4964549563209,58.2198528489355,,,,,,,,,,,,,,,,,,0,,
DZA,Algeria,"Middle East, North Africa, Afghanistan & Pakistan",country,2022,45477389.0,30.8411919729913,62.9718445030799,6.18696352392874,41.795,12.382,31.359,13145205.0,11517566,25.3259,10.1697043198126,31.7765382666501,58.0537400485733,,,,,,,,,,,,,,,,,,0,,
DZA,Algeria,"Middle East, North Africa, Afghanistan & Pakistan",country,2023,46164219.0,30.6393475431697,62.9837937905979,6.37685866623239,41.507,11.645,29.995,13290460.0,11742786,25.437,9.8478645435881,31.9607938815742,58.1913415748377,,,,,,,,,,,,,,,,,,0,,
DZA,Algeria,"Middle East, North Africa, Afghanistan & Pakistan",country,2024,46814308.0,30.3290046531181,63.0887832742159,6.58221207266603,41.161,11.655,29.884,13425069.0,11860377,25.3349,9.66179872338219,32.1248254146521,58.2133758619657,,,,,,,,,,,,,,,,,,0,,
DZA,Algeria,"Middle East, North Africa, Afghanistan & Pakistan",country,2025,47435312.0,29.9254996986791,63.2685694495755,6.80593085174533,40.784,11.633,29.444,13556625.0,11979583,25.2546,9.48460293195362,32.2610561807939,58.2543408872525,,,,,,,,,,,,,,,,,,0,,
EAS,East Asia & Pacific,AGGREGATE,region,2013,2243727889.0,20.4993,70.0889,9.4118,68.5026,4.032,9.8581,1222443706.0,1183884664,52.7642,30.793,26.9032,42.3037,3.9399,8.7936,5.3818,7.8202,18.8818,18.7012,11.1552,8.1085,19.2744,25.0686,12.73,74.9314,19.2488,0.3118,30696703,296783311,,,33.16,38
EAS,East Asia & Pacific,AGGREGATE,region,2014,2260993506.0,20.443,69.8757,9.6813,68.365,4.0046,10.0231,1230049932.0,1191644687,52.7045,29.2245,26.9098,43.8657,3.7886,8.6561,5.3259,7.646,18.8776,19.4013,11.1278,8.002,19.1042,24.6129,12.4413,75.3871,19.2026,0.3088,32303226,293298315,,,35.45,38
EAS,East Asia & Pacific,AGGREGATE,region,2015,2277382707.0,20.3628,69.6392,9.998,68.1126,4.0703,10.2985,1235622911.0,1196277611,52.5286,28.1104,26.6243,45.2653,3.8107,8.8733,5.1895,7.6483,18.7676,18.7671,11.0763,8.0622,19.7889,24.7149,12.6804,75.285,19.6752,0.3095,31474135,295658815,,,34.4,38
EAS,East Asia & Pacific,AGGREGATE,region,2016,2293567696.0,20.2809,69.3775,10.3416,67.7977,3.9805,10.1136,1239813387.0,1201434070,52.3828,27.1668,26.8768,45.9564,3.0317,12.4027,8.1531,9.9499,20.1771,11.1852,11.3056,9.7182,18.2447,31.2092,15.4292,68.7909,24.6428,0.3578,22505106,374957962,,,18.83,38
EAS,East Asia & Pacific,AGGREGATE,region,2017,2309923050.0,20.242,69.0431,10.7149,67.4005,3.8471,9.8672,1242041850.0,1205257456,52.1774,26.4573,27.1249,46.4179,3.9216,9.3531,5.3785,7.5379,20.447,17.219,11.0573,8.1399,18.8896,25.3569,13.2711,74.6431,20.0154,0.3172,31813732,305615928,,,35.02,38
EAS,East Asia & Pacific,AGGREGATE,region,2018,2324002051.0,20.1545,68.7259,11.1196,67.2786,3.7382,9.3755,1248413877.0,1212972108,52.1932,25.5885,27.4291,46.9824,4.748,11.056,7.1358,8.8595,19.4876,12.5704,10.531,9.1061,19.6731,30.1529,15.7976,69.8471,22.253,0.3451,25636974,365746267,,,23.86,38
EAS,East Asia & Pacific,AGGREGATE,region,2019,2336171159.0,19.9937,68.4717,11.5346,67.062,3.7945,9.6933,1253211906.0,1216815176,52.0859,24.6121,27.7309,47.657,3.5339,9.5924,5.5831,7.5575,21.4969,15.8368,11.0684,8.7332,18.532,25.3973,13.1231,74.6027,20.229,0.3212,32725986,309038201,,,35.59,38
EAS,East Asia & Pacific,AGGREGATE,region,2020,2345837059.0,19.7552,68.2662,11.9786,65.5788,4.2753,11.3163,1234581703.0,1193025294,50.8571,23.9455,27.8867,48.1678,3.2939,9.8431,5.411,7.7272,21.7106,16.0113,10.815,8.6903,18.4098,25.4266,13.134,74.5734,20.0663,0.3225,32996725,303345769,,,35.79,38
EAS,East Asia & Pacific,AGGREGATE,region,2021,2351630207.0,19.4309,68.1665,12.4026,66.1937,4.0557,11.2223,1254887385.0,1203898378,51.1942,23.2524,28.2886,48.4589,3.1932,10.0686,5.2424,7.9446,21.9256,15.9144,10.8247,8.2162,17.7076,25.5602,13.2618,74.4399,20.4993,0.3242,31243049,307718833,,,32.67,37
EAS,East Asia & Pacific,AGGREGATE,region,2022,2356430840.0,19.0411,68.1209,12.838,65.9324,4.0891,12.3201,1257355740.0,1205735532,51.1679,24.127,27.6892,48.1838,2.8559,10.1524,5.3365,7.9993,22.1196,15.939,10.439,8.4521,17.7355,25.4576,13.0083,74.5424,20.4683,0.3246,32327981,306951329,,,33.52,37
EAS,East Asia & Pacific,AGGREGATE,region,2023,2361068202.0,18.5963,68.1388,13.2649,66.0639,3.8464,12.6693,1269234795.0,1220241010,51.6817,22.9203,28.1058,48.9739,2.7745,10.1789,5.353,7.9554,22.2934,15.2631,10.7453,8.5006,17.9462,25.3893,12.9534,74.6107,20.6456,0.325,32894622,309810651,,,33.89,37
EAS,East Asia & Pacific,AGGREGATE,region,2024,2364906569.0,18.1225,68.2866,13.5909,65.4973,3.794,12.3922,1267478267.0,1219228939,51.5551,22.3197,28.2668,49.4135,3.4556,12.1295,8.0696,5.9742,17.4388,14.711,10.8211,11.2171,16.5494,29.6289,15.5851,70.371,25.0178,0.3335,8906027,361244123,,,12.23,37
EAS,East Asia & Pacific,AGGREGATE,region,2025,2367527180.0,17.641,68.4994,13.8596,65.2621,3.7968,12.8138,1271623444.0,1223193096,51.6654,21.8171,28.3998,49.7831,4.7016,15.6043,11.0092,7.989,16.222,13.9094,9.0957,9.7132,11.7555,39.3041,20.3059,60.6959,34.3922,0.3844,7132038,480765038,,,7.3,37
ECS,Europe & Central Asia,AGGREGATE,region,2013,899906171.0,17.5772,67.4084,15.0144,57.8714,9.3754,22.0545,428772418.0,389034151,43.2305,9.306,25.018,65.676,6.3998,17.684,14.3557,7.6113,16.3577,5.9341,12.1057,8.6549,10.8968,46.0508,24.0838,53.9492,31.4928,0.4215,27993882,179153339,,,94.54,58
ECS,Europe & Central Asia,AGGREGATE,region,2014,903560070.0,17.6352,67.0994,15.2654,57.8767,9.0845,21.5687,430220866.0,391736230,43.3548,9.1278,24.8889,65.9833,6.4223,18.1387,14.5391,7.6244,16.3558,5.7434,12.2174,8.6656,10.2932,46.7245,24.561,53.2755,32.0487,0.4254,27661547,183036795,,,92.61,58
ECS,Europe & Central Asia,AGGREGATE,region,2015,907526485.0,17.7035,66.7676,15.5289,57.9528,8.7017,20.8141,432219712.0,395229346,43.5502,8.8895,24.648,66.4625,6.5004,18.3793,14.6318,7.6289,16.5401,5.323,12.1815,8.6233,10.1917,47.1404,24.8797,52.8596,32.2184,0.4281,27577833,186312695,,,91.46,58
ECS,Europe & Central Asia,AGGREGATE,region,2016,911578015.0,17.7808,66.4443,15.7749,58.1164,8.2364,19.7881,434903974.0,399813593,43.8595,8.6677,24.5138,66.8184,6.2095,19.2904,14.1396,7.5926,16.6531,5.1132,12.1491,8.7654,10.0876,47.2321,25.4999,52.7679,32.5967,0.4299,28284140,188840356,,,93.17,58
ECS,Europe & Central Asia,AGGREGATE,region,2017,915063823.0,17.8483,66.119,16.0327,58.1915,7.6504,18.2846,436747172.0,404054279,44.1559,8.3912,24.5228,67.086,6.1414,19.5086,14.2101,7.6617,16.7356,4.7781,12.0942,8.8613,10.009,47.5218,25.65,52.4782,32.5342,0.4321,28686377,192013866,,,92.66,58
ECS,Europe & Central Asia,AGGREGATE,region,2018,918415818.0,17.8795,65.825,16.2954,58.2651,7.0503,17.11,438700178.0,408532676,44.4823,8.139,24.5046,67.3564,6.1683,19.8721,14.2101,7.6699,16.7979,4.527,12.0588,8.8793,9.8165,47.9204,26.0404,52.0796,33.5874,0.4346,28937090,195770492,,,92.35,58
ECS,Europe & Central Asia,AGGREGATE,region,2019,921929161.0,17.885,65.5327,16.5823,58.1432,6.8348,16.3906,439460938.0,410352390,44.5102,7.9097,24.4516,67.6387,6.1544,20.2733,14.468,7.5407,16.7806,4.4608,11.9872,8.8169,9.5181,48.4363,26.4277,51.5637,34.04,0.4371,28558874,198759515,,,92.29,58
ECS,Europe & Central Asia,AGGREGATE,region,2020,923660463.0,17.8761,65.2578,16.8661,57.2765,7.3016,18.1726,433865278.0,403082191,43.6396,7.8666,24.345,67.7884,6.0917,21.6538,14.3574,7.7052,16.1902,4.4148,11.7115,8.7254,9.1499,49.8082,27.7456,50.1918,35.0776,0.444,28625521,200767984,,,92.17,58
ECS,Europe & Central Asia,AGGREGATE,region,2021,924375980.0,17.8492,65.0382,17.1126,57.752,7.0757,17.5498,437859931.0,407647109,44.0997,7.8126,24.3071,67.8803,6.3298,21.761,14.171,7.8631,15.8986,4.1475,11.8167,8.7212,9.291,50.1249,28.0908,49.8751,36.2095,0.4454,29547265,204332706,,,92.18,58
ECS,Europe & Central Asia,AGGREGATE,region,2022,924267385.0,17.7663,64.8416,17.3922,58.4368,5.9948,15.2234,422936978.0,398211811,43.084,7.3045,24.1419,68.5536,6.0379,22.0953,14.2108,8.1743,16.2121,4.1138,11.5119,8.6254,9.0185,50.5183,28.1332,49.4817,35.8515,0.4491,29842861,201169837,,,91.68,58
ECS,Europe & Central Asia,AGGREGATE,region,2023,924805070.0,17.601,64.6517,17.7472,58.6049,5.6802,14.489,426929634.0,403224857,43.6011,7.0353,23.8545,69.1102,6.2434,22.5084,14.4016,8.0208,16.2503,3.9306,11.3954,8.4386,8.8109,51.1743,28.7519,48.8257,36.1862,0.4522,29640454,206347498,,,91.65,58
ECS,Europe & Central Asia,AGGREGATE,region,2024,928566925.0,17.3947,64.4759,18.1294,58.5595,5.4716,14.0483,429351663.0,406285954,43.7541,6.803,23.8256,69.3714,6.3909,23.1867,14.4944,7.9251,16.1417,3.6916,11.2378,8.3176,8.6142,51.9971,29.5776,48.003,36.4399,0.4563,29270150,211256914,,,90.91,58
ECS,Europe & Central Asia,AGGREGATE,region,2025,932525035.0,17.1817,64.3053,18.513,58.1942,5.4469,13.9264,429151569.0,406151963,43.554,6.6728,23.6566,69.6706,6.3888,23.5746,14.7093,7.9508,16.1127,3.5616,11.167,8.0114,8.527,52.6236,29.9635,47.3764,35.5871,0.4596,28869692,213731784,,,89.4,58
ECU,Ecuador,Latin America & Caribbean,country,2013,15807128.0,30.0653486852687,63.6707396710756,6.26391164365569,62.261,3.083,8.332,6882742.0,6670547,42.1996,27.7670807043718,17.745985049549,54.4869192548521,1.2542,8.4947,4.4492,4.997,22.7265,13.4037,12.8603,6.9938,24.8207,19.1951,9.7489,80.805,13.804,0.2884,333327,1280418,ISCO-08,9,,
ECU,Ecuador,Latin America & Caribbean,country,2014,16035124.0,29.5684264877395,63.9831015967478,6.44847191551272,62.619,3.48,9.031,7072058.0,6825950,42.5687,26.3895550546575,18.5898192811504,55.0206256641921,1.2104,8.5266,4.1168,5.087,22.511,13.5647,13.6763,7.3819,23.9253,18.9408,9.737,81.0592,12.6821,0.2873,347236,1292890,ISCO-08,9,,
ECU,Ecuador,Latin America & Caribbean,country,2015,16266225.0,29.0480335787806,64.3119900284178,6.63997639280165,65.658,3.616,8.824,7577726.0,7303715,44.9011,27.3171938571813,18.2715367507203,54.4112830836989,1.3223,8.0217,4.5003,4.843,22.1994,14.4328,12.8336,7.564,24.2829,18.6873,9.344,81.3127,12.4841,0.2837,353719,1364867,ISCO-08,9,,
ECU,Ecuador,Latin America & Caribbean,country,2016,16505139.0,28.5021025421871,64.6722079914688,6.82568946634407,67.669,4.597,10.349,7985502.0,7618408,46.1578,28.0593781990725,17.2903721887704,54.65026273824,1.2685,8.1849,4.6215,3.8463,22.645,16.3135,12.1077,7.1863,23.8264,17.9212,9.4534,82.0789,10.0754,0.2776,293027,1365310,ISCO-08,9,,
ECU,Ecuador,Latin America & Caribbean,country,2017,16759519.0,27.9513711595371,65.0447019080708,7.00392693239207,68.154,3.836,8.465,8229598.0,7913911,47.2204,28.8156213481919,17.2219900003639,53.9623760154301,1.0414,7.5058,4.6332,3.2861,22.0481,17.4273,12.2433,7.1239,24.6909,16.4665,8.5472,83.5335,8.6706,0.2669,260059,1303144,ISCO-08,9,,
ECU,Ecuador,Latin America & Caribbean,country,2018,17049547.0,27.40143850747,65.4040358199557,7.19452567257434,66.66,3.53,7.956,8250992.0,7959732,46.6859,29.9612138057394,17.1698980538559,52.8688881404047,1.1901,7.4656,4.7986,3.2859,20.8319,18.5049,12.0597,6.9989,24.8643,16.7402,8.6557,83.2597,9.2101,0.2647,261549,1332475,ISCO-08,9,,
ECU,Ecuador,Latin America & Caribbean,country,2019,17340021.0,26.8591794998639,65.732908693337,7.40791180679909,66.179,3.812,8.733,8393240.0,8073290,46.5587,30.8610652741592,15.9356109804885,53.2033113588467,1.0507,7.6222,4.4361,3.5148,20.836,19.0834,11.7693,6.7707,24.9171,16.6238,8.6729,83.3765,8.9713,0.2644,283760,1342088,ISCO-08,9,,
ECU,Ecuador,Latin America & Caribbean,country,2020,17546065.0,26.3938617118386,66.0443856227703,7.56175266539115,60.033,6.116,11.068,7753251.0,7279062,41.4854,31.7946540279568,15.8813976565229,52.3239345773939,1.0397,8.3617,4.5441,3.1657,19.5911,20.6354,11.0912,6.6374,24.9337,17.1112,9.4014,82.8888,7.8325,0.2629,230433,1245535,ISCO-08,9,,
ECU,Ecuador,Latin America & Caribbean,country,2021,17682454.0,25.9766482079736,66.352985667233,7.67036612479336,65.686,4.504,9.136,8597736.0,8210494,46.433,32.1854828435665,16.830302541646,50.9842146147874,0.9529,7.166,4.2605,2.8876,20.355,20.205,10.8103,6.6352,26.7275,15.267,8.1189,84.733,6.8892,0.254,237086,1253496,ISCO-08,9,,
ECU,Ecuador,Latin America & Caribbean,country,2022,17823897.0,25.5167430556853,66.6328553177793,7.85040162653543,65.832,3.713,8.298,8739737.0,8415231,47.2132,31.5251824003046,17.3465369312639,51.1282687852885,0.868,7.2467,4.4121,2.844,20.14,19.8777,11.5158,6.4181,26.6778,15.3708,8.1147,84.6294,7.0339,0.2543,239329,1293488,ISCO-08,9,,
ECU,Ecuador,Latin America & Caribbean,country,2023,17980083.0,25.0046899116094,66.9024275360687,8.09288255232192,64.489,3.51,7.782,8695838.0,8390614,46.6662,29.9978106319384,17.4666997356192,52.5354896324424,0.9803,7.4258,4.5641,2.8831,20.2284,20.0847,11.4291,6.5114,25.8931,15.8533,8.4061,84.1467,8.1583,0.257,241910,1330189,ISCO-08,9,,
ECU,Ecuador,Latin America & Caribbean,country,2024,18135478.0,24.4558490395414,67.200152298168,8.34399866229053,64.54,3.453,8.574,8842169.0,8536849,47.0726,32.5873351767262,16.6456966578206,50.7669798794512,0.9265,7.4614,4.6933,2.8256,18.8017,20.7006,11.0728,6.1703,27.3479,15.9068,8.3879,84.0933,8.1324,0.2533,241217,1357939,ISCO-08,9,,
ECU,Ecuador,Latin America & Caribbean,country,2025,18289896.0,23.8989740564955,67.5045937932069,8.59643215029763,64.497,3.308,8.16,8977208.0,8680242,47.4592,32.4812231898717,16.5904803487916,50.9282964613367,0.9777,7.5307,4.557,2.8912,19.0089,21.5207,10.8449,6.5851,26.0837,15.9566,8.5084,84.0433,8.2662,0.2541,250963,1385071,ISCO-08,9,,
EGY,"Egypt, Arab Rep.","Middle East, North Africa, Afghanistan & Pakistan",country,2013,95333553.0,33.906155789662,62.0110954010074,4.08274880933054,48.436,13.154,34.12,30519334.0,26504821,27.8022,28.1032314526204,24.3845874421203,47.5121924238853,15.0063,12.7424,8.5051,3.0153,8.3947,18.136,16.6592,9.4001,8.1409,39.2691,27.7487,60.7309,11.8766,0.3457,799200,10408205,ISCO-08,9,,
EGY,"Egypt, Arab Rep.","Middle East, North Africa, Afghanistan & Pakistan",country,2014,97528654.0,33.9580258125986,61.9034207116198,4.13855347578159,48.117,13.105,32.198,30992087.0,26930574,27.613,27.690460713225,24.6889563201701,47.6205829666049,,,,,,,,,,,,,,,,,,0,,
EGY,"Egypt, Arab Rep.","Middle East, North Africa, Afghanistan & Pakistan",country,2015,99597342.0,34.0618753661117,61.7368302860934,4.20129434779494,46.978,13.052,34.16,30851683.0,26824921,26.9334,25.9833857159297,25.3105555619551,48.7060699058172,14.0063,12.0634,7.8622,2.8432,9.9065,15.7106,17.0924,10.2279,10.2874,36.7751,26.0697,63.2248,10.6222,0.338,762686,9864892,ISCO-08,9,,
EGY,"Egypt, Arab Rep.","Middle East, North Africa, Afghanistan & Pakistan",country,2016,101644589.0,34.1221179024099,61.6008772488617,4.27700484872835,46.63,12.45,33.655,31224055.0,27336660,26.8944,25.5738249191684,25.502635112937,48.9235326517436,13.0881,10.89,8.9186,2.6101,10.7339,17.6577,17.0418,11.0568,8.003,35.5068,23.9781,64.4932,14.7917,0.3325,713514,9706373,ISCO-08,9,,
EGY,"Egypt, Arab Rep.","Middle East, North Africa, Afghanistan & Pakistan",country,2017,103696057.0,34.104326001015,61.5289800193223,4.36669397966263,44.95,11.767,32.644,30714881.0,27100661,26.1347,25.0617915703103,26.557187423065,48.3810136267644,11.8101,11.2952,7.242,3.0635,10.7904,18.4518,17.8996,10.9407,8.5068,33.4108,23.1053,66.5893,13.079,0.3242,830229,9054548,ISCO-08,9,,
EGY,"Egypt, Arab Rep.","Middle East, North Africa, Afghanistan & Pakistan",country,2018,105682094.0,33.9830711245326,61.5446717092144,4.47225716625305,43.299,9.855,26.252,30208878.0,27231793,25.7677,21.6811988949726,26.8593593833445,51.4594343772588,11.9635,11.8563,8.087,3.1448,11.7172,15.2829,17.7475,11.5322,8.6686,35.0516,23.8198,64.9484,10.9061,0.3367,856385,9545179,ISCO-08,9,,
EGY,"Egypt, Arab Rep.","Middle East, North Africa, Afghanistan & Pakistan",country,2019,107553158.0,33.7421026726152,61.6643683303097,4.5935289970751,42.199,7.851,20.631,30072045.0,27711089,25.765,21.1580259380101,28.6055622940128,50.2364117679771,10.112,11.8049,7.7583,3.2318,11.5896,15.545,19.2396,11.9431,8.7757,32.907,21.9169,67.093,10.1322,0.3277,895567,9118888,ISCO-08,9,,
EGY,"Egypt, Arab Rep.","Middle East, North Africa, Afghanistan & Pakistan",country,2020,109315124.0,33.4741409316525,61.8346774314352,4.6911816369123,41.616,7.974,18.463,30264331.0,27851053,25.4778,20.379130038761,28.4964384837714,51.1244278869218,8.0153,11.8466,6.9414,4.715,17.6847,15.0799,19.5245,11.5011,4.6914,31.5183,19.8619,68.4816,10.8655,0.3397,1313177,8778178,ISCO-08,9,,
EGY,"Egypt, Arab Rep.","Middle East, North Africa, Afghanistan & Pakistan",country,2021,110957008.0,33.1918381396874,62.0672499568481,4.74091190346445,42.987,7.441,18.21,31865548.0,29494433,26.5819,19.2891712496112,28.3550846188215,52.3557441315673,3.76,12.375,6.6731,4.7514,17.8196,18.0989,19.5866,11.836,5.0995,27.5595,16.135,72.4406,11.0615,0.3227,1401398,8128518,ISCO-08,9,,
EGY,"Egypt, Arab Rep.","Middle East, North Africa, Afghanistan & Pakistan",country,2022,112618250.0,32.8513404037593,62.3202560966817,4.82840349955892,42.837,6.546,16.342,32394044.0,30273530,26.8815,18.9342357113841,28.6423937858317,52.4233638964086,3.3928,12.3831,6.4068,4.9438,17.8381,18.0078,19.4379,12.2453,5.3444,27.1265,15.7759,72.8735,9.8246,0.3215,1496663,8212149,ISCO-08,9,,
EGY,"Egypt, Arab Rep.","Middle East, North Africa, Afghanistan & Pakistan",country,2023,114535772.0,32.4351191889426,62.5951954232918,4.96968538776552,44.669,6.753,17.153,34567534.0,32233188,28.1425,18.2880136371241,29.199388245451,52.5125919126401,3.0282,12.4546,6.4594,4.6411,17.898,17.3435,20.2282,12.5326,5.4144,26.5833,15.4828,73.4167,9.6567,0.3193,1495974,8568645,ISCO-08,9,,
EGY,"Egypt, Arab Rep.","Middle East, North Africa, Afghanistan & Pakistan",country,2024,116538258.0,31.9946550599489,62.8890495466693,5.11629539338187,44.596,6.817,17.291,35343331.0,32933976,28.2602,17.9765724109745,29.2128699312743,52.8105546213588,3.6578,11.996,6.6762,4.6875,18.2547,17.17,19.2701,12.6378,5.65,27.0175,15.6538,72.9826,12.7761,0.3214,1543780,8897937,ISCO-08,9,,
EGY,"Egypt, Arab Rep.","Middle East, North Africa, Afghanistan & Pakistan",country,2025,118365995.0,31.5562617099458,63.1725431918709,5.27119509818337,44.568,6.781,18.293,36106369.0,33657996,28.4355,17.5246443528294,29.3573117863816,53.1180498028743,,,,,,,,,,,,,,,,,,0,,
ERI,Eritrea,Sub-Saharan Africa,country,2013,3074360.0,41.96199502303,54.2121198863959,3.82588509057412,79.317,5.624,9.945,1415251.0,1335657,43.445,57.7540691493344,12.894973271641,29.3509575790246,,,,,,,,,,,,,,,,,,0,,
ERI,Eritrea,Sub-Saharan Africa,country,2014,3095173.0,41.9957369096553,54.1210869507273,3.88317613961742,79.105,5.637,9.896,1420197.0,1340140,43.2977,54.8916340517933,13.0751006428457,32.033265305361,,,,,,,,,,,,,,,,,,0,,
ERI,Eritrea,Sub-Saharan Africa,country,2015,3105546.0,42.1052207888726,53.9621052143488,3.93267399677867,79.205,5.751,10.034,1424066.0,1342168,43.2184,57.351678940451,12.8508906565258,29.7974304030232,,,,,,,,,,,,,,,,,,0,,
ERI,Eritrea,Sub-Saharan Africa,country,2016,3124698.0,42.0787704923804,53.9574224453051,3.9638070623145,79.08,5.772,9.998,1431240.0,1348629,43.1603,56.2012560895131,12.8973106040945,30.9015074557143,,,,,,,,,,,,,,,,,,0,,
ERI,Eritrea,Sub-Saharan Africa,country,2017,3150347.0,41.9127797668003,54.0862800193122,4.00094021388755,78.996,5.804,9.989,1445587.0,1361685,43.2233,57.9783093386757,12.748697943441,29.2729192798371,,,,,,,,,,,,,,,,,,0,,
ERI,Eritrea,Sub-Saharan Africa,country,2018,3192760.0,41.5061981630003,54.4596909163716,4.03411092062809,78.688,5.756,9.802,1469550.0,1384963,43.3782,56.0725482579205,12.8684418399456,31.0590099021339,,,,,,,,,,,,,,,,,,0,,
ERI,Eritrea,Sub-Saharan Africa,country,2019,3240194.0,40.9911412711708,54.941278207416,4.06758052141323,78.388,5.812,9.845,1498780.0,1411671,43.5675,55.5668739635451,12.895854038818,31.5372719976368,,,,,,,,,,,,,,,,,,0,,
ERI,Eritrea,Sub-Saharan Africa,country,2020,3291271.0,40.4027107465035,55.5062854906639,4.09100376283262,77.509,6.375,11.1,1520345.0,1423423,43.2484,57.0156390176665,12.5467621451609,30.4375988371725,,,,,,,,,,,,,,,,,,0,,
ERI,Eritrea,Sub-Saharan Africa,country,2021,3350183.0,39.7738571295956,56.1255310530798,4.10061181732461,77.949,6.489,10.976,1572766.0,1470709,43.8994,57.4075081388486,12.4982661600681,30.0942257010833,,,,,,,,,,,,,,,,,,0,,
ERI,Eritrea,Sub-Saharan Africa,country,2022,3409447.0,39.2010493197284,56.6829019486151,4.11604873165648,78.35,6.033,10.186,1624123.0,1526140,44.7621,56.8180135387228,12.555786129853,30.6262003314242,,,,,,,,,,,,,,,,,,0,,
ERI,Eritrea,Sub-Saharan Africa,country,2023,3470390.0,38.6774308762748,57.1716085471098,4.15096057661539,78.348,5.909,9.965,1667350.0,1568826,45.206,56.3553533946063,12.6054051848929,31.0392414205008,,,,,,,,,,,,,,,,,,0,,
ERI,Eritrea,Sub-Saharan Africa,country,2024,3535603.0,38.1370165145804,57.6601077666243,4.20287571879535,78.338,5.947,10.056,1713432.0,1611534,45.5802,55.9917023313768,12.665548479495,31.3427491891281,,,,,,,,,,,,,,,,,,0,,
ERI,Eritrea,Sub-Saharan Africa,country,2025,3607003.0,37.590556481378,58.1513378281083,4.2581056905137,78.348,5.978,10.241,1763700.0,1658266,45.9735,55.4760411515685,12.7416689783267,31.7822898701048,,,,,,,,,,,,,,,,,,0,,
ESP,Spain,Europe & Central Asia,country,2013,46604197.0,15.0721422735095,67.0770392025555,17.850818523935,59.131,26.094,55.444,23404018.0,17296974,37.1146,4.33445212345307,20.1180749634228,75.5474729131241,4.7437,17.7585,11.1668,10.2168,22.1169,2.7287,11.0035,7.498,12.7672,43.8858,22.5022,56.1143,26.7981,0.4314,1767197,7590915,ISCO-08,9,,
ESP,Spain,Europe & Central Asia,country,2014,46460733.0,15.0512623691846,66.6930927877804,18.2556448430349,58.733,24.441,53.169,23180626.0,17515049,37.6986,4.26738296736193,19.1907210217164,76.5418960109216,4.5175,18.2519,11.2278,10.0184,22.1549,2.5835,10.7591,7.6694,12.8174,44.0156,22.7694,55.9843,27.9748,0.4323,1754728,7709354,ISCO-08,9,,
ESP,Spain,Europe & Central Asia,country,2015,46422303.0,14.9967903134298,66.4614550787613,18.5417546078088,58.623,22.057,48.353,23132898.0,18030475,38.8401,3.98797599058684,20.305933331881,75.7060906775321,4.5659,17.5376,11.4134,10.0559,22.991,2.446,11.2747,7.4226,12.293,43.5728,22.1035,56.4273,27.0202,0.4316,1813127,7856383,ISCO-08,9,,
ESP,Spain,Europe & Central Asia,country,2016,46458139.0,14.9182925617657,66.3143685616246,18.7673388766097,58.325,19.635,44.445,23054343.0,18527623,39.8803,4.17930297428737,19.6925670261092,76.1281299996035,3.9466,17.6757,11.5321,10.5961,22.1254,2.3567,11.2756,7.3968,13.0951,43.7505,21.6223,56.2496,27.3401,0.4323,1963205,8105928,ISCO-08,9,,
ESP,Spain,Europe & Central Asia,country,2017,46571232.0,14.8205817262009,66.1865982307919,18.9928200430073,58.047,17.224,38.594,23026725.0,19060602,40.9278,4.31084380951656,20.0374504207321,75.6517057697514,4.1164,18.2376,11.3377,10.0238,21.596,2.4486,11.3892,7.5635,13.287,43.7155,22.354,56.2843,28.6704,0.43,1910597,8332437,ISCO-08,9,,
ESP,Spain,Europe & Central Asia,country,2018,46782011.0,14.665685455539,66.1319737035927,19.2023408408683,57.634,15.255,34.362,23008131.0,19498241,41.6789,4.06932360130248,20.2705372656542,75.6601391330433,4.255,17.9454,11.819,10.5016,21.3357,2.323,11.1416,7.7703,12.9085,44.521,22.2004,55.4791,31.4477,0.4343,2047627,8680812,ISCO-08,9,,
ESP,Spain,Europe & Central Asia,country,2019,47118501.0,14.4487958383745,66.1693765330282,19.3818276285973,57.626,14.104,32.555,23229297.0,19953037,42.3465,4.11382637552359,20.4638910433777,75.4222925376582,3.9478,18.1677,11.4987,10.5233,22.2165,2.3087,11.094,7.4174,12.8258,44.1375,22.1155,55.8624,29.1198,0.4346,2099718,8806772,ISCO-08,9,,
ESP,Spain,Europe & Central Asia,country,2020,47359424.0,14.1995072556252,66.2408766587242,19.5596160856506,56.401,15.532,38.312,22918332.0,19358657,40.876,3.90507713594839,20.8081756219012,75.2867523731049,4.0161,19.9168,11.6941,10.538,20.4081,2.2648,11.1624,7.9009,12.0989,46.165,23.9329,53.8351,31.9951,0.4423,2040015,8936924,ISCO-08,9,,
ESP,Spain,Europe & Central Asia,country,2021,47443821.0,13.9083161586305,66.2783015470184,19.8133822943511,57.272,14.914,34.999,23392854.0,19904044,41.9529,4.07538475596877,20.6717905876913,75.2528246563399,4.0596,19.4715,12.0921,10.4768,20.7588,2.3772,11.1058,7.7283,11.9299,46.1,23.5311,53.9,33.5765,0.4421,2085307,9175764,ISCO-08,9,,
ESP,Spain,Europe & Central Asia,country,2022,47786102.0,13.5959103362946,66.2160904145149,20.1879992491906,57.571,13.033,29.713,23770575.0,20672556,43.2606,4.0145333294218,20.4607305338674,75.5247361367108,4.1847,18.8408,11.8864,10.4373,20.846,2.3322,10.8934,7.8343,12.7449,45.3492,23.0255,54.6508,33.5563,0.4379,2157657,9374839,ISCO-08,9,,
ESP,Spain,Europe & Central Asia,country,2023,48352528.0,13.2586507610337,66.0876417150889,20.6537075238774,57.588,12.179,28.747,24153349.0,21211713,43.8689,3.49782243390975,20.0267520644379,76.475420743869,4.4807,19.3027,12.5572,10.1579,20.8933,2.1223,10.701,7.9924,11.7924,46.4985,23.7834,53.5014,36.1524,0.4434,2154665,9863128,ISCO-08,9,,
ESP,Spain,Europe & Central Asia,country,2024,48848840.0,12.9217448695747,65.9328112372132,21.1454438932121,57.843,11.4,26.631,24604513.0,21799599,44.6266,3.47329157547218,20.0916194737731,76.4350749196344,3.8515,20.0051,12.4233,9.9542,20.9638,2.0041,10.4843,7.8049,12.5088,46.2341,23.8566,53.7659,34.8131,0.4426,2169976,10078848,ISCO-08,9,,
ESP,Spain,Europe & Central Asia,country,2025,49355143.0,12.6191319691698,65.7387870333902,21.64208099744,57.41,10.376,24.745,24759183.0,22190170,44.9602,3.37439783451485,19.851444753623,76.774166700687,4.2586,20.3824,12.345,9.8483,20.7194,1.9802,10.9261,7.433,12.107,46.8343,24.641,53.1657,34.1024,0.4447,2185355,10392611,ISCO-08,9,,
EST,Estonia,Europe & Central Asia,country,2013,1317997.0,15.7387078649341,66.0628361595682,18.1984559754977,61.272,8.631,18.704,680463.0,621732,47.1725,4.26201662857226,30.2735559376613,65.4644274337664,9.7038,19.213,13.1197,5.9402,13.0725,1.696,14.3117,13.681,9.2621,47.9767,28.9168,52.0233,36.1016,0.424,36932,298286,ISCO-08,9,,
EST,Estonia,Europe & Central Asia,country,2014,1314545.0,15.8858596586258,65.5532115284544,18.5609288129198,61.079,7.352,14.975,675361.0,625708,47.5988,3.85827010767674,30.1482093567046,65.9935205356187,11.0057,18.509,13.5152,6.2388,14.0689,1.6018,14.468,12.3086,8.2839,49.2687,29.5147,50.7312,35.9064,0.4312,39037,308278,ISCO-08,9,,
EST,Estonia,Europe & Central Asia,country,2015,1315407.0,16.0143270529813,65.0969209844087,18.88875196261,61.817,6.412,14.342,682925.0,639136,48.5885,4.03155607324466,31.266438716465,64.7020052102903,11.9719,19.1166,11.8924,6.1813,13.7276,1.7216,15.0054,12.0569,8.3264,49.1622,31.0885,50.8379,31.013,0.4296,39507,314213,ISCO-08,9,,
EST,Estonia,Europe & Central Asia,country,2016,1315790.0,16.1513213142237,64.6626626611412,19.186016024635,62.639,6.882,14.125,691079.0,643519,48.9074,3.89979892657246,30.2161772429632,65.8840238304643,11.9079,19.7296,11.7236,6.2135,13.0271,1.6535,14.0585,13.0416,8.6448,49.5746,31.6375,50.4255,32.847,0.431,39985,319022,ISCO-08,9,,
EST,Estonia,Europe & Central Asia,country,2017,1317384.0,16.2755057310685,64.2570788686562,19.4674154002753,63.244,5.807,12.176,697564.0,657056,49.8758,3.62576018603632,30.1736785394688,66.2005612744949,11.9926,19.6404,13.3898,5.9411,12.59,1.3381,13.7064,12.2278,9.1738,50.9639,31.633,49.0361,35.8881,0.4357,39036,334861,ISCO-08,9,,
EST,Estonia,Europe & Central Asia,country,2018,1321977.0,16.3638660493531,63.9606434212114,19.6754905294355,63.498,5.412,12.076,702066.0,664070,50.2331,3.43204354995369,30.1572888196186,66.4106676304277,12.3017,20.1134,13.569,5.3597,13.2718,1.2872,13.4299,12.1375,8.5299,51.3438,32.4151,48.6563,36.4665,0.4378,35592,340959,ISCO-08,9,,
EST,Estonia,Europe & Central Asia,country,2019,1326898.0,16.4349537597936,63.6685115518553,19.8965346883511,63.161,4.514,11.623,700344.0,668730,50.398,3.34008778292046,29.3757243586388,67.2841878584407,10.3648,20.7539,14.5982,5.5601,13.295,1.2476,13.0029,12.6553,8.5222,51.277,31.1187,48.723,39.8461,0.4401,37182,342905,ISCO-08,9,,
EST,Estonia,Europe & Central Asia,country,2020,1329522.0,16.4383705875783,63.3615345768253,20.2000948355964,63.039,6.956,18.417,700345.0,651629,49.0123,3.08225116196281,29.7144847544649,67.2031106385003,10.2705,21.5105,15.3363,5.5932,12.6413,1.2308,12.7537,11.9213,8.7424,52.7105,31.781,47.2895,43.3515,0.446,36447,343477,ISCO-08,9,,
EST,Estonia,Europe & Central Asia,country,2021,1330932.0,16.3814966703573,63.1847055320839,20.4337977975588,63.186,6.178,16.622,703200.0,659756,49.571,2.68417337457549,29.0204281953327,68.2952469530391,8.6692,23.6434,16.1673,5.7381,12.8406,1.2416,13.1052,10.6062,7.9883,54.218,32.3126,45.7819,39.0278,0.4565,37857,357707,ISCO-08,9,,
EST,Estonia,Europe & Central Asia,country,2022,1348840.0,16.2331590118151,63.1367948024264,20.6300461857585,65.113,5.571,18.392,735699.0,694713,51.5045,2.60367606559452,28.6109557166545,68.785368217751,7.703,24.5673,14.7856,6.8319,12.7578,1.1397,13.3337,10.8487,8.0324,53.8878,32.2703,46.1123,38.6312,0.4588,47462,374366,ISCO-08,9,,
EST,Estonia,Europe & Central Asia,country,2023,1370286.0,15.9683030084933,63.1176144459171,20.9140825455897,65.604,6.378,17.207,755414.0,707234,51.6121,2.5942553951329,27.3721862263263,70.0335583785408,7.8826,24.9344,14.5258,6.9147,12.2549,1.2379,13.7618,10.2192,8.2688,54.2575,32.817,45.7426,41.3751,0.4596,48903,383727,ISCO-08,9,,
EST,Estonia,Europe & Central Asia,country,2024,1372341.0,15.6376190147191,63.065048884786,21.2973321004949,65.449,7.6,19.256,757729.0,700142,51.0181,3.06860271967522,26.4526520362988,70.478745244026,7.3617,25.0047,14.233,6.8324,12.6456,1.3381,14.0225,9.8668,8.6952,53.4318,32.3664,46.5682,41.1903,0.4564,47837,374098,ISCO-08,9,,
EST,Estonia,Europe & Central Asia,country,2025,1366475.0,15.2537657190128,62.9446033125234,21.8016309684638,65.128,8.313,19.695,754206.0,691509,50.6053,2.95684105766531,25.9973862665802,71.0457726757545,7.4271,24.5183,13.6336,6.7055,13.5215,1.1547,13.8235,9.9177,9.2982,52.2845,31.9454,47.7156,,0.452,46369,361552,ISCO-08,9,,
ETH,Ethiopia,Sub-Saharan Africa,country,2013,98438751.0,44.0167937522897,53.1134705274755,2.86973572023481,81.238,2.251,3.429,44769587.0,43761824,44.4559,71.0336414154162,8.40852577209384,20.5578350975924,0.6516,2.5586,1.2968,0.6181,9.7129,50.7228,4.9875,1.1773,28.2744,5.1251,3.2102,94.8749,3.0035,0.1529,270492,2242837,ISCO-08,9,,
ETH,Ethiopia,Sub-Saharan Africa,country,2014,101115610.0,43.4248611239395,53.6668811752551,2.90825770080533,79.608,2.361,3.634,45540789.0,44465571,43.975,69.5568173277342,8.14374703337432,22.2994356388915,,,,,,,,,,,,,,,,,,0,,
ETH,Ethiopia,Sub-Saharan Africa,country,2015,103867135.0,42.8518050625533,54.2131245567384,2.93507038070835,77.984,2.442,3.813,46289893.0,45159494,43.4781,67.9554159374159,7.87829483700015,24.1662892255839,,,,,,,,,,,,,,,,,,0,,
ETH,Ethiopia,Sub-Saharan Africa,country,2016,106718162.0,42.300727124592,54.7458515074501,2.95342136795797,76.368,2.556,4.031,47024057.0,45822122,42.9375,66.4193704213686,7.6405417588208,25.9400878198106,,,,,,,,,,,,,,,,,,0,,
ETH,Ethiopia,Sub-Saharan Africa,country,2017,109666481.0,41.7696597741656,55.2530672521534,2.97727297368099,74.758,2.665,4.25,47739835.0,46467568,42.3717,64.7196824024448,7.39245298643381,27.8878646111214,,,,,,,,,,,,,,,,,,0,,
ETH,Ethiopia,Sub-Saharan Africa,country,2018,112664152.0,41.2893542158407,55.7047451273376,3.00590065682161,73.16,2.811,4.515,48392305.0,47031997,41.7453,63.3660820162746,7.14669553645701,29.4872181948738,,,,,,,,,,,,,,,,,,0,,
ETH,Ethiopia,Sub-Saharan Africa,country,2019,115737383.0,40.8607547349708,56.1010549033282,3.03819036170098,71.573,2.928,4.752,48989009.0,47554611,41.0884,61.8104146305182,6.89019604264211,31.2993893268397,,,,,,,,,,,,,,,,,,0,,
ETH,Ethiopia,Sub-Saharan Africa,country,2020,118917671.0,40.450755462362,56.4801956284521,3.06904890918588,69.391,3.998,6.356,49138941.0,47174366,39.6698,63.6280222831778,6.62580074870799,29.746179087899,,,,,,,,,,,,,,,,,,0,,
ETH,Ethiopia,Sub-Saharan Africa,country,2021,122138588.0,40.0647936913075,56.8415943336368,3.0936119750557,68.253,3.935,6.246,49963936.0,47997855,39.2979,63.4660144892329,6.3072982108345,30.2266956336875,0.5343,2.6298,1.2973,0.5469,12.06,51.4561,2.7979,1.7022,26.9755,5.0083,3.1641,94.9917,1.7217,0.157,262500,2403877,ISCO-08,9,,
ETH,Ethiopia,Sub-Saharan Africa,country,2022,125384287.0,39.7058031669702,57.169780600857,3.12441623217276,68.472,3.386,5.45,51764455.0,50011711,39.8867,62.9652872545333,6.32590791161094,30.7088048338558,,,,,,,,,,,,,,,,,,0,,
ETH,Ethiopia,Sub-Saharan Africa,country,2023,128691692.0,39.3656371384098,57.4630524711727,3.17131039041743,68.459,3.375,5.455,53419507.0,51616599,40.1087,62.1745084426461,6.36148510906765,31.4640006362268,,,,,,,,,,,,,,,,,,0,,
ETH,Ethiopia,Sub-Saharan Africa,country,2024,132059767.0,39.059915806682,57.7100997092093,3.22998448410868,68.466,3.357,5.449,55099611.0,53249917,40.3226,61.0084469389365,6.41597142802468,32.5755797551025,,,,,,,,,,,,,,,,,,0,,
ETH,Ethiopia,Sub-Saharan Africa,country,2025,135472051.0,38.7797271142655,57.9245410476754,3.2957318380591,68.461,3.323,5.353,56779061.0,54892293,40.5193,60.1432419652977,6.44818568769962,33.4085850993779,,,,,,,,,,,,,,,,,,0,,
FIN,Finland,Europe & Central Asia,country,2013,5438972.0,16.4222521825031,64.5043907459626,19.0733570715343,59.112,8.193,19.817,2687096.0,2466942,45.3568,4.09445097291296,22.3115129350828,73.5940360920043,2.9111,23.3972,18.6638,6.4695,19.5978,3.688,11.0752,7.5582,6.6393,51.4416,26.3083,48.5585,21.5932,0.4602,159599,1269034,ISCO-08,9,,
FIN,Finland,Europe & Central Asia,country,2014,5461512.0,16.401937570903,63.9319576160027,19.6661048130943,58.738,8.663,20.454,2681812.0,2449487,44.85,4.16011959654943,22.9290132264084,72.9109080005503,2.4855,24.0506,19.2004,6.3919,19.5355,3.4985,11.0585,7.6663,6.1127,52.1284,26.5361,47.8715,21.8823,0.4643,156569,1276878,ISCO-08,9,,
FIN,Finland,Europe & Central Asia,country,2015,5479531.0,16.3570111050433,63.4339270226978,20.2090618722589,58.763,9.376,22.304,2693252.0,2440733,44.5427,4.32924518445834,21.1350400176992,74.5357147978425,2.5777,24.895,18.4788,6.0156,19.8362,3.9397,10.2006,7.5324,6.524,51.9671,27.4727,48.0329,21.5006,0.4634,146825,1268378,ISCO-08,9,,
FIN,Finland,Europe & Central Asia,country,2016,5495303.0,16.2879910704619,63.0282055999224,20.6838033296157,58.545,8.818,20.057,2693204.0,2455717,44.6876,3.90367829459258,22.2859893184006,73.8103323870068,3.2137,24.1944,18.8425,5.8295,19.8898,3.2557,11.012,7.6754,6.0871,52.0801,27.4081,47.92,18.9786,0.4633,143156,1278940,ISCO-08,9,,
FIN,Finland,Europe & Central Asia,country,2017,5508214.0,16.198971533637,62.6552811381026,21.1457473282604,58.667,8.64,20.041,2708034.0,2474060,44.9158,3.74237659162459,21.8459227774852,74.4117006308902,3.0293,24.6139,18.9845,6.0605,19.4224,3.2981,10.7025,7.5773,6.3115,52.6882,27.6432,47.3118,23.8164,0.4661,149940,1303538,ISCO-08,9,,
FIN,Finland,Europe & Central Asia,country,2018,5515525.0,16.069177706368,62.3153408434214,21.6154814502107,59.309,7.361,16.958,2745547.0,2543447,46.1143,3.46639460756851,21.9423132493174,74.5912921431141,3.1957,25.9873,19.4014,5.7472,18.4185,2.9774,10.6332,7.1665,6.4728,54.3316,29.183,45.6684,22.7687,0.4721,146177,1381895,ISCO-08,9,,
FIN,Finland,Europe & Central Asia,country,2019,5521606.0,15.876109406441,62.0624967514881,22.061393842071,59.184,6.695,17.128,2749091.0,2565039,46.4546,3.67175341585656,21.6785648568319,74.6496817273116,3.0731,26.1566,19.7554,5.4242,18.7135,3.267,9.9107,7.5617,6.1378,54.4093,29.2297,45.5907,27.2766,0.4725,139133,1395620,ISCO-08,9,,
FIN,Finland,Europe & Central Asia,country,2020,5529543.0,15.6603302365519,61.8489868728584,22.4906828905898,58.848,7.759,21.193,2744434.0,2531493,45.7812,3.71764921514363,21.1212041969611,75.1611860894489,2.5727,28.4715,20.3617,4.9227,17.5918,3.1815,9.5814,7.5485,5.7683,56.3286,31.0442,43.6715,26.3081,0.4805,124618,1425955,ISCO-08,9,,
FIN,Finland,Europe & Central Asia,country,2021,5541017.0,15.4543387339099,61.6707046917791,22.8749565743109,59.768,7.617,17.058,2799945.0,2586673,46.6823,3.95042809255165,21.8743754124452,74.1751964950031,1.9426,27.2636,19.2553,5.0149,18.9718,3.0864,10.545,7.3282,6.5923,53.4764,29.2062,46.5237,24.4682,0.4693,129719,1383260,ISCO-08,9,,
FIN,Finland,Europe & Central Asia,country,2022,5556106.0,15.2209461190717,61.5502866698304,23.2287672110978,60.422,6.719,14.138,2846126.0,2654895,47.7834,3.90347487010525,20.894914423719,75.2016107061758,1.6844,26.5701,18.7221,5.6235,19.8998,2.9019,9.7806,7.3714,7.4461,52.6001,28.2545,47.3998,24.3956,0.468,149298,1396477,ISCO-08,9,,
FIN,Finland,Europe & Central Asia,country,2023,5583911.0,14.9350079550124,61.4871173254305,23.5778747195571,60.275,7.149,16.106,2863035.0,2658357,47.6074,3.61668081097713,21.3671841746729,75.0161350143499,2.2244,27.679,19.4487,4.9751,18.5505,2.7724,9.7898,7.615,6.9451,54.3272,29.9034,45.6728,25.4622,0.4727,132256,1444211,ISCO-08,9,,
FIN,Finland,Europe & Central Asia,country,2024,5619911.0,14.6331861128204,61.4695769443402,23.8972369428395,59.853,8.4,18.68,2871471.0,2630267,46.8026,3.56978485895752,20.972961500396,75.4572536406465,3.2526,26.7539,18.6855,4.8349,19.954,2.5762,9.8542,7.2642,6.8246,53.5269,30.0065,46.4732,26.7124,0.4701,127171,1407900,ISCO-08,9,,
FIN,Finland,Europe & Central Asia,country,2025,5646436.0,14.3301135030412,61.4679968513316,24.2018896456272,59.681,9.461,21.479,2886946.0,2613812,46.2914,3.4933781512605,20.8400288115246,75.6665546218487,3.6426,26.9234,18.4759,4.9041,18.7992,2.7596,9.5553,7.6657,7.2743,53.946,30.566,46.0541,,0.4696,128184,1410047,ISCO-08,9,,
FJI,Fiji,East Asia & Pacific,country,2013,916352.0,29.9824030599578,65.0830875672844,4.93450937275775,60.296,4.356,14.203,386863.0,370011,40.3787,39.1216572301123,13.8640325392214,47.0145804899801,,,,,,,,,,,,,,,,,,0,,
FJI,Fiji,East Asia & Pacific,country,2014,917585.0,29.796111420801,65.1216318497098,5.08225672948922,58.89,4.323,14.435,379358.0,362958,39.5558,40.4336038880532,13.1285162470589,46.4381553788592,5.396,8.1759,6.4312,5.5152,9.2652,38.346,10.5601,6.3659,9.9446,25.5183,13.5719,74.4818,22.899,0.276,20018,92621,ISCO-08,9,,
FJI,Fiji,East Asia & Pacific,country,2015,918578.0,29.6312887963788,65.1603347783204,5.20837642530085,58.238,4.288,14.631,376446.0,360304,39.2241,40.1317213701687,12.4227739754542,47.4455046543771,,,,,,,,,,,,,,,,,,0,,
FJI,Fiji,East Asia & Pacific,country,2016,919166.0,29.4539832848473,65.2171098582846,5.32890685686807,57.584,4.319,14.992,373395.0,357268,38.8687,39.9881881388761,11.7539214259324,48.2578904351915,5.4704,8.5946,6.0445,6.7959,13.9934,27.3366,12.0458,7.889,11.8299,26.9054,14.065,73.0947,26.1419,0.3028,24280,96124,ISCO-08,9,,
FJI,Fiji,East Asia & Pacific,country,2017,918759.0,29.2227500480268,65.2999128715544,5.47733708041885,57.457,4.418,15.117,373627.0,357120,38.8698,39.2252399073693,11.8605387030021,48.9142213896286,,,,,,,,,,,,,,,,,,0,,
FJI,Fiji,East Asia & Pacific,country,2018,917180.0,28.9395756558146,65.4160579166576,5.64436642752786,57.361,4.523,15.207,373851.0,356942,38.9173,38.5425042233871,11.9299828262934,49.5275129503195,,,,,,,,,,,,,,,,,,0,,
FJI,Fiji,East Asia & Pacific,country,2019,914899.0,28.6223240913346,65.5568179892983,5.8208579193671,57.369,4.661,15.28,374639.0,357177,39.04,38.220505067473,11.8556470127107,49.9238479198163,,,,,,,,,,,,,,,,,,0,,
FJI,Fiji,East Asia & Pacific,country,2020,914963.0,28.3052975912687,65.7076297074308,5.98707270130049,53.999,5.054,16.749,354223.0,336321,36.7579,39.2620762245705,11.6626328340103,49.0752909414192,,,,,,,,,,,,,,,,,,0,,
FJI,Fiji,East Asia & Pacific,country,2021,916711.0,28.0081181528312,65.8882134064062,6.10366844076268,54.46,5.225,16.146,359413.0,340634,37.1583,39.0371568561254,11.7749980184184,49.1878451254561,,,,,,,,,,,,,,,,,,0,,
FJI,Fiji,East Asia & Pacific,country,2022,919422.0,27.7023499546454,66.0883685619878,6.20928148336672,57.116,5.403,15.729,379661.0,359148,39.0624,37.6184058850718,12.3771391022036,50.0044550127246,,,,,,,,,,,,,,,,,,0,,
FJI,Fiji,East Asia & Pacific,country,2023,924145.0,27.3852980942936,66.2716531109008,6.34304879480558,57.201,5.316,15.296,383856.0,363450,39.3282,36.7644428791935,12.5827832790845,50.6527738417219,,,,,,,,,,,,,,,,,,0,,
FJI,Fiji,East Asia & Pacific,country,2024,928784.0,27.0932746472807,66.4197488328826,6.48697651983669,57.219,5.361,15.133,387456.0,366684,39.48,36.1080052142705,12.6088806226581,51.2828414501781,5.3065,10.3404,7.4338,6.2597,16.7596,24.1054,10.477,8.2732,11.0443,29.3404,15.6469,70.6595,23.875,0.3227,22953,107587,ISCO-08,9,,
FJI,Fiji,East Asia & Pacific,country,2025,933154.0,26.8285155352088,66.5366238923994,6.63486057239182,57.16,5.347,15.208,390290.0,369421,39.5884,35.6391099561475,12.6501001570029,51.7107898868497,,,,,,,,,,,,,,,,,,0,,
FRA,France,Europe & Central Asia,country,2013,65997932.0,18.4442070907481,63.6262148936628,17.9295780155891,56.27,9.913,24.363,30287405.0,27285015,41.3422,3.07468603940482,21.3053237692525,75.6199828774531,6.9143,17.312,20.5734,9.2481,16.6188,3.3131,8.8082,7.1584,10.0537,54.0478,24.2263,45.9522,34.0597,0.4644,2523345,14746950,ISCO-08,9,,
FRA,France,Europe & Central Asia,country,2014,66312067.0,18.3460677450324,63.2660590407766,18.387873214191,55.764,10.273,24.828,30194204.0,27092353,40.8558,2.84532855129578,20.5331886436257,76.6214791222821,6.99,17.05,20.2894,9.1261,16.0865,3.3861,9.2369,7.4567,10.3782,53.4555,24.04,46.5444,34.7164,0.4599,2472475,14482353,ISCO-08,9,,
FRA,France,Europe & Central Asia,country,2015,66548272.0,18.244961483963,62.9034115542196,18.8516269618174,55.621,10.354,25.262,30261476.0,27128203,40.7647,2.74492881802116,20.3760439673531,76.8790308927203,7.1433,17.4288,20.4796,9.0139,15.6802,3.2734,9.1834,7.4571,10.3404,54.0656,24.5721,45.9345,35.0494,0.462,2445309,14667026,ISCO-08,9,,
FRA,France,Europe & Central Asia,country,2016,66724104.0,18.0831627362917,62.632173096763,19.2846641669454,55.399,10.057,24.938,30280138.0,27234865,40.8171,2.87190100053817,20.2938126069055,76.8342900560552,7.3174,17.8626,20.5467,8.365,15.7136,3.336,9.0449,7.5958,10.2178,54.0917,25.18,45.9081,34.067,0.4609,2278196,14731801,ISCO-08,9,,
FRA,France,Europe & Central Asia,country,2017,66918020.0,17.9310747730834,62.3980765439097,19.6708486830069,55.258,9.409,22.572,30347085.0,27491728,41.0827,2.60567334700683,20.4110220188657,76.9833082622692,7.2317,18.2024,20.1364,8.4349,15.9119,3.147,9.0278,7.618,10.29,54.0054,25.4341,45.9947,35.21,0.4615,2318900,14847018,ISCO-08,9,,
FRA,France,Europe & Central Asia,country,2018,67158348.0,17.7811833774633,62.1793955597294,20.0394210628073,55.3,9.018,20.953,30534890.0,27781254,41.3668,2.49665280040208,20.2326732273394,77.2706775622299,7.3353,18.676,20.1906,8.1314,16.2463,2.9901,8.8838,7.5937,9.9529,54.3333,26.0113,45.6668,36.1831,0.4636,2259005,15094472,ISCO-08,9,,
FRA,France,Europe & Central Asia,country,2019,67382061.0,17.6087445052606,61.9811666181521,20.4100888765873,54.939,8.415,19.929,30500444.0,27933832,41.4559,2.51529494034492,20.39200271718,77.092702342475,7.5713,19.2224,20.2703,8.1204,16.1097,2.9975,9.0656,7.2182,9.4246,55.1844,26.7937,44.8156,35.9158,0.4676,2268339,15415118,ISCO-08,9,,
FRA,France,Europe & Central Asia,country,2020,67601110.0,17.439158040113,61.8134010588151,20.747440901072,54.271,8.009,20.398,30289755.0,27863849,41.218,2.35004825828845,19.9647820525018,77.6851732713273,7.9087,20.455,20.1148,8.0855,15.6091,2.8816,8.7732,7.1014,9.0706,56.564,28.3637,43.4359,38.1991,0.4739,2252932,15760908,ISCO-08,9,,
FRA,France,Europe & Central Asia,country,2021,67842811.0,17.2452061536194,61.7040398746753,21.0507539717053,55.552,7.871,19.252,31188658.0,28733799,42.3535,2.51483563043554,19.5148151862004,77.9703526602748,7.0047,23.6737,18.1993,8.9006,13.9326,2.8,10.0444,6.6469,8.7978,57.7783,30.6784,42.2217,39.5809,0.4813,2557481,16601901,ISCO-08,9,,
FRA,France,Europe & Central Asia,country,2022,68184457.0,17.0314157651472,61.5912351189772,21.3773491158756,55.835,7.303,17.856,31586796.0,29280012,42.9424,2.59254288928259,19.274886618314,78.1325704924034,7.2367,23.3579,18.0616,8.8138,14.4349,2.8518,10.0846,6.5546,8.6041,57.47,30.5946,42.53,39.626,0.4803,2580682,16827223,ISCO-08,9,,
FRA,France,Europe & Central Asia,country,2023,68372286.0,16.7847783333666,61.4660792751563,21.7491423914771,55.938,7.335,17.419,31826568.0,29492089,43.1346,2.50551207357095,19.245754578992,78.2487367442902,7.1645,24.2731,18.3721,8.1782,14.5406,2.7283,9.6393,6.5186,8.5852,57.9879,31.4376,42.012,40.7517,0.4823,2411922,17101843,ISCO-08,9,,
FRA,France,Europe & Central Asia,country,2024,68551653.0,16.5051210259256,61.3483170751607,22.1465618989138,55.663,7.4,18.603,31859898.0,29502266,43.0365,2.39137797232537,19.5436001329131,78.0650150968351,7.4221,24.9361,18.1236,8.1148,14.532,2.5055,9.5625,6.3106,8.4928,58.5966,32.3582,41.4034,41.2635,0.4855,2394050,17287325,ISCO-08,9,,
FRA,France,Europe & Central Asia,country,2025,68720337.0,16.2248746749936,61.2332346265978,22.5418906984086,55.346,7.542,18.89,31862995.0,29459888,42.8692,2.33412938549967,19.3392093582674,78.3266612562329,7.5533,25.9315,17.9113,7.9009,14.2654,2.4501,9.3596,6.2271,8.4009,59.297,33.4848,40.7031,,0.4885,2327596,17468830,ISCO-08,9,,
FRO,Faroe Islands,Europe & Central Asia,country,2013,48245.0,21.170476081981,62.7450574260297,16.0844664919894,,,,,,,,,,,,,,,,,,,,,,,,,,,0,,
FRO,Faroe Islands,Europe & Central Asia,country,2014,48427.0,21.1742506264114,62.2946762767965,16.5310730967922,,,,,,,,,,,,,,,,,,,,,,,,,,,0,,
FRO,Faroe Islands,Europe & Central Asia,country,2015,48898.0,21.0621043697015,62.0419892214711,16.8959064088273,,,,,,,,,,,,,,,,,,,,,,,,,,,0,,
FRO,Faroe Islands,Europe & Central Asia,country,2016,49463.0,20.9329092836589,61.9284163763946,17.1386743399465,,,,,,,,,,,,,,,,,,,,,,,,,,,0,,
FRO,Faroe Islands,Europe & Central Asia,country,2017,50179.0,20.9511772784268,61.7409390362837,17.3078836852895,,,,,,,,,,,,,,,,,,,,,,,,,,,0,,
FRO,Faroe Islands,Europe & Central Asia,country,2018,50997.0,20.9526982011992,61.6530156366344,17.3942861621664,,,,,,,,,,,,,,,,,,,,,,,,,,,0,,
FRO,Faroe Islands,Europe & Central Asia,country,2019,51790.0,20.8742030998331,61.637876990442,17.4879199097248,,,,,,,,,,,,,,,,,,,,,,,,,,,0,,
FRO,Faroe Islands,Europe & Central Asia,country,2020,52561.0,20.7505728656594,61.563328991281,17.6860981430595,,,,,,,,,,,,,,,,,,,,,,,,,,,0,,
FRO,Faroe Islands,Europe & Central Asia,country,2021,53291.0,20.6238273921201,61.5403377110694,17.8358348968105,,,,,,,,,,,,,,,,,,,,,,,,,,,0,,
FRO,Faroe Islands,Europe & Central Asia,country,2022,53903.0,20.4347262594657,61.7726018773953,17.792671863139,,,,,,,,,,,,,,,,,,,,,,,,,,,0,,
FRO,Faroe Islands,Europe & Central Asia,country,2023,54398.0,20.1568168733494,62.117210560465,17.7259725661857,,,,,,,,,,,,,,,,,,,,,,,,,,,0,,
FRO,Faroe Islands,Europe & Central Asia,country,2024,54640.0,19.9658841686297,62.2965911244686,17.7375247069017,,,,,,,,,,,,,,,,,,,,,,,,,,,0,,
FRO,Faroe Islands,Europe & Central Asia,country,2025,54900.0,19.8700034820496,62.3483299554476,17.7816665625028,,,,,,,,,,,,,,,,,,,,,,,,,,,0,,
FSM,"Micronesia, Fed. Sts.",East Asia & Pacific,country,2013,108121.0,34.7505792148575,61.7001401214386,3.54928066370392,,,,,,,,,,,,,,,,,,,,,,,,,,,0,,
FSM,"Micronesia, Fed. Sts.",East Asia & Pacific,country,2014,108396.0,34.3675043359534,61.9091110373076,3.72338462673899,,,,,30192,27.8534,,,,4.4349,11.2745,5.889,4.531,15.0106,37.4801,4.5078,3.4115,13.4605,26.1294,15.7094,73.8705,9.5513,0.2899,1368,7889,ISCO-08,9,,
FSM,"Micronesia, Fed. Sts.",East Asia & Pacific,country,2015,108716.0,34.0020512254462,62.0831436179754,3.91480515657841,,,,,,,,,,,,,,,,,,,,,,,,,,,0,,
FSM,"Micronesia, Fed. Sts.",East Asia & Pacific,country,2016,109075.0,33.7241976814012,62.1639338250462,4.11186849355257,,,,,,,,,,,,,,,,,,,,,,,,,,,0,,
FSM,"Micronesia, Fed. Sts.",East Asia & Pacific,country,2017,109481.0,33.5243853984463,62.169407616812,4.30620698474171,,,,,,,,,,,,,,,,,,,,,,,,,,,0,,
FSM,"Micronesia, Fed. Sts.",East Asia & Pacific,country,2018,109909.0,33.2973946747097,62.1797933754589,4.52281194983145,,,,,,,,,,,,,,,,,,,,,,,,,,,0,,
FSM,"Micronesia, Fed. Sts.",East Asia & Pacific,country,2019,110282.0,33.0679530657768,62.1592825665113,4.77276436771186,,,,,,,,,,,,,,,,,,,,,,,,,,,0,,
FSM,"Micronesia, Fed. Sts.",East Asia & Pacific,country,2020,110916.0,32.7669913854116,62.1990416213999,5.03396699318857,,,,,,,,,,,,,,,,,,,,,,,,,,,0,,
FSM,"Micronesia, Fed. Sts.",East Asia & Pacific,country,2021,111624.0,32.4897311970042,62.2228990947328,5.28736970826297,,,,,,,,,,,,,,,,,,,,,,,,,,,0,,
FSM,"Micronesia, Fed. Sts.",East Asia & Pacific,country,2022,112114.0,32.3190338362463,62.1615594910515,5.51940667270222,,,,,,,,,,,,,,,,,,,,,,,,,,,0,,
FSM,"Micronesia, Fed. Sts.",East Asia & Pacific,country,2023,112630.0,32.1293965666494,62.139473765987,5.73112966736364,,,,,,,,,,,,,,,,,,,,,,,,,,,0,,
FSM,"Micronesia, Fed. Sts.",East Asia & Pacific,country,2024,113160.0,31.8481272175362,62.2023585968602,5.94951418560363,,,,,,,,,,,,,,,,,,,,,,,,,,,0,,
FSM,"Micronesia, Fed. Sts.",East Asia & Pacific,country,2025,113683.0,31.4941547988705,62.3228626971491,6.18298250398037,,,,,,,,,,,,,,,,,,,,,,,,,,,0,,
GAB,Gabon,Sub-Saharan Africa,country,2013,1913059.0,36.7939349476244,59.1230221135423,4.08304293883329,49.901,19.736,35.345,603387.0,484303,25.3156,33.1848722491338,13.9408881235262,52.87423962734,,,,,,,,,,,,,,,,,,0,,
GAB,Gabon,Sub-Saharan Africa,country,2014,1978399.0,36.6582431910238,59.299651056321,4.04210575265511,50.195,19.873,35.658,629020.0,504015,25.4759,32.3998992097489,14.3084459452757,53.2916548449755,,,,,,,,,,,,,,,,,,0,,
GAB,Gabon,Sub-Saharan Africa,country,2015,2040989.0,36.5819618376283,59.4011630143124,4.01687514805931,50.477,19.943,35.857,653352.0,523054,25.6275,31.7403174433233,14.6608189594191,53.5988635972576,,,,,,,,,,,,,,,,,,0,,
GAB,Gabon,Sub-Saharan Africa,country,2016,2100306.0,36.5774082443225,59.4196750378278,4.00291671784968,50.762,20.117,36.191,676184.0,540156,25.718,31.2569770864613,15.0105246398759,53.7324982736629,,,,,,,,,,,,,,,,,,0,,
GAB,Gabon,Sub-Saharan Africa,country,2017,2156900.0,36.6311836431916,59.3743798970745,3.99443645973388,51.043,20.307,36.532,697657.0,555984,25.777,30.8807712368927,15.4090900915484,53.7101386715588,,,,,,,,,,,,,,,,,,0,,
GAB,Gabon,Sub-Saharan Africa,country,2018,2212318.0,36.7075024267538,59.3016599109305,3.99083766231565,51.28,20.459,36.804,718038.0,571135,25.8161,30.4796739141854,15.8303247201202,53.6900013656944,,,,,,,,,,,,,,,,,,0,,
GAB,Gabon,Sub-Saharan Africa,country,2019,2267706.0,36.7756306980779,59.2317653240247,3.99260397789748,51.42,20.371,36.711,737231.0,587050,25.8874,30.0,16.2670982028788,53.7329017971212,,,,,,,,,,,,,,,,,,0,,
GAB,Gabon,Sub-Saharan Africa,country,2020,2322539.0,36.8180039172647,59.1889307348553,3.99306534788006,47.881,21.279,39.702,702619.0,553109,23.8148,30.2531521986744,16.76803361381,52.9789949846865,,,,,,,,,,,,,,,,,,0,,
GAB,Gabon,Sub-Saharan Africa,country,2021,2376722.0,36.8222492996657,59.1823317998487,3.99541890048563,48.517,21.223,38.244,728512.0,573900,24.1467,29.6482158134737,17.4008499694199,52.9507599716328,,,,,,,,,,,,,,,,,,0,,
GAB,Gabon,Sub-Saharan Africa,country,2022,2430747.0,36.7738189124578,59.2148421863732,4.01133890116906,51.578,20.319,36.64,792686.0,631620,25.9846,29.4376461535782,17.8667950153021,52.6955588311197,,,,,,,,,,,,,,,,,,0,,
GAB,Gabon,Sub-Saharan Africa,country,2023,2484789.0,36.6621947904218,59.2959722728916,4.04183293668656,51.5,20.161,36.407,810513.0,647105,26.0427,29.3150261549517,18.2791046275334,52.4057146830885,,,,,,,,,,,,,,,,,,0,,
GAB,Gabon,Sub-Saharan Africa,country,2024,2538952.0,36.4845488383689,59.4328997619687,4.08255139966242,51.315,20.091,36.283,827520.0,661263,26.0447,29.0809143220089,18.7573628932863,52.1617227847048,2.8139,10.3743,4.0267,6.5226,29.3465,13.7211,12.1641,5.2583,15.7725,23.7375,13.1882,76.2625,,0.3288,43132,156967,ISCO-08,9,,
GAB,Gabon,Sub-Saharan Africa,country,2025,2593130.0,36.2428486506362,59.6270645179888,4.13008683137499,51.058,20.154,36.281,844145.0,674016,25.9924,28.8656979487195,18.8518704248254,52.2824316264551,,,,,,,,,,,,,,,,,,0,,
GBR,United Kingdom,Europe & Central Asia,country,2013,64138000.0,17.802240953121,64.8698524669935,17.3279065798855,62.009,7.752,20.944,32691144.0,30156927,47.0188,1.06099350994285,18.8516166810779,80.0873898089792,10.7753,24.4299,12.714,10.0247,18.7022,1.1411,8.4944,4.9145,8.8039,57.9439,35.2052,42.0561,35.9592,0.4928,3023141,17474100,ISCO-08,9,,
GBR,United Kingdom,Europe & Central Asia,country,2014,64619000.0,17.8347306632136,64.5811849432514,17.5840843935351,62.131,6.398,17.512,32988066.0,30877490,47.7839,1.24416047148098,18.9586861473393,79.7971501548986,10.4833,24.6307,12.6001,9.8665,18.6683,1.2832,8.6726,4.8679,8.9273,57.5806,35.114,42.4193,36.5572,0.4909,3046528,17779444,ISCO-08,9,,
GBR,United Kingdom,Europe & Central Asia,country,2015,65087000.0,17.8806022014279,64.349417600625,17.7699801979471,62.25,5.552,15.177,33272035.0,31424772,48.2812,1.14458402685791,18.6426121900538,80.2128006152245,10.7531,24.6207,12.4387,10.0928,18.4912,1.1732,8.6679,4.9187,8.8436,57.9053,35.3738,42.0946,38.2526,0.4925,3171639,18196609,ISCO-08,9,,
GBR,United Kingdom,Europe & Central Asia,country,2016,65606000.0,17.9502325560643,64.1335648731091,17.9162025708266,62.408,4.909,13.205,33593959.0,31944832,48.6919,1.13788043759108,18.4621197618818,80.3999966837638,10.9185,25.1815,12.4603,9.6463,18.3777,1.2221,8.3867,5.1429,8.664,58.2066,36.1,41.7934,38.6417,0.4931,3081494,18594001,ISCO-08,9,,
GBR,United Kingdom,Europe & Central Asia,country,2017,65964000.0,18.020639483359,63.9059468954247,18.0734136212163,62.412,4.501,12.519,33750454.0,32231346,48.862,1.1585616698833,18.2093398150854,80.6321077679797,11.1954,25.0664,12.5707,9.9449,18.1394,1.1849,8.3165,4.9644,8.6176,58.7774,36.2618,41.2228,39.3662,0.4957,3205375,18944747,ISCO-08,9,,
GBR,United Kingdom,Europe & Central Asia,country,2018,66287000.0,18.0517860948227,63.6924638374832,18.2557500676941,62.619,4.145,11.647,34015275.0,32605342,49.1881,1.06753645094695,18.0840736311641,80.848389917889,11.342,25.3734,12.6948,9.9711,17.7415,1.1811,8.1847,4.9219,8.5894,59.3813,36.7154,40.6186,39.5296,0.4979,3251111,19361476,ISCO-08,9,,
GBR,United Kingdom,Europe & Central Asia,country,2019,66628000.0,18.0221596598278,63.5198822523142,18.457958087858,62.625,3.657,10.688,34205897.0,32954987,49.4612,1.08545574617502,18.2245297278788,80.6900024754692,11.7272,26.2514,12.4006,9.6728,17.437,1.2355,8.0579,4.9214,8.2962,60.052,37.9786,39.948,40.1168,0.5003,3187670,19790129,ISCO-08,9,,
GBR,United Kingdom,Europe & Central Asia,country,2020,66740000.0,17.9663259938257,63.4278786786019,18.6057953275723,62.573,4.472,13.365,34258263.0,32726233,49.0354,0.981318894168257,17.1878218535671,81.8308592522647,11.9569,28.0093,13.1754,9.6327,16.7316,1.1441,7.4174,4.4116,7.521,62.7743,39.9662,37.2257,41.8043,0.513,3152420,20543664,ISCO-08,9,,
GBR,United Kingdom,Europe & Central Asia,country,2021,66978000.0,17.8347922924352,63.4465589396069,18.7186487679579,61.973,4.864,12.891,34105361.0,32446476,48.4435,0.89635908345731,16.9227327280671,82.1809081884755,15.9452,24.6306,13.4008,10.5473,14.9205,1.0186,7.1217,4.4091,8.0061,64.5239,40.5758,35.476,45.6392,0.5141,3422227,20935732,ISCO-08,9,,
GBR,United Kingdom,Europe & Central Asia,country,2022,67636000.0,17.6292573661875,63.4404279110136,18.9303147227989,61.905,3.768,10.589,34488684.0,33189150,49.0702,0.755797614735619,16.6989250390828,82.5452863132061,15.1261,25.2279,13.7155,9.7606,14.6409,1.037,6.9582,4.4936,9.0402,63.8301,40.354,36.1699,41.7919,0.5092,3239460,21184668,ISCO-08,9,,
GBR,United Kingdom,Europe & Central Asia,country,2023,68526000.0,17.4091420415944,63.3527288517877,19.238129106618,61.811,4.025,11.944,34982684.0,33574631,48.9955,0.876663094174889,15.9171060665142,83.2062219244254,15.6311,25.1555,14.3505,9.3483,14.1507,1.0963,6.7768,4.2361,9.2547,64.4854,40.7866,35.5146,39.3459,0.5098,3138657,21650735,ISCO-08,9,,
GBR,United Kingdom,Europe & Central Asia,country,2024,69281000.0,17.1850467046133,63.3151859345352,19.4997673608515,61.556,4.361,14.316,35317772.0,33777564,48.7544,0.872993243912147,16.1242015614121,83.0027962946641,16.1522,25.0604,14.0722,8.9258,14.7556,1.0865,6.5208,4.401,9.0254,64.2106,41.2126,35.7893,39.9158,0.5084,3014918,21688777,ISCO-08,9,,
GBR,United Kingdom,Europe & Central Asia,country,2025,69487000.0,16.9647729892849,63.3325337560216,19.7026932546935,61.369,4.746,14.647,35409108.0,33728592,48.5394,0.851258697821586,15.9140950992435,83.2346343545551,16.2884,25.1518,14.1431,8.8633,14.9316,1.038,6.1251,4.332,9.1267,64.4466,41.4402,35.5534,39.9701,0.5097,2989466,21736931,ISCO-08,9,,
GEO,Georgia,Europe & Central Asia,country,2013,3717668.0,18.7595707675647,67.3865651560398,13.8538640763955,66.486,19.416,40.223,2008043.0,1618161,43.5262,50.0884520202827,10.3155019931108,39.5960459866064,4.3434,12.7194,8.7132,1.6445,10.8542,46.6933,5.2268,4.8831,4.9222,27.4205,17.0628,72.5796,31.5427,0.2788,26611,443708,ISCO-08,9,,
GEO,Georgia,Europe & Central Asia,country,2014,3719414.0,19.0030729659018,66.9676005173329,14.0293265167653,66.298,17.439,37.367,1997301.0,1648992,44.3347,48.8735263071823,10.5325661953823,40.5939074974354,4.0053,13.8853,8.9021,1.713,10.637,45.3605,5.1852,5.4697,4.8419,28.5057,17.8906,71.4943,25.8804,0.2859,28247,470057,ISCO-08,9,,
GEO,Georgia,Europe & Central Asia,country,2015,3725276.0,19.4220735591895,66.4359840145481,14.1419424262625,66.159,16.506,35.85,1985928.0,1658131,44.5103,46.8993943013845,10.4528340793464,42.6477716192691,4.6107,13.461,8.6375,1.9884,11.3252,43.0495,5.6914,5.5177,5.7186,28.6976,18.0717,71.3024,29.3594,0.2894,32970,475844,ISCO-08,9,,
GEO,Georgia,Europe & Central Asia,country,2016,3727505.0,19.8421463601417,65.8971898365452,14.2606638033131,66.021,16.604,35.019,1972634.0,1645098,44.134,46.7033383983026,11.231624050617,42.0650375510804,4.2604,13.6678,8.9242,2.1745,11.0174,43.1355,6.1691,4.9306,5.7205,29.0269,17.9282,70.9731,27.6693,0.291,35773,477521,ISCO-08,9,,
GEO,Georgia,Europe & Central Asia,country,2017,3728004.0,20.2257848235329,65.3998342675011,14.374380908966,65.832,13.939,28.687,1957834.0,1684932,45.1966,46.0174642277338,12.4670482141722,41.515487558094,5.6004,12.3573,7.4905,4.1365,9.8476,42.1581,6.6109,4.9417,6.8569,29.5847,17.9577,70.4152,27.7844,0.2941,69697,498482,ISCO-08,9,,
GEO,Georgia,Europe & Central Asia,country,2018,3726549.0,20.5458306026783,64.9358595812196,14.5183098161021,63.934,12.667,29.691,1893021.0,1653232,44.3636,41.8700517419472,13.5875030515929,44.5424452064599,5.3443,12.1651,8.1625,4.826,10.718,37.7369,8.4659,5.7307,6.8507,30.4979,17.5094,69.5022,30.1614,0.3051,79785,504201,ISCO-08,9,,
GEO,Georgia,Europe & Central Asia,country,2019,3720161.0,20.8031664152437,64.4923615039024,14.7044720808539,62.928,11.565,30.059,1854016.0,1639599,44.0733,41.1418446285733,13.4255040054502,45.432591605437,5.8503,12.5517,7.6727,4.7942,10.9761,37.3719,8.4021,5.6337,6.7473,30.8689,18.402,69.1311,32.3509,0.3075,78606,506126,ISCO-08,9,,
GEO,Georgia,Europe & Central Asia,country,2020,3722716.0,21.0003324834193,64.1121823294811,14.8874851870996,63.399,11.734,30.851,1864522.0,1645739,44.208,41.054721790325,13.4160549750685,45.5291636397443,4.9646,12.9657,6.9333,4.0146,12.361,39.8389,7.6745,5.5629,5.6845,28.8782,17.9303,71.1218,27.4304,0.2987,66070,475260,ISCO-08,9,,
GEO,Georgia,Europe & Central Asia,country,2021,3708610.0,21.173350269015,63.8378060056736,14.9888437253115,61.006,11.785,30.603,1783433.0,1573255,42.4217,39.7474595687038,13.8556252251714,46.3969152061248,4.624,13.6776,7.068,3.5935,12.3495,39.5235,7.986,5.5247,5.6531,28.9631,18.3016,71.0368,29.5341,0.2991,56535,455663,ISCO-08,9,,
GEO,Georgia,Europe & Central Asia,country,2022,3712502.0,21.1971908278825,63.7158878760804,15.086921296037,63.686,11.621,30.136,1863170.0,1646651,44.3542,36.9449892255144,14.9551167072554,48.0998346545718,4.5611,13.4469,7.7207,3.5009,13.3758,36.1665,8.39,5.8398,6.9983,29.2296,18.008,70.7704,31.2052,0.3041,57648,481310,ISCO-08,9,,
GEO,Georgia,Europe & Central Asia,country,2023,3715483.0,21.0408058638075,63.6417358197995,15.317458316393,64.042,11.549,29.931,1878810.0,1661826,44.7271,35.6338894910963,16.1027578488239,48.2633526600798,5.0621,13.6252,7.3525,3.6099,13.5143,34.1777,8.3848,6.0807,8.1927,29.6497,18.6873,70.3502,32.1132,0.3075,59990,492726,ISCO-08,9,,
GEO,Georgia,Europe & Central Asia,country,2024,3812518.0,20.7987693261233,63.5635441096524,15.6376865642243,64.345,11.557,29.863,1942937.0,1718392,45.0724,34.7666736005864,16.3526300241056,48.880696375308,5.162,13.5203,7.5849,3.6333,14.0366,31.9845,8.6838,6.2203,9.1742,29.9005,18.6823,70.0994,30.5605,0.3109,62434,513808,ISCO-08,9,,
GEO,Georgia,Europe & Central Asia,country,2025,3935766.0,20.4880721239109,63.5205931902179,15.9913346858712,64.312,12.097,30.258,2012582.0,1769120,44.9498,33.9512428320628,16.5719318423556,49.4768253255816,4.7451,13.734,8.2507,3.712,13.7738,31.3152,9.6163,5.9547,8.8982,30.4418,18.4791,69.5582,34.3655,0.314,65670,538552,ISCO-08,9,,
GHA,Ghana,Sub-Saharan Africa,country,2013,27386193.0,38.8606393532069,57.7912847870327,3.34807585976035,71.651,2.173,4.718,11997060.0,11736364,42.855,44.3403448003791,17.4178603849357,38.2417948146852,1.4294,4.9903,1.7796,1.2786,24.2911,45.1482,12.4362,4.3817,4.2649,9.4779,6.4197,90.5221,4.4719,0.2175,150061,1112361,ISCO-08,9,,
GHA,Ghana,Sub-Saharan Africa,country,2014,28041592.0,38.7566594158302,57.8927979928387,3.35054259133107,70.466,4.403,9.307,12101554.0,11568723,41.2556,43.895196360092,17.4107440768339,38.6940595630741,,,,,,,,,,,,,,,,,,0,,
GHA,Ghana,Sub-Saharan Africa,country,2015,28696068.0,38.6068195581154,58.0343822372177,3.35879820466689,69.253,6.806,14.238,12200598.0,11370225,39.6229,43.4261410674157,17.3511410388323,39.222717893752,1.3665,8.0753,2.1736,1.9176,26.382,30.8213,19.1271,3.9954,6.1413,13.533,9.4418,86.4671,11.0992,0.2541,218035,1538733,ISCO-08,9,,
GHA,Ghana,Sub-Saharan Africa,country,2016,29356742.0,38.4001405605591,58.2304936670168,3.36936577242403,68.066,5.256,10.616,12308859.0,11661905,39.7248,42.8607884401307,17.2913039101303,39.847907649739,,,,,,,,,,,,,,,,,,0,,
GHA,Ghana,Sub-Saharan Africa,country,2017,30008354.0,38.1355621837839,58.4792804696985,3.38515734651757,66.855,3.369,6.375,12411296.0,11993159,39.9661,42.0184244466613,17.5036745834888,40.4779009698499,1.7049,5.8916,2.0447,1.5108,21.1578,40.9169,17.0591,5.2043,4.51,11.152,7.5965,88.8481,6.9196,0.2233,181193,1337477,ISCO-08,9,,
GHA,Ghana,Sub-Saharan Africa,country,2018,30637585.0,37.8459029627483,58.7468098211202,3.40728721613155,65.282,3.204,6.107,12431335.0,12033035,39.2754,39.8965508902356,16.7729964266253,43.3304443727721,,,,,,,,,,,,,,,,,,0,,
GHA,Ghana,Sub-Saharan Africa,country,2019,31258945.0,37.5512865197466,59.0123019186988,3.43641156155462,63.712,3.067,5.875,12437098.0,12055652,38.567,37.6580356214864,16.079355392756,46.2626006908497,,,,,,,,,,,,,,,,,,0,,
GHA,Ghana,Sub-Saharan Africa,country,2020,31887809.0,37.2244577857325,59.306835725214,3.46870648905354,61.615,3.178,6.319,12333934.0,11941962,37.4499,37.4159627643187,15.2083269307954,47.3757103048859,,,,,,,,,,,,,,,,,,0,,
GHA,Ghana,Sub-Saharan Africa,country,2021,32518665.0,36.8759587762905,59.6173505277661,3.50669069594339,60.389,3.2,5.985,12396107.0,11999432,36.9001,35.9690047422434,14.3801881829934,49.650798741002,1.8439,7.6089,1.5956,1.8846,24.6959,35.0492,17.0926,5.7655,4.4637,12.933,9.4528,87.0669,7.1796,0.2452,226141,1551887,ISCO-08,9,,
GHA,Ghana,Sub-Saharan Africa,country,2022,33149152.0,36.5291305189345,59.9093666106451,3.56150287042033,59.101,2.87,5.402,12434883.0,12078002,36.4353,36.3202438830527,17.7080076701949,45.9717484467524,1.7358,5.7465,1.6297,1.5788,26.2632,35.9167,16.0068,4.7465,6.376,10.6908,7.4823,89.3092,4.9036,0.2342,190687,1291235,ISCO-08,9,,
GHA,Ghana,Sub-Saharan Africa,country,2023,33787914.0,36.1789188879787,60.1892661973746,3.6318149146467,59.067,2.829,5.352,12737097.0,12376765,36.6307,36.0071785301449,17.6354156979607,46.3573976923314,1.7218,5.9967,1.5668,1.6753,27.4719,36.6674,13.5127,5.1451,6.2423,10.9606,7.7185,89.0394,6.5651,0.2379,207348,1356568,ISCO-08,9,,
GHA,Ghana,Sub-Saharan Africa,country,2024,34427414.0,35.8181308043952,60.4735365902524,3.70833260535242,59.056,2.82,5.347,13049107.0,12681122,36.8344,35.186453760204,17.8796669428501,46.9338792969459,1.9044,5.8322,1.4514,1.5479,28.9146,36.2388,13.2459,4.7572,6.1076,10.7359,7.7366,89.2641,5.856,0.2394,196291,1361433,ISCO-08,9,,
GHA,Ghana,Sub-Saharan Africa,country,2025,35064272.0,35.4296770309437,60.7826271028438,3.78769586621254,58.524,2.979,5.826,13250486.0,12855754,36.6634,34.5735834374172,18.2555979894244,47.1708185731584,,,,,,,,,,,,,,,,,,0,,
GIB,Gibraltar,Europe & Central Asia,country,2013,32407.0,18.1084625472499,65.1793566304096,16.7121808223405,,,,,,,,,,,,,,,,,,,,,,,,,,,0,,
GIB,Gibraltar,Europe & Central Asia,country,2014,32813.0,18.1406759516045,64.8386310303843,17.0206930180112,,,,,,,,,,,,,,,,,,,,,,,,,,,0,,
GIB,Gibraltar,Europe & Central Asia,country,2015,33193.0,18.1501845296377,64.520599533027,17.3292159373352,,,,,,,,,,,,,,,,,,,,,,,,,,,0,,
GIB,Gibraltar,Europe & Central Asia,country,2016,33658.0,18.1410342112691,64.335903263663,17.523062525068,,,,,,,,,,,,,,,,,,,,,,,,,,,0,,
GIB,Gibraltar,Europe & Central Asia,country,2017,34245.0,18.167880973587,64.2833155689235,17.5488034574895,,,,,,,,,,,,,,,,,,,,,,,,,,,0,,
GIB,Gibraltar,Europe & Central Asia,country,2018,34854.0,18.1829919091066,64.3039536351638,17.5130544557296,,,,,,,,,,,,,,,,,,,,,,,,,,,0,,
GIB,Gibraltar,Europe & Central Asia,country,2019,35494.0,18.1481377134164,64.3911647038936,17.46069758269,,,,,,,,,,,,,,,,,,,,,,,,,,,0,,
GIB,Gibraltar,Europe & Central Asia,country,2020,36173.0,18.0590495673569,64.5163519752301,17.424598457413,,,,,,,,,,,,,,,,,,,,,,,,,,,0,,
GIB,Gibraltar,Europe & Central Asia,country,2021,36858.0,18.0677455675082,64.6038227274577,17.3284317050341,,,,,,,,,,,,,,,,,,,,,,,,,,,0,,
GIB,Gibraltar,Europe & Central Asia,country,2022,37609.0,18.0180539491352,64.6445711854718,17.3373748653931,,,,,,,,,,,,,,,,,,,,,,,,,,,0,,
GIB,Gibraltar,Europe & Central Asia,country,2023,38471.0,17.7928542649563,64.7366163683862,17.4705293666576,,,,,,,,,,,,,,,,,,,,,,,,,,,0,,
GIB,Gibraltar,Europe & Central Asia,country,2024,39329.0,17.6472831752651,64.7372168120217,17.6155000127133,,,,,,,,,,,,,,,,,,,,,,,,,,,0,,
GIB,Gibraltar,Europe & Central Asia,country,2025,40126.0,17.587100633006,64.5778298360165,17.8350695309774,,,,,,,,,,,,,,,,,,,,,,,,,,,0,,
GIN,Guinea,Sub-Saharan Africa,country,2013,11191873.0,43.7679823564831,52.6752447959336,3.55677284758324,57.054,4.944,5.898,3590645.0,3413124,30.4965,53.907331296504,12.7552628834144,33.3373765216158,,,,,,,,,,,,,,,,,,0,,
GIN,Guinea,Sub-Saharan Africa,country,2014,11472924.0,43.5400339094027,52.9287869421954,3.53117914840192,56.364,5.044,5.974,3651040.0,3466882,30.2179,52.0316690578836,13.7730345725548,34.1953252141567,0.3068,1.1476,1.7406,1.1047,25.4066,53.0056,15.5742,0.3963,1.3175,4.2997,1.4544,95.7002,1.5961,0.1869,38299,149066,ISCO-08,9,,
GIN,Guinea,Sub-Saharan Africa,country,2015,11767070.0,43.2986291404742,53.1930038658731,3.50836699365263,55.671,5.15,6.266,3714419.0,3523126,29.9406,51.7231767909932,13.5507640255853,34.7260591834215,,,,,,,,,,,,,,,,,,0,,
GIN,Guinea,Sub-Saharan Africa,country,2016,12073030.0,43.0672623194012,53.440739400134,3.4919982804648,54.975,4.997,6.35,3778710.0,3589888,29.7348,50.3134636437328,13.9294797333623,35.7570844789116,,,,,,,,,,,,,,,,,,0,,
GIN,Guinea,Sub-Saharan Africa,country,2017,12385659.0,42.8584219862665,53.6638744858065,3.47770352792694,54.278,4.86,6.436,3841450.0,3654756,29.508,49.2633426289937,14.143996637802,36.5926607332043,,,,,,,,,,,,,,,,,,0,,
GIN,Guinea,Sub-Saharan Africa,country,2018,12704774.0,42.6459848872558,53.8882234347498,3.46579167799443,53.579,4.835,6.616,3904140.0,3715375,29.2439,48.5915849298942,14.1681797457166,37.2402353243893,,,,,,,,,,,,,,,,,,0,,
GIN,Guinea,Sub-Saharan Africa,country,2019,13034346.0,42.4059864606939,54.1370890415215,3.45692449778455,52.879,5.018,6.988,3969628.0,3770432,28.9269,48.2673703892797,14.1728850195933,37.559744591127,0.8061,5.4878,1.1862,1.1763,32.0054,39.7264,10.9298,3.2429,5.4391,8.6564,6.2939,91.3436,,0.2328,44352,326384,ISCO-08,9,,
GIN,Guinea,Sub-Saharan Africa,country,2020,13371183.0,42.1447077644514,54.4109522695187,3.44433996602993,52.376,6.007,8.414,4051774.0,3808384,28.482,49.7789511964888,14.0111095502483,36.2099129957581,,,,,,,,,,,,,,,,,,0,,
GIN,Guinea,Sub-Saharan Africa,country,2021,13710513.0,41.8696623532613,54.6990546597345,3.43128298700421,52.624,5.815,7.976,4194116.0,3950228,28.8117,49.9702928615025,13.8623355759881,36.1673715625094,,,,,,,,,,,,,,,,,,0,,
GIN,Guinea,Sub-Saharan Africa,country,2022,14055137.0,41.5697299855562,54.9992291074786,3.43104090696519,52.82,5.174,7.095,4337819.0,4113380,29.266,49.6645112731505,13.7049089780187,36.6305797488308,,,,,,,,,,,,,,,,,,0,,
GIN,Guinea,Sub-Saharan Africa,country,2023,14405468.0,41.2429398336798,55.3160022291535,3.44105793716664,52.812,5.141,7.071,4470129.0,4240320,29.4355,49.0242038204544,13.9586503818969,37.0171693809915,,,,,,,,,,,,,,,,,,0,,
GIN,Guinea,Sub-Saharan Africa,country,2024,14754785.0,40.9011571194986,55.6437265726432,3.45511630785822,52.792,5.132,7.068,4603413.0,4367166,29.5983,48.2399386876885,14.0319233440398,37.7281150700377,,,,,,,,,,,,,,,,,,0,,
GIN,Guinea,Sub-Saharan Africa,country,2025,15099727.0,40.5483688546157,55.9786047787486,3.47302636663564,52.61,5.163,7.017,4722818.0,4478979,29.6626,47.3583729943351,14.1515038732967,38.4901231323681,,,,,,,,,,,,,,,,,,0,,
GMB,"Gambia, The",Sub-Saharan Africa,country,2013,2103820.0,43.920664296533,53.4267554797358,2.65258022373117,47.923,9.454,13.73,565400.0,511947,24.3342,30.3899066888306,16.0670230865546,53.5430702246149,,,,,,,,,,,,,,,,,,0,,
GMB,"Gambia, The",Sub-Saharan Africa,country,2014,2164528.0,43.7463964430121,53.6241388422788,2.62946471470917,47.854,8.191,12.207,582683.0,534955,24.7146,30.7787786964462,16.2365665768769,52.9846547266769,,,,,,,,,,,,,,,,,,0,,
GMB,"Gambia, The",Sub-Saharan Africa,country,2015,2224529.0,43.5509269602689,53.834249856936,2.6148231827951,47.835,7.226,11.019,600677.0,557272,25.0512,30.5745319602133,16.4691864460918,52.9561021477881,,,,,,,,,,,,,,,,,,0,,
GMB,"Gambia, The",Sub-Saharan Africa,country,2016,2283769.0,43.3273585622367,54.0527842236268,2.61985721413654,47.793,6.244,9.815,618571.0,579947,25.3943,30.6353996034141,16.6900594878869,52.674540908699,,,,,,,,,,,,,,,,,,0,,
GMB,"Gambia, The",Sub-Saharan Africa,country,2017,2342189.0,43.0679377283387,54.2934408794508,2.63862139221045,47.773,5.097,8.415,637032.0,604562,25.8118,30.0721173726781,16.8969680930248,53.0309145342971,,,,,,,,,,,,,,,,,,0,,
GMB,"Gambia, The",Sub-Saharan Africa,country,2018,2399632.0,42.76526567407,54.5641373343913,2.6705969915387,47.77,4.055,7.15,656084.0,629480,26.2324,29.1626620575933,17.1880733872082,53.6492645551985,0.5866,6.3738,3.3714,1.166,11.0983,51.7169,2.1395,0.5354,23.0121,11.4978,6.9604,88.5022,5.6466,0.1907,7340,72376,ISCO-08,9,,
GMB,"Gambia, The",Sub-Saharan Africa,country,2019,2456844.0,42.4245698953617,54.8603411531217,2.71508895151666,47.753,4.481,7.809,675484.0,645216,26.262,28.4343309883713,17.4547010057144,54.1109680059143,,,,,,,,,,,,,,,,,,0,,
GMB,"Gambia, The",Sub-Saharan Africa,country,2020,2515733.0,42.0440797882606,55.1896892099263,2.76623100181319,47.675,5.84,10.14,695109.0,654515,26.0169,29.7711754738976,17.6043781769513,52.6244463491511,,,,,,,,,,,,,,,,,,0,,
GMB,"Gambia, The",Sub-Saharan Africa,country,2021,2576010.0,41.6239924581024,55.554725244608,2.82128229728966,47.636,6.213,10.444,716337.0,671831,26.0803,30.0686029498227,17.9232462636026,52.0082996322025,,,,,,,,,,,,,,,,,,0,,
GMB,"Gambia, The",Sub-Saharan Africa,country,2022,2636470.0,41.1843866988815,55.9258212685902,2.88979203252834,47.597,6.067,10.163,738066.0,693288,26.2961,29.4039163873231,18.2635887908702,52.3324948218067,,,,,,,,,,,,,,,,,,0,,
GMB,"Gambia, The",Sub-Saharan Africa,country,2023,2697845.0,40.7308535644461,56.2912887339175,2.97785770163636,47.549,6.479,10.811,760304.0,711044,26.356,29.0675172421552,18.5957910014514,52.3366917563934,1.9533,6.0935,2.7853,0.8937,29.9844,25.4918,15.4377,4.8381,12.5222,11.7258,8.0468,88.2742,6.4668,0.2505,6355,83376,ISCO-08,9,,
GMB,"Gambia, The",Sub-Saharan Africa,country,2024,2759988.0,40.247990253579,56.6737711674419,3.07823857897907,47.507,6.48,10.83,783461.0,732693,26.547,28.3038619439652,18.6955429869194,53.0004585853733,,,,,,,,,,,,,,,,,,0,,
GMB,"Gambia, The",Sub-Saharan Africa,country,2025,2822093.0,39.723265675511,57.0917755013743,3.18495882311462,47.457,6.521,10.863,807275.0,754633,26.7402,27.554119667543,18.8022114324485,53.6436689000085,2.5126,6.5753,3.042,0.9526,32.1269,23.2049,15.5571,5.668,10.3605,13.0825,9.0879,86.9174,7.8912,0.2638,7189,98725,ISCO-08,9,,
GNB,Guinea-Bissau,Sub-Saharan Africa,country,2013,1695973.0,42.6728196734264,54.5348304483621,2.7923498782115,63.275,3.173,3.88,615193.0,595673,35.1228,65.8676824365046,6.75723089681755,27.3750866666779,,,,,,,,,,,,,,,,,,0,,
GNB,Guinea-Bissau,Sub-Saharan Africa,country,2014,1741122.0,42.4752135475821,54.7248973004484,2.79988915196949,63.221,3.285,3.962,633206.0,612405,35.173,65.7949654149875,6.76432551061064,27.4407090744019,,,,,,,,,,,,,,,,,,0,,
GNB,Guinea-Bissau,Sub-Saharan Africa,country,2015,1786457.0,42.2438777546501,54.9366021506821,2.81952009466785,63.157,3.168,3.884,651647.0,631003,35.3215,65.5652543232415,6.85363735483544,27.5812667985192,,,,,,,,,,,,,,,,,,0,,
GNB,Guinea-Bissau,Sub-Saharan Africa,country,2016,1831893.0,41.9791598146945,55.1710293202088,2.84981086509669,63.085,3.139,3.867,670517.0,649469,35.4534,65.1057552993128,6.93887794836105,27.9553667523261,,,,,,,,,,,,,,,,,,0,,
GNB,Guinea-Bissau,Sub-Saharan Africa,country,2017,1877072.0,41.6673259383034,55.443705793839,2.88896826785767,63.0,3.089,3.835,689816.0,668508,35.6144,64.8347210047479,7.0388298683931,28.126449126859,,,,,,,,,,,,,,,,,,0,,
GNB,Guinea-Bissau,Sub-Saharan Africa,country,2018,1922168.0,41.3089389972518,55.7568994377441,2.93416156500409,62.901,3.127,3.868,709612.0,687422,35.7628,64.5069221895561,7.20818355985436,28.2848942505895,1.6834,7.894,19.3891,2.0777,23.2708,20.9029,10.8544,3.1057,10.822,31.0442,9.5774,68.9558,25.9195,0.3354,14283,213405,ISCO-08,9,,
GNB,Guinea-Bissau,Sub-Saharan Africa,country,2019,1967696.0,40.9289087338695,56.0881101552272,2.98298111090331,62.167,2.413,2.063,722591.0,705155,35.8366,64.3813975386937,9.17969691726914,26.4389055440372,,,,,,,,,,,,,,,,,,0,,
GNB,Guinea-Bissau,Sub-Saharan Africa,country,2020,2013255.0,40.5414614641464,56.4395965737077,3.01894196214588,62.502,2.887,2.733,748181.0,726581,36.0899,65.1608907484379,9.21674144622753,25.6223678053346,,,,,,,,,,,,,,,,,,0,,
GNB,Guinea-Bissau,Sub-Saharan Africa,country,2021,2058841.0,40.1419924748943,56.8112455475567,3.04676197754902,63.765,3.016,2.941,785828.0,762127,37.0173,64.2874106614497,9.36928000377889,26.3433093347714,,,,,,,,,,,,,,,,,,0,,
GNB,Guinea-Bissau,Sub-Saharan Africa,country,2022,2105529.0,39.7047487828474,57.2049589438094,3.09029227334318,64.838,2.666,2.835,823140.0,801195,38.052,62.6635363543094,9.60898554414764,27.7274781015429,0.294,4.018,1.0397,1.388,16.3026,39.9915,6.3441,2.6294,27.9927,6.7397,4.312,93.2603,1.3581,0.1849,11121,53998,ISCO-08,9,,
GNB,Guinea-Bissau,Sub-Saharan Africa,country,2023,2153339.0,39.2423580309464,57.6150805795093,3.14256138954433,64.796,2.632,2.817,847738.0,825426,38.3324,62.2114830124493,9.65075088317818,28.1377661043725,,,,,,,,,,,,,,,,,,0,,
GNB,Guinea-Bissau,Sub-Saharan Africa,country,2024,2201352.0,38.7859142926711,58.022229066501,3.191856640828,64.751,2.647,2.826,872544.0,849448,38.5876,61.7008101674723,9.68386751960671,28.6152045902427,,,,,,,,,,,,,,,,,,0,,
GNB,Guinea-Bissau,Sub-Saharan Africa,country,2025,2249515.0,38.3251723149212,58.4375965485894,3.23723113648942,64.814,2.673,2.844,899220.0,875184,38.9055,61.0725985308216,9.71294003654093,29.2144614326375,,,,,,,,,,,,,,,,,,0,,
GNQ,Equatorial Guinea,Sub-Saharan Africa,country,2013,1346218.0,38.2952835276307,58.4466260293652,3.25809044300403,60.389,7.675,15.252,501639.0,463138,34.4029,54.9084934015062,11.7136219166724,33.3781006011193,,,,,,,,,,,,,,,,,,0,,
GNQ,Equatorial Guinea,Sub-Saharan Africa,country,2014,1399828.0,38.3142208593559,58.4350928953746,3.25068624526951,60.734,7.669,15.211,524435.0,484216,34.5911,54.8064929164429,11.6810540663335,33.5124530172236,,,,,,,,,,,,,,,,,,0,,
GNQ,Equatorial Guinea,Sub-Saharan Africa,country,2015,1453923.0,38.3219056304908,58.4095581402867,3.26853622922259,61.011,7.778,15.404,547117.0,504562,34.7035,55.399577451948,11.1586774959469,33.4415468588349,,,,,,,,,,,,,,,,,,0,,
GNQ,Equatorial Guinea,Sub-Saharan Africa,country,2016,1508186.0,38.3063826345026,58.3936265155624,3.29999084993496,61.202,7.798,15.377,569457.0,525051,34.8134,56.0147490434262,10.7298148179891,33.2554361385846,,,,,,,,,,,,,,,,,,0,,
GNQ,Equatorial Guinea,Sub-Saharan Africa,country,2017,1562396.0,38.2604148565456,58.3969295866507,3.34265555680364,61.305,7.843,15.389,591358.0,544978,34.8809,56.5808957776355,10.5143500942238,32.9047541281407,,,,,,,,,,,,,,,,,,0,,
GNQ,Equatorial Guinea,Sub-Saharan Africa,country,2018,1616422.0,38.1591873904216,58.4494643106812,3.39134829889719,61.306,7.818,15.14,612820.0,564910,34.9482,55.3999560993571,10.6186450278981,33.9812218540233,,,,,,,,,,,,,,,,,,0,,
GNQ,Equatorial Guinea,Sub-Saharan Africa,country,2019,1670177.0,37.9852554549608,58.5734625731285,3.44128197191076,61.198,7.917,15.221,633862.0,583679,34.9471,55.8356005729206,10.2645988527882,33.8998005742912,,,,,,,,,,,,,,,,,,0,,
GNQ,Equatorial Guinea,Sub-Saharan Africa,country,2020,1716468.0,37.8951317778334,58.6219904414209,3.48287778074576,57.001,8.625,17.393,607636.0,555227,32.3471,56.1791843696362,10.0989325086856,33.7220632281932,,,,,,,,,,,,,,,,,,0,,
GNQ,Equatorial Guinea,Sub-Saharan Africa,country,2021,1758786.0,37.8353768351076,58.6438433544947,3.52077981039768,57.677,8.821,16.976,630607.0,574981,32.6919,55.5219311976069,10.3184458589864,34.1596229434067,,,,,,,,,,,,,,,,,,0,,
GNQ,Equatorial Guinea,Sub-Saharan Africa,country,2022,1803545.0,37.6781283527719,58.7543698660139,3.56750178121422,61.13,8.334,15.81,687104.0,629841,34.9224,55.1948330308789,10.4557138479663,34.3496118898717,,,,,,,,,,,,,,,,,,0,,
GNQ,Equatorial Guinea,Sub-Saharan Africa,country,2023,1847549.0,37.484337357223,58.8922404764366,3.62342216634038,61.142,8.218,15.457,706195.0,648160,35.0822,55.4355406072575,10.1187978276969,34.4458158479388,1.2364,9.0457,5.622,3.1349,21.3957,33.4253,7.9083,6.3437,11.8879,19.039,10.2821,80.9609,17.0725,0.2708,20319,123403,ISCO-08,9,,
GNQ,Equatorial Guinea,Sub-Saharan Africa,country,2024,1892516.0,37.2854609193632,59.0266452102267,3.68789387041011,60.908,8.293,15.556,722907.0,662956,35.0304,55.1065691228599,10.1393770269251,34.7540538502149,,,,,,,,,,,,,,,,,,0,,
GNQ,Equatorial Guinea,Sub-Saharan Africa,country,2025,1938431.0,37.0865406093898,59.1493584244165,3.76410096619379,60.513,8.337,15.736,737977.0,676452,34.8969,55.3234642801179,9.92862823708198,34.7479074828001,,,,,,,,,,,,,,,,,,0,,
GRC,Greece,Europe & Central Asia,country,2013,10965211.0,14.6602330759572,65.0482485111407,20.2915184129021,51.565,27.686,58.491,4825291.0,3489361,31.8221,13.1533563032313,15.6710958933547,71.175547803414,5.1353,20.0173,7.912,10.0171,21.0175,12.5784,10.2493,6.3959,6.6772,43.0817,25.1526,56.9183,22.5329,0.4211,349533,1503276,ISCO-08,9,,
GRC,Greece,Europe & Central Asia,country,2014,10892413.0,14.5872735902825,64.7156591244612,20.6970672852563,51.23,26.708,52.645,4766187.0,3493234,32.0703,13.0940188066238,15.0921295567419,71.8138802616325,3.8022,19.2979,8.1859,9.9285,22.5448,12.4661,10.1127,6.5022,7.1596,41.2145,23.1001,58.7854,20.617,0.4155,346826,1439719,ISCO-08,9,,
GRC,Greece,Europe & Central Asia,country,2015,10820883.0,14.4843972117852,64.4361225877416,21.0794802004731,51.201,24.981,49.731,4737907.0,3554330,32.8469,12.5007139189579,15.0496085754679,72.4496775055742,3.1306,19.0068,8.3508,10.6679,24.1311,11.7528,9.8019,5.8889,7.2693,41.1561,22.1374,58.844,20.8693,0.4206,379172,1462824,ISCO-08,9,,
GRC,Greece,Europe & Central Asia,country,2016,10775971.0,14.4375010208339,64.1636112798065,21.3988876993596,51.147,23.514,47.223,4715851.0,3606966,33.4723,11.9289237363557,15.3630196044726,72.7080289339947,2.6907,19.7784,8.3521,10.6207,24.2813,11.1158,9.8717,6.1185,7.1706,41.4419,22.4691,58.5579,19.9612,0.4236,383085,1494795,ISCO-08,9,,
GRC,Greece,Europe & Central Asia,country,2017,10754679.0,14.4200136634158,63.9236489103791,21.6563374262051,51.022,21.413,43.392,4695990.0,3690438,34.3147,11.6725573398909,15.518531908009,72.8089107521001,2.449,19.9383,8.1292,10.8645,24.026,10.9763,9.619,6.5953,7.4023,41.381,22.3873,58.6189,22.0207,0.4238,400948,1527140,ISCO-08,9,,
GRC,Greece,Europe & Central Asia,country,2018,10732882.0,14.3685256429283,63.7348406022322,21.8966337548395,50.8,19.179,40.011,4668888.0,3773442,35.1578,11.8529904226639,15.4036261507156,72.7433834266205,2.8028,19.7519,8.1775,11.0615,23.7873,11.0903,9.5213,6.8389,6.9683,41.7937,22.5547,58.2061,23.1891,0.4255,417399,1577061,ISCO-08,9,,
GRC,Greece,Europe & Central Asia,country,2019,10721582.0,14.2956683003259,63.5769463955355,22.1273853041386,50.855,17.045,34.754,4672995.0,3876483,36.1559,11.1507282816022,15.3188399514479,73.5304317669499,2.8818,19.7504,8.1788,11.7063,24.0499,10.2021,9.3128,6.7768,7.141,42.5173,22.6322,57.4826,25.4558,0.4314,453793,1648176,ISCO-08,9,,
GRC,Greece,Europe & Central Asia,country,2020,10698599.0,14.1702935939493,63.4362736718399,22.3934327342108,50.055,15.899,33.74,4596339.0,3865567,36.1315,10.2879128741699,15.018662097434,74.693425028396,3.1074,20.6204,8.7852,11.9009,23.8863,9.5081,8.9558,6.6041,6.6317,44.4139,23.7278,55.586,26.8209,0.4415,460037,1716849,ISCO-08,9,,
GRC,Greece,Europe & Central Asia,country,2021,10570130.0,14.0226990515013,63.1383476119661,22.8389533365326,50.33,14.656,35.39,4573946.0,3903588,36.9304,11.3577118058213,15.2808452141125,73.3614429800662,2.8797,21.3395,8.0024,11.7891,22.4869,10.7351,9.5441,6.5754,6.6477,44.0107,24.2192,55.9892,24.1614,0.4365,460198,1717996,ISCO-08,9,,
GRC,Greece,Europe & Central Asia,country,2022,10437805.0,13.8482474876302,62.9235782445681,23.2281742678017,51.826,12.426,31.29,4660376.0,4081278,39.1009,11.1562557643557,15.5585226252574,73.2851970485516,2.9486,22.2394,7.3479,11.6366,22.306,10.4002,9.53,6.7456,6.8457,44.1725,25.188,55.8275,28.0773,0.4374,474922,1802803,ISCO-08,9,,
GRC,Greece,Europe & Central Asia,country,2023,10407351.0,13.5868147216194,62.9301872607766,23.4829980176041,51.801,11.023,26.543,4658631.0,4145110,39.8287,11.4759495085773,15.9526314447748,72.5713945343447,3.0928,22.2575,7.063,10.9279,22.5787,10.576,9.6767,6.9259,6.9016,43.3412,25.3503,56.6589,28.0779,0.4322,452973,1796540,ISCO-08,9,,
GRC,Greece,Europe & Central Asia,country,2024,10405134.0,13.2194094109899,62.840827158816,23.939763430194,52.333,10.02,22.375,4725479.0,4251986,40.8643,10.9883381519467,16.3549607119224,72.6566767812491,2.9719,22.5984,6.5538,11.1298,23.1315,10.1371,9.9156,7.0446,6.5172,43.2539,25.5703,56.746,26.491,0.4342,473238,1839150,ISCO-08,9,,
GRC,Greece,Europe & Central Asia,country,2025,10413962.0,12.8514587384882,62.7486827065259,24.3998585549859,51.958,8.54,21.389,4715509.0,4312805,41.4137,10.6777890345794,16.3151872070903,73.0070237583302,3.0282,22.9106,7.022,11.5381,23.1308,8.3077,9.7509,7.1052,7.2065,44.4989,25.9388,55.5011,28.407,0.4423,497616,1919151,ISCO-08,9,,
GRD,Grenada,Latin America & Caribbean,country,2013,113487.0,23.0449302563289,67.1032805519575,9.85178919171359,,,,,,,,,,,,,,,,,,,,,,,,,,,0,,
GRD,Grenada,Latin America & Caribbean,country,2014,114132.0,22.7303592785515,67.3175240840609,9.95211663738757,,,,,,,,,,,,,,,,,,,,,,,,,,,0,,
GRD,Grenada,Latin America & Caribbean,country,2015,114676.0,22.3656214029091,67.5673201018522,10.0670584952388,,,,,,,,,,,,,,,,,,,,,,,,,,,0,,
GRD,Grenada,Latin America & Caribbean,country,2016,115130.0,22.0676626422305,67.7286545644055,10.203682793364,,,,,,,,,,,,,,,,,,,,,,,,,,,0,,
GRD,Grenada,Latin America & Caribbean,country,2017,115438.0,21.797415062631,67.839013149916,10.363571787453,,,,,,,,,,,,,,,,,,,,,,,,,,,0,,
GRD,Grenada,Latin America & Caribbean,country,2018,115691.0,21.4913001011315,67.9612070083239,10.5474928905446,,,,,45446,39.2822,,,,4.8013,9.2571,8.5794,6.1788,27.3005,4.7089,13.7372,4.8717,20.5651,28.8166,14.0584,71.1834,,0.3503,2808,13096,ISCO-08,9,,
GRD,Grenada,Latin America & Caribbean,country,2019,115981.0,21.2089859158573,68.032832822476,10.7581812616667,,,,,180909,155.9816,,,,5.1368,7.8166,7.9659,7.0074,26.7543,8.7071,13.8993,4.4514,18.2611,27.9267,12.9534,72.0732,30.9742,0.3433,12677,50522,ISCO-08,9,,
GRD,Grenada,Latin America & Caribbean,country,2020,116341.0,20.90019855425,68.1139924876011,10.9858089581489,,,,,41267,35.4707,,,,4.025,8.4741,10.7083,6.7875,25.2865,11.4619,12.2156,4.4418,16.5992,29.9949,12.4991,70.005,34.7238,0.3495,2801,12378,ISCO-08,9,,
GRD,Grenada,Latin America & Caribbean,country,2021,116688.0,20.5677557579004,68.2043920728441,11.2278521692555,,,,,96757,82.9194,,,,4.503,8.88,8.8717,7.4155,24.9481,9.7016,13.7675,4.4338,17.4788,29.6702,13.383,70.3298,39.3451,0.3496,7175,28708,ISCO-08,9,,
GRD,Grenada,Latin America & Caribbean,country,2022,116913.0,20.2201637114778,68.2584485899772,11.5213876985451,,,,,,,,,,,,,,,,,,,,,,,,,,,0,,
GRD,Grenada,Latin America & Caribbean,country,2023,117081.0,19.8460894594341,68.2834960412023,11.8704144993637,,,,,50180,42.8592,,,,2.212,6.5185,5.6676,4.436,18.8222,5.7214,10.1873,2.5847,43.8501,18.8341,8.7305,81.1657,21.676,0.2736,2226,9451,ISCO-08,9,,
GRD,Grenada,Latin America & Caribbean,country,2024,117207.0,19.4411620416782,68.3194334833522,12.2394044749696,,,,,,,,,,,,,,,,,,,,,,,,,,,0,,
GRD,Grenada,Latin America & Caribbean,country,2025,117303.0,19.0109417025067,68.3636890629862,12.6253692345071,,,,,,,,,,,,,,,,,,,,,,,,,,,0,,
GRL,Greenland,Europe & Central Asia,country,2013,56483.0,21.450816626263,71.1376143542194,7.41156901951763,,,,,,,,,,,,,,,,,,,,,,,,,,,0,,
GRL,Greenland,Europe & Central Asia,country,2014,56295.0,21.2726754846635,71.1836647499688,7.5436597653677,,,,,,,,,,,,,,,,,,,,,,,,,,,0,,
GRL,Greenland,Europe & Central Asia,country,2015,56114.0,21.109940915014,71.1733100087467,7.71674907623927,,,,,,,,,,,,,,,,,,,,,,,,,,,0,,
GRL,Greenland,Europe & Central Asia,country,2016,56186.0,20.925420524072,71.1216353614812,7.95294411444676,,,,,,,,,,,,,,,,,,,,,,,,,,,0,,
GRL,Greenland,Europe & Central Asia,country,2017,56172.0,20.7950634017585,71.0215619482442,8.18337464999732,,,,,,,,,,,,,,,,,,,,,,,,,,,0,,
GRL,Greenland,Europe & Central Asia,country,2018,56023.0,20.7584687954203,70.8561085004503,8.3854227041294,,,,,,,,,,,,,,,,,,,,,,,,,,,0,,
GRL,Greenland,Europe & Central Asia,country,2019,56225.0,20.8259040011411,70.5896512374296,8.58444476142928,,,,,,,,,,,,,,,,,,,,,,,,,,,0,,
GRL,Greenland,Europe & Central Asia,country,2020,56367.0,20.8730463003415,70.2823669968527,8.84458670280584,,,,,,,,,,,,,,,,,,,,,,,,,,,0,,
GRL,Greenland,Europe & Central Asia,country,2021,56653.0,20.8425898664383,69.9713605096223,9.1860496239394,,,,,,,,,,,,,,,,,,,,,,,,,,,0,,
GRL,Greenland,Europe & Central Asia,country,2022,56661.0,20.8035291701271,69.6180602066422,9.57841062323073,,,,,,,,,,,,,,,,,,,,,,,,,,,0,,
GRL,Greenland,Europe & Central Asia,country,2023,56865.0,20.8028968661988,69.0777415172784,10.1193616165229,,,,,,,,,,,,,,,,,,,,,,,,,,,0,,
GRL,Greenland,Europe & Central Asia,country,2024,56836.0,20.8033739557124,68.3879690899811,10.8086569543065,,,,,,,,,,,,,,,,,,,,,,,,,,,0,,
GRL,Greenland,Europe & Central Asia,country,2025,56831.0,20.7410596561096,67.7286548448726,11.5302854990178,,,,,,,,,,,,,,,,,,,,,,,,,,,0,,
GTM,Guatemala,Latin America & Caribbean,country,2013,15387337.0,37.5045032969479,58.4664825867373,4.02901411631479,60.22,3.017,5.512,5790992.0,5616278,36.4994,31.8398614600714,19.4761236382685,48.6840149016601,1.3724,6.0567,3.079,4.6393,23.2926,11.0407,13.4769,4.8417,32.2008,15.1474,7.4291,84.8527,12.6747,0.2664,260556,850720,ISCO-08,9,,
GTM,Guatemala,Latin America & Caribbean,country,2014,15681725.0,36.9435760415388,58.9667208167469,4.08970314171432,60.732,2.717,5.691,6005384.0,5842218,37.2549,31.5335429790922,19.4585429277421,49.0079140931657,1.142,6.5822,3.2265,5.5809,24.1768,18.5495,13.5764,4.6813,22.4843,16.5316,7.7242,83.4683,12.2735,0.275,326048,965812,ISCO-08,9,,
GTM,Guatemala,Latin America & Caribbean,country,2015,15971743.0,36.4121874487963,59.4359269367157,4.15188561448804,60.596,2.506,5.581,6154180.0,5999956,37.5661,31.875723341049,18.8946182092609,49.2296584496901,0.9162,5.5788,2.8567,4.7466,24.6582,20.4768,14.3404,5.3596,21.0667,14.0983,6.495,85.9017,10.2397,0.2613,284794,845892,ISCO-08,9,,
GTM,Guatemala,Latin America & Caribbean,country,2016,16268760.0,35.8878857392942,59.8961168521756,4.21599740853021,60.689,2.583,5.582,6330012.0,6166508,37.904,29.3773865696787,21.0129863769612,49.6096108368081,1.0225,5.568,2.9014,5.0841,24.4471,11.4245,14.8256,4.6838,30.043,14.576,6.5905,85.424,10.2027,0.2672,313511,898830,ISCO-08,9,,
GTM,Guatemala,Latin America & Caribbean,country,2017,16567357.0,35.3681791247693,60.3424312037219,4.28938967150886,60.943,2.462,4.939,6525645.0,6364984,38.4188,31.779564221315,19.0027641903957,49.2176715882893,0.804,5.6141,2.6444,4.8371,25.2635,13.1222,13.6881,4.2291,29.7976,13.8996,6.4181,86.1005,10.0435,0.2641,307881,884707,ISCO-08,9,,
GTM,Guatemala,Latin America & Caribbean,country,2018,16845685.0,34.8649698721067,60.7606992532509,4.37433087464238,60.503,2.283,4.679,6638657.0,6487096,38.5089,32.9162721680963,19.1001332174528,47.9836100295693,0.7321,5.2888,2.4716,4.5988,24.5093,26.6468,17.2245,4.2868,14.2412,13.0913,6.0209,86.9086,8.9001,0.2532,298329,849245,ISCO-08,9,,
GTM,Guatemala,Latin America & Caribbean,country,2019,17103803.0,34.3505691205216,61.1806848214015,4.46874605807685,59.169,2.193,4.461,6643821.0,6498122,37.9923,31.0846578149197,19.0548219111593,49.8605356630893,0.9667,5.0183,3.3445,5.332,24.6966,18.4128,15.0686,4.8018,22.3588,14.6615,5.985,85.3386,10.162,0.2657,346480,952722,ISCO-08,9,,
GTM,Guatemala,Latin America & Caribbean,country,2020,17357325.0,33.8046722693539,61.6502064214905,4.54512130915561,58.76,2.965,5.157,6751370.0,6551192,37.7431,30.5953599922823,20.3516731906663,49.0529668170514,,,,,,,,,,,,,,,,,,0,,
GTM,Guatemala,Latin America & Caribbean,country,2021,17598650.0,33.2663206192998,62.1568682212309,4.5768111594693,62.937,2.174,3.789,7391464.0,7230774,41.0871,29.1745916937096,22.0669540029195,48.758468133128,0.8207,4.4462,3.6872,4.529,23.0231,10.0711,18.5746,5.2912,29.557,13.4831,5.2669,86.517,9.2289,0.2585,327482,974932,ISCO-08,9,,
GTM,Guatemala,Latin America & Caribbean,country,2022,17847877.0,32.7140281166214,62.6560794877732,4.62989239560537,60.241,3.051,6.274,7234412.0,7013690,39.2971,27.1415722980618,22.0126462295142,50.8457957303719,0.9228,5.5164,4.5154,4.3484,21.4885,13.4948,17.6579,5.4843,26.5715,15.303,6.4392,84.697,10.4373,0.2629,304983,1073305,ISCO-08,9,,
GTM,Guatemala,Latin America & Caribbean,country,2023,18124838.0,32.1377474418736,63.1275121776954,4.734740380431,59.586,2.344,4.326,7329032.0,7157239,39.4886,29.8079302323534,22.5148985440343,47.6771712236122,0.7746,4.3747,2.6757,3.474,21.4061,10.3149,16.6236,5.4559,34.9006,11.299,5.1493,88.7011,7.2829,0.2408,248642,808696,ISCO-08,9,,
GTM,Guatemala,Latin America & Caribbean,country,2024,18406359.0,31.5771277741567,63.5735372758947,4.84933494994855,59.704,2.613,4.624,7519217.0,7322740,39.7838,29.4478457232379,22.5325752560245,48.0195653646397,0.7502,5.8962,4.7229,3.9036,23.6587,12.0482,19.8614,5.8042,23.3546,15.2729,6.6464,84.7271,12.0081,0.2686,285850,1118395,ISCO-08,9,,
GTM,Guatemala,Latin America & Caribbean,country,2025,18687881.0,31.0259646070637,64.0107601281611,4.9632752647752,59.619,2.604,4.764,7684762.0,7484651,40.0508,29.052772050081,22.7127027850702,48.2345251648488,,,,,,,,,,,,,,,,,,0,,
GUM,Guam,East Asia & Pacific,country,2013,165966.0,26.6011514371876,65.7235044421615,7.67534412065085,62.492,11.5,27.064,76126.0,67372,40.5939,2.14187113149575,20.5236674533553,77.3359457333274,,,,,,,,,,,,,,,,,,0,,
GUM,Guam,East Asia & Pacific,country,2014,165486.0,26.2901393471351,65.601621889465,8.10823876339992,62.437,7.6,17.999,76161.0,70373,42.525,2.08034331348671,20.3885012717946,77.5297344151876,,,,,,,,,,,,,,,,,,0,,
GUM,Guam,East Asia & Pacific,country,2015,164905.0,26.0523515125421,65.4008835416862,8.54676494577164,62.406,6.9,16.405,76100.0,70849,42.9635,2.02402292198902,20.227526147158,77.7484509308529,,,,,,,,,,,,,,,,,,0,,
GUM,Guam,East Asia & Pacific,country,2016,164233.0,25.8881409700213,65.1270903926422,8.98476863733648,62.391,5.4,12.889,75940.0,71839,43.7421,1.97246620916215,20.0503904564373,77.9785353359596,,,,,,,,,,,,,,,,,,0,,
GUM,Guam,East Asia & Pacific,country,2017,163490.0,25.7905682304728,64.7819438497768,9.42748791975044,62.355,5.418,12.999,75652.0,71553,43.766,1.92022807949241,19.89127092825,78.1885009922576,,,,,,,,,,,,,,,,,,0,,
GUM,Guam,East Asia & Pacific,country,2018,162679.0,25.7524764951945,64.3710485955514,9.87647490925409,62.364,5.45,13.125,75326.0,71221,43.7801,1.87442082502598,19.7158181460785,78.4097610288956,,,,,,,,,,,,,,,,,,0,,
GUM,Guam,East Asia & Pacific,country,2019,161808.0,25.7638682883417,63.9050603184021,10.3310713932562,62.284,5.405,13.131,74816.0,70772,43.7383,1.82416774995761,19.6122760413723,78.5621432204827,,,,,,,,,,,,,,,,,,0,,
GUM,Guam,East Asia & Pacific,country,2020,162158.0,25.8275879080896,63.4011272956006,10.7712847963098,59.182,6.241,15.401,71182.0,66740,41.1574,1.79505236818052,19.249614168627,78.9568318374563,,,,,,,,,,,,,,,,,,0,,
GUM,Guam,East Asia & Pacific,country,2021,163730.0,25.9158370487999,62.8904293654187,11.1937335857815,59.644,6.0,14.353,72348.0,68007,41.5361,1.7689615622151,19.5350410257918,78.6959974119931,,,,,,,,,,,,,,,,,,0,,
GUM,Guam,East Asia & Pacific,country,2022,165180.0,25.9871049763894,62.3716551640634,11.6412398595472,62.192,5.383,13.032,76032.0,71939,43.5519,1.71670836808451,19.5440644981929,78.7392271337226,,,,,,,,,,,,,,,,,,0,,
GUM,Guam,East Asia & Pacific,country,2023,166506.0,26.0200052250212,61.8630503914262,12.1169443835526,62.236,5.262,12.852,76663.0,72629,43.6194,1.66462432361729,19.4701840862465,78.8651915901362,,,,,,,,,,,,,,,,,,0,,
GUM,Guam,East Asia & Pacific,country,2024,167777.0,25.9830012457011,61.4148542410462,12.6021445132527,62.266,5.252,12.876,77324.0,73263,43.6669,1.61202260380552,19.3510960661735,79.036881330021,,,,,,,,,,,,,,,,,,0,,
GUM,Guam,East Asia & Pacific,country,2025,168999.0,25.867685216141,61.0372281410782,13.0950866427809,62.265,5.569,13.813,78007.0,73663,43.5878,1.56118487143982,19.2555184491325,79.1832966794277,,,,,,,,,,,,,,,,,,0,,
GUY,Guyana,Latin America & Caribbean,country,2013,750021.0,30.7520517745158,64.2139591998363,5.03398902564793,56.042,12.296,23.258,291068.0,255278,34.0361,17.5323963083094,25.1249627853774,57.3426409063132,,,,,,,,,,,,,,,,,,0,,
GUY,Guyana,Latin America & Caribbean,country,2014,754229.0,30.4814585490614,64.3505487060296,5.16799274490904,55.895,12.637,23.693,293074.0,256038,33.947,17.3200176535606,25.0071278203711,57.6728545260683,,,,,,,,,,,,,,,,,,0,,
GUY,Guyana,Latin America & Caribbean,country,2015,758781.0,30.2723051842363,64.4153583181445,5.31233649761921,55.769,13.009,24.21,295063.0,256678,33.8277,17.2733258272005,24.8317937969214,57.8944907842091,,,,,,,,,,,,,,,,,,0,,
GUY,Guyana,Latin America & Caribbean,country,2016,763548.0,30.1262658012332,64.4098340903257,5.46390010844112,55.672,13.263,24.598,297021.0,257627,33.7408,16.7512847982362,24.9180989643983,58.3306162373655,,,,,,,,,,,,,,,,,,0,,
GUY,Guyana,Latin America & Caribbean,country,2017,768479.0,30.040853452634,64.3353067132002,5.62383983416582,55.599,13.466,24.956,298912.0,258661,33.6588,16.3477151472976,24.9076007113585,58.7442975334416,,,,,,,,,,,,,,,,,,0,,
GUY,Guyana,Latin America & Caribbean,country,2018,791556.0,29.5086067875215,64.8078372268274,5.68355598565104,55.791,13.627,25.254,311302.0,268881,33.9687,15.9146527421358,24.9406794159433,59.1450397578084,3.8688,8.9323,6.0058,4.6744,26.4307,9.3447,12.1382,9.3283,19.2768,23.4813,12.8011,76.5187,26.6572,0.3189,12569,63137,ISCO-08,9,,
GUY,Guyana,Latin America & Caribbean,country,2019,807665.0,29.2543319321748,64.9468529650288,5.79881510279633,52.067,13.172,26.304,297505.0,258318,31.9833,15.2981983446759,24.4257078484658,60.2760938068582,4.6902,9.39,5.6803,4.8733,26.1155,8.9223,11.3267,8.9927,20.009,24.6338,14.0802,75.3662,29.4423,0.3239,12589,63634,ISCO-08,9,,
GUY,Guyana,Latin America & Caribbean,country,2020,807481.0,29.4667432009278,64.5321285998503,6.0011281992219,50.741,15.308,30.998,288992.0,244753,30.3107,15.6308605001777,24.4777387815471,59.8918092934509,4.2185,9.381,4.9893,4.9771,29.2512,8.5698,12.4364,8.4434,17.7334,23.5659,13.5995,76.4342,26.3285,0.3265,12182,57678,ISCO-08,9,,
GUY,Guyana,Latin America & Caribbean,country,2021,815482.0,29.4406866123348,64.4780632803667,6.08125010729851,51.186,14.576,29.122,294524.0,251594,30.8522,15.0837056233008,24.3298780584747,60.5864163182245,4.8137,9.1005,6.2355,5.4977,25.5148,8.132,12.2703,9.2764,19.1593,25.6474,13.9142,74.3528,32.4995,0.3295,13832,64527,ISCO-08,9,,
GUY,Guyana,Latin America & Caribbean,country,2022,821637.0,29.4030088713142,64.3745352266268,6.22245590205894,54.019,11.907,24.566,313338.0,276029,33.595,13.982226505186,26.6247387049911,59.3933970705977,,,,,,,,,,,,,,,,,,0,,
GUY,Guyana,Latin America & Caribbean,country,2023,826353.0,29.3232432144616,64.1972014381263,6.47955534741206,54.7,11.917,24.705,319469.0,281398,34.053,13.1731100679107,28.315665656239,58.5115796431402,,,,,,,,,,,,,,,,,,0,,
GUY,Guyana,Latin America & Caribbean,country,2024,831087.0,29.1605627091765,64.1045186030576,6.73491868776595,55.138,11.874,24.742,324618.0,286073,34.4215,12.5633147015951,30.4483851910889,56.988300107316,3.74,10.7524,6.6786,6.6786,22.0032,7.1146,14.2889,11.8851,16.8586,27.8496,14.4924,72.1504,31.7729,0.3398,19106,79670,ISCO-08,9,,
GUY,Guyana,Latin America & Caribbean,country,2025,835986.0,28.9333194575029,64.0859416306015,6.98073891189565,54.987,11.962,24.896,326682.0,287604,34.403,12.2137112617045,31.0942514507846,56.6920372875109,,,,,,,,,,,,,,,,,,0,,
HKG,"Hong Kong SAR, China",East Asia & Pacific,country,2013,7178900.0,11.6443900233125,74.0951580564497,14.2604519202377,60.493,3.4,9.444,3837047.0,3706587,51.6317,0.236061468764114,13.9535150336549,85.8104501591429,10.0847,7.2257,20.0005,13.7872,16.9833,,6.9558,4.9037,20.0591,51.0981,17.3104,48.9019,44.8714,0.45,511035,1893996,ISCO-08,8,,
HKG,"Hong Kong SAR, China",East Asia & Pacific,country,2014,7229500.0,11.6131831673486,73.6094696625815,14.7773471700699,60.326,3.296,9.202,3854786.0,3727732,51.5628,0.230303145921896,13.9852459728745,85.7844508812036,10.4909,7.4536,19.9649,13.8168,16.8261,,6.7257,4.7691,19.9528,51.7262,17.9445,48.2737,45.4476,0.4526,515053,1928214,ISCO-08,8,,
HKG,"Hong Kong SAR, China",East Asia & Pacific,country,2015,7291300.0,11.5410295884311,73.0763745892758,15.3825958222931,60.465,3.314,10.424,3899877.0,3770635,51.7142,0.225410395495887,13.6838048917757,86.0907847127284,10.8682,8.0474,19.7274,13.8029,16.4729,,6.6161,4.6406,19.8245,52.4459,18.9156,47.5541,47.6339,0.4555,520457,1977543,ISCO-08,8,,
HKG,"Hong Kong SAR, China",East Asia & Pacific,country,2016,7336600.0,11.4948961661024,72.5100177044859,15.9950861294117,60.397,3.392,9.728,3921737.0,3788712,51.6413,0.21983462476373,14.1153956644221,85.6647697108142,11.8276,10.6016,16.8437,13.4579,19.0709,,6.3303,4.4525,17.4155,52.7308,22.4292,47.2692,47.8085,0.4632,509881,1997818,ISCO-08,8,,
HKG,"Hong Kong SAR, China",East Asia & Pacific,country,2017,7393200.0,11.5533047056495,71.8759568222049,16.5707384721456,60.466,3.124,8.531,3953897.0,3830377,51.8095,0.214225584751847,14.052140583628,85.7336338316202,12.1761,10.6632,17.3202,13.0882,18.7345,,6.4611,4.4358,17.1209,53.2477,22.8393,46.7523,49.517,0.464,501327,2039588,ISCO-08,8,,
HKG,"Hong Kong SAR, China",East Asia & Pacific,country,2018,7452600.0,11.5796759915267,71.2239751252594,17.1963488832139,60.647,2.805,8.731,3996403.0,3884304,52.1201,0.20873164962975,13.9505828846724,85.8406854656978,11.7595,11.0288,17.6,12.8739,18.7154,,6.3491,4.3694,17.3039,53.2622,22.7883,46.7378,49.259,0.4641,500061,2068866,ISCO-08,8,,
HKG,"Hong Kong SAR, China",East Asia & Pacific,country,2019,7507900.0,11.4829745279504,70.5644998078365,17.9525256642131,59.995,2.917,8.527,3987130.0,3870825,51.5567,0.205572640546107,13.6859454281593,86.1084819312946,11.1531,11.1385,18.5976,12.6407,18.8693,,6.1232,4.3093,17.1684,53.5299,22.2916,46.4702,51.116,0.4656,489299,2072049,ISCO-08,8,,
HKG,"Hong Kong SAR, China",East Asia & Pacific,country,2020,7481000.0,11.2771621132607,69.8975753165571,18.8252625701822,58.975,5.808,15.533,3914381.0,3687034,49.2853,0.201727428239402,13.4526758613777,86.3455967103828,10.983,11.4334,19.2418,12.6239,17.7138,,6.1727,4.3901,17.4413,54.2821,22.4164,45.7179,54.5848,0.4671,465447,2001399,ISCO-08,8,,
HKG,"Hong Kong SAR, China",East Asia & Pacific,country,2021,7413100.0,11.0826007236324,69.1624998338255,19.7548994425421,58.744,5.174,12.79,3872131.0,3671787,49.5311,0.198803564005711,13.6460978259198,86.1550986100745,10.7448,11.1972,18.8441,12.6704,18.0789,,6.4473,4.2513,17.766,53.4565,21.942,46.5435,53.2372,0.4639,465230,1962809,ISCO-08,8,,
HKG,"Hong Kong SAR, China",East Asia & Pacific,country,2022,7346100.0,10.911167619776,68.4044085688091,20.6844238114149,57.851,4.318,11.03,3786090.0,3622607,49.3133,0.19534475415678,14.0031930936177,85.8014893136207,11.2962,11.5113,18.5056,12.4389,17.8572,,6.4638,4.2648,17.6622,53.752,22.8075,46.248,54.73,0.4642,450612,1947224,ISCO-08,8,,
HKG,"Hong Kong SAR, China",East Asia & Pacific,country,2023,7536100.0,10.6990246662702,67.6557184728274,21.6452568609024,57.216,2.949,8.973,3850529.0,3736977,49.5877,0.191104185514937,14.0265540796666,85.7823146393718,11.9556,11.7834,17.4746,12.0522,18.6698,,6.4315,4.1864,17.4464,53.2658,23.739,46.7341,53.071,0.4625,450388,1990531,ISCO-08,8,,
HKG,"Hong Kong SAR, China",East Asia & Pacific,country,2024,7524100.0,10.5078221116522,66.8250300290246,22.6671478593232,56.838,2.988,9.507,3827176.0,3712820,49.3457,0.186011325209071,14.1160895423427,85.6979264629397,11.8781,12.2222,16.555,11.9263,18.972,,6.3315,4.1082,18.0067,52.5816,24.1003,47.4184,50.9947,0.4598,442802,1952260,ISCO-08,8,,
HKG,"Hong Kong SAR, China",East Asia & Pacific,country,2025,7498900.0,10.3113664597281,66.0213131936448,23.667320346627,56.356,2.799,8.958,3790314.0,3684223,49.1302,0.182377495822408,14.0143909521828,85.8032590723654,,,,,,,,,,,,,,,,,,0,,
HND,Honduras,Latin America & Caribbean,country,2013,8889278.0,36.1855111396849,60.592472222855,3.22201663746013,62.661,5.646,9.823,3554537.0,3353848,37.7291,26.2311979717499,21.09461817798,52.6741838502702,12.9849,2.9457,6.2601,2.6121,10.2518,19.9622,16.8144,3.4763,24.6925,24.8028,15.9306,75.1972,14.3955,0.266,87606,831848,ISCO-88,9,,
HND,Honduras,Latin America & Caribbean,country,2014,9063122.0,35.5523882635372,61.1323415301956,3.31527020626721,64.152,7.078,11.865,3747097.0,3481877,38.4181,21.1163100874757,24.1572230190454,54.7264956135791,11.9904,3.3907,6.2726,2.5462,11.316,17.5265,18.93,4.1954,23.8323,24.1999,15.3811,75.8002,13.2056,0.2684,88656,842611,ISCO-88,9,,
HND,Honduras,Latin America & Caribbean,country,2015,9237305.0,34.9120116744007,61.6653017303207,3.4226865952786,64.092,6.147,11.042,3853452.0,3616580,39.1519,21.0491854409635,23.7270354851215,55.2237514233147,2.7693,3.5554,6.2322,3.2108,22.1519,17.6084,15.6651,5.1601,23.6468,15.7677,6.3247,84.2323,9.6751,0.2588,116121,570251,ISCO-08,9,,
HND,Honduras,Latin America & Caribbean,country,2016,9412380.0,34.2836349573647,62.1810795994212,3.53528544321415,63.322,6.727,12.58,3916766.0,3653285,38.8136,19.8831800387265,23.4607537156675,56.6560388731984,2.958,4.5132,6.913,3.036,23.7551,14.534,15.5664,5.0869,23.6374,17.4202,7.4712,82.5798,11.6008,0.2722,110914,636410,ISCO-08,9,,
HND,Honduras,Latin America & Caribbean,country,2017,9588137.0,33.6887412898221,62.6597879577538,3.6514707524241,64.359,5.528,10.746,4091954.0,3865751,40.3181,23.9436044061677,22.6552688305,53.4011008952178,2.5639,3.9056,5.7102,2.8186,21.9448,17.567,14.6605,5.3552,25.4743,14.9983,6.4695,85.0018,9.6969,0.2539,108960,579797,ISCO-08,9,,
HND,Honduras,Latin America & Caribbean,country,2018,9765210.0,33.1413951598893,63.0886349044908,3.76996993561992,66.492,5.648,10.49,4341185.0,4095995,41.9448,23.5398236570113,22.5927521884182,53.8674241545705,2.954,4.236,5.8579,2.826,22.2976,15.1438,14.8873,4.7879,27.0095,15.8739,7.19,84.1261,10.4261,0.2598,115753,650194,ISCO-08,9,,
HND,Honduras,Latin America & Caribbean,country,2019,9943633.0,32.6392711477148,63.4708932102134,3.88983564207188,63.177,5.698,10.774,4231661.0,3990541,40.1316,22.5219034960644,23.6811605751856,53.7969359287501,2.633,5.092,6.1498,3.1756,22.2473,14.7485,15.2172,5.1661,25.5705,17.0504,7.725,82.9496,11.6991,0.2677,126724,680403,ISCO-08,9,,
HND,Honduras,Latin America & Caribbean,country,2020,10119640.0,32.1804218242733,63.825483721482,3.99409445424469,59.495,10.982,17.065,4083200.0,3634783,35.9181,23.5720715664459,23.5597461851845,52.8681822483696,2.3084,3.0448,7.244,3.4628,23.242,8.6842,16.5072,6.6636,28.8431,16.06,5.3532,83.9401,9.9589,0.268,125865,583746,ISCO-08,9,,
HND,Honduras,Latin America & Caribbean,country,2021,10289877.0,31.7752939017295,64.1540644341067,4.0706416641638,60.688,8.506,14.269,4260442.0,3898049,37.8824,22.8001904545923,24.8544782226564,52.3453569766565,2.3277,4.5463,5.0616,2.9863,23.6404,6.9826,16.3378,7.2328,30.8846,14.9219,6.874,85.0782,8.9868,0.2643,116407,581663,ISCO-08,9,,
HND,Honduras,Latin America & Caribbean,country,2022,10463872.0,31.3863692139965,64.4469800471565,4.16665073884696,58.637,8.774,13.571,4209927.0,3840548,36.7029,21.4637207382787,24.1391934238671,54.3970858378542,2.1193,5.0994,5.1628,3.4037,25.0491,6.4366,16.0637,7.9429,28.7225,15.7852,7.2187,84.2148,10.0788,0.274,130721,606238,ISCO-08,9,,
HND,Honduras,Latin America & Caribbean,country,2023,10644851.0,30.9961501574799,64.7111265343216,4.29272330819849,56.485,6.07,10.478,4149025.0,3897179,36.6109,22.9822436621164,21.7870265831879,55.2307297546957,1.92,5.2417,4.4574,3.623,26.3581,8.8873,13.6324,6.6322,29.2479,15.2421,7.1617,84.7579,10.598,0.2725,141195,594012,ISCO-08,9,,
HND,Honduras,Latin America & Caribbean,country,2024,10825703.0,30.6212062800353,64.9610715830154,4.41772213694935,56.594,4.91,8.301,4250629.0,4041923,37.3364,22.627523048361,21.7837442255394,55.5887327260996,2.2725,5.0218,6.1608,2.8046,26.9158,9.1461,14.5798,6.6324,26.4662,16.2597,7.2943,83.7403,10.6935,0.2768,113360,657205,ISCO-08,9,,
HND,Honduras,Latin America & Caribbean,country,2025,11005850.0,30.2626526012372,65.1952445833463,4.54210281541647,56.556,4.92,8.526,4340779.0,4127213,37.5002,22.4237635603666,21.6363518740219,55.9398845656115,2.1725,5.7188,5.3899,3.2879,25.2251,7.459,15.6781,6.2804,28.7883,16.5691,7.8913,83.4309,10.2384,0.277,135699,683842,ISCO-08,9,,
HRV,Croatia,Europe & Central Asia,country,2013,4233922.0,14.809621210648,66.7137862494026,18.4765925399494,50.758,17.231,50.488,1830788.0,1515325,35.7901,10.3837333519501,27.2918689152538,62.3243977327961,4.5868,17.0412,15.0652,10.4161,17.5404,8.6395,10.6406,9.5139,6.5564,47.1093,21.628,52.8908,22.7971,0.4357,157838,713859,ISCO-08,9,,
HRV,Croatia,Europe & Central Asia,country,2014,4201598.0,14.7005945520762,66.4871658325589,18.8122396153648,52.184,17.209,45.703,1870242.0,1548392,36.8525,9.36176041610396,26.8855353968756,63.7527041870204,4.7278,17.188,14.8316,9.9607,17.5729,7.2692,12.3237,9.5025,6.6235,46.7081,21.9158,53.2918,26.17,0.4338,154231,723224,ISCO-08,9,,
HRV,Croatia,Europe & Central Asia,country,2015,4151725.0,14.6226147322896,66.146261641978,19.2311236257324,52.587,16.15,42.31,1864017.0,1562978,37.6465,9.16002133279155,26.6130383990248,64.2269402681837,4.4555,17.2927,14.4818,9.3769,18.5154,7.0615,11.8509,9.8185,7.1469,45.6069,21.7482,54.3932,22.552,0.4295,146559,712826,ISCO-08,9,,
HRV,Croatia,Europe & Central Asia,country,2016,4106867.0,14.5783086363926,65.7635720154282,19.6581193481792,51.158,13.015,30.949,1794702.0,1561122,38.0125,7.47518701164236,26.6754093522993,65.8494036360584,4.6946,17.1405,14.5004,9.1183,18.9424,5.5027,12.234,10.0693,7.7979,45.4538,21.8351,54.5463,25.3556,0.4297,142348,709589,ISCO-08,9,,
HRV,Croatia,Europe & Central Asia,country,2017,4041407.0,14.5707981957247,65.2937585801138,20.1354432241616,51.388,11.078,27.425,1774192.0,1577647,39.0371,7.00580823954891,26.0794288847037,66.9147628757474,4.8212,17.485,14.5459,10.1175,18.8328,5.0264,11.6245,10.0055,7.5413,46.9696,22.3062,53.0305,28.9775,0.4395,159618,741014,ISCO-08,9,,
HRV,Croatia,Europe & Central Asia,country,2018,3988775.0,14.5666392040683,64.7650804945653,20.6682803013664,50.935,8.322,23.509,1735734.0,1591286,39.8941,6.14942722015248,27.3148165447867,66.5358185140483,5.0236,17.9239,14.5397,9.5758,19.0427,4.3529,11.5716,10.0894,7.8804,47.063,22.9475,52.937,26.2069,0.4397,152378,748907,ISCO-08,9,,
HRV,Croatia,Europe & Central Asia,country,2019,3949390.0,14.5349944918069,64.2827891136582,21.1822163945349,50.868,6.551,16.71,1716971.0,1604492,40.6263,6.10427260181352,27.6141166591026,66.2816107390838,5.1092,18.3086,14.519,9.9741,18.0284,4.061,11.5418,9.8021,8.6557,47.9109,23.4178,52.089,23.4403,0.4427,160034,768727,ISCO-08,9,,
HRV,Croatia,Europe & Central Asia,country,2020,3914206.0,14.451772123022,63.8820518579105,21.6661760190675,50.97,7.389,20.673,1706748.0,1580636,40.382,6.24800759072704,28.0538114906823,65.6981809185907,5.2488,18.9365,14.7083,9.8185,16.8988,4.2076,12.104,10.2718,7.8058,48.7121,24.1853,51.288,27.4987,0.4446,155195,769961,ISCO-08,9,,
HRV,Croatia,Europe & Central Asia,country,2021,3878981.0,14.3800403097378,63.519292362808,22.1006673274542,52.039,7.483,21.542,1728310.0,1598981,41.2217,6.72467953433115,28.5219699320436,64.7533505336253,4.9355,18.1571,14.5157,9.7462,18.0458,4.4286,12.249,10.1708,7.7514,47.3545,23.0926,52.6456,29.9363,0.4398,155840,757189,ISCO-08,9,,
HRV,Croatia,Europe & Central Asia,country,2022,3855641.0,14.3009249744115,63.2143699032538,22.4847051223347,52.508,6.811,17.744,1734995.0,1616824,41.934,5.81469586160846,27.7325701339017,66.4527950409127,4.5358,18.5274,13.7452,10.066,19.3088,3.5895,12.346,9.8969,7.9845,46.8744,23.0632,53.1257,27.569,0.4418,162750,757877,ISCO-08,9,,
HRV,Croatia,Europe & Central Asia,country,2023,3859686.0,14.1385569157886,63.0460776224784,22.815365461733,52.257,6.121,18.91,1731788.0,1625785,42.1222,4.65998285274505,27.4427983052614,67.8972188419936,6.0795,20.8745,13.6078,8.6388,18.5952,2.5287,12.2199,9.6287,7.8269,49.2006,26.954,50.7994,26.049,0.4495,140448,799896,ISCO-08,9,,
HRV,Croatia,Europe & Central Asia,country,2024,3866200.0,13.9232064407501,62.8890222110404,23.1877713482095,52.356,5.0,16.479,1742356.0,1655238,42.813,4.48644038682341,26.6614632147087,68.8520963984679,7.0794,21.0629,14.7283,8.8592,17.6578,2.3619,11.6221,9.4397,7.1889,51.7298,28.1423,48.2704,27.763,0.4597,146641,856251,ISCO-08,9,,
HRV,Croatia,Europe & Central Asia,country,2025,3876200.0,13.7024318115671,62.687998939753,23.6095692486799,52.143,5.002,16.474,1744218.0,1656972,42.7473,4.32773351894687,26.361721464199,69.3106058073125,6.7619,21.0025,15.5419,9.3303,17.4062,2.5199,11.7364,9.2069,6.4941,52.6366,27.7644,47.3635,,0.4648,154600,872174,ISCO-08,9,,
HTI,Haiti,Latin America & Caribbean,country,2013,10222362.0,35.0806870720932,60.9058864817208,4.013426446186,65.819,13.704,33.745,4367938.0,3769356,36.8736,47.0810177545686,9.8440970383584,43.0749117365222,,,,,,,,,,,,,,,,,,0,,
HTI,Haiti,Latin America & Caribbean,country,2014,10373235.0,34.6960470865646,61.2428523985044,4.06110051493097,65.869,13.808,34.092,4462053.0,3845933,37.0755,46.6348671466496,9.87628608647493,43.4888727681183,,,,,,,,,,,,,,,,,,0,,
HTI,Haiti,Latin America & Caribbean,country,2015,10523242.0,34.3137710942013,61.575062208731,4.11116669706763,65.868,13.785,34.179,4553008.0,3925376,37.302,46.2550132587207,9.7772652108441,43.9677215304352,,,,,,,,,,,,,,,,,,0,,
HTI,Haiti,Latin America & Caribbean,country,2016,10671457.0,33.9455474542979,61.8858886841787,4.16856386152331,65.882,13.902,34.536,4644004.0,3998395,37.4681,45.9335436350145,9.63997195866429,44.4264844063213,,,,,,,,,,,,,,,,,,0,,
HTI,Haiti,Latin America & Caribbean,country,2017,10817754.0,33.6027145745781,62.1661899503353,4.2310954750866,65.922,13.932,34.752,4734976.0,4075299,37.6723,45.5955688594249,9.5474020688831,44.8570290716919,,,,,,,,,,,,,,,,,,0,,
HTI,Haiti,Latin America & Caribbean,country,2018,10962362.0,33.2680067822972,62.4331753305914,4.29881788711147,65.934,13.934,34.896,4823338.0,4151254,37.8682,45.2587693772306,9.50667073932181,45.234535794399,,,,,,,,,,,,,,,,,,0,,
HTI,Haiti,Latin America & Caribbean,country,2019,11105163.0,32.9323801910877,62.6972382125323,4.37038159637999,65.825,14.095,35.247,4902625.0,4211600,37.9247,45.165510614367,9.30735874202768,45.5271306436053,,,,,,,,,,,,,,,,,,0,,
HTI,Haiti,Latin America & Caribbean,country,2020,11243848.0,32.6009921158664,62.9647963935478,4.43421149058579,65.199,15.573,39.534,4940938.0,4171486,37.1002,46.5641383377322,9.2420766481363,44.1937610421117,,,,,,,,,,,,,,,,,,0,,
HTI,Haiti,Latin America & Caribbean,country,2021,11374586.0,32.272985583827,63.242758901291,4.48425551488204,65.704,15.296,37.806,5061618.0,4287393,37.6927,46.8348431054517,9.24177392276255,43.923406295934,,,,,,,,,,,,,,,,,,0,,
HTI,Haiti,Latin America & Caribbean,country,2022,11503606.0,31.9324914292092,63.5267889042792,4.54071966651153,64.798,14.54,36.326,5073825.0,4336091,37.6933,46.8552910118193,9.21407701598294,43.9306089097916,,,,,,,,,,,,,,,,,,0,,
HTI,Haiti,Latin America & Caribbean,country,2023,11637398.0,31.5721980303416,63.8096478349521,4.61815413470631,64.487,14.459,36.326,5135239.0,4392735,37.7467,46.6744946970709,9.11310676815788,44.2123985347712,,,,,,,,,,,,,,,,,,0,,
HTI,Haiti,Latin America & Caribbean,country,2024,11772557.0,31.1886406665943,64.1061410872761,4.70521824612954,63.968,14.609,36.758,5181956.0,4424924,37.5868,46.7134698784834,8.90379691338355,44.3827106088033,,,,,,,,,,,,,,,,,,0,,
HTI,Haiti,Latin America & Caribbean,country,2025,11906095.0,30.7870535726847,64.4212244055996,4.79172202171568,63.93,14.944,37.518,5268189.0,4480911,37.6354,46.6145273090021,8.80043026686365,44.5850424241342,,,,,,,,,,,,,,,,,,0,,
HUN,Hungary,Europe & Central Asia,country,2013,9872734.0,14.4432192764203,68.2352317213276,17.3215490022521,53.523,10.177,26.545,4520977.0,4060877,41.1322,4.77732114730639,29.8950837066179,65.3275705622734,4.7564,16.2594,15.0654,7.484,15.7679,2.4678,14.8669,13.6863,9.6459,43.5652,21.0158,56.4348,25.616,0.4127,303916,1769129,ISCO-08,9,,
HUN,Hungary,Europe & Central Asia,country,2014,9833038.0,14.4633717137515,67.8503265083229,17.6863017779257,55.011,7.725,20.378,4626892.0,4269465,43.4196,4.67524521966147,30.5030958216041,64.8216356072609,4.9076,15.6719,15.064,7.6692,15.4349,2.4033,15.0672,13.6092,10.1728,43.3127,20.5795,56.6874,27.194,0.4105,327434,1849221,ISCO-08,9,,
HUN,Hungary,Europe & Central Asia,country,2015,9797755.0,14.4911517803613,67.4528577545496,18.0559904650891,56.212,6.813,17.272,4709412.0,4388560,44.7915,4.9001399780673,30.329156076793,64.7707039451397,4.7208,15.729,14.5874,7.8185,15.5832,2.5963,15.1355,13.2786,10.5508,42.8557,20.4498,57.1444,25.8101,0.4089,343120,1880748,ISCO-08,9,,
HUN,Hungary,Europe & Central Asia,country,2016,9759755.0,14.5115219031955,67.0502119558858,18.4382661409188,57.297,5.115,12.923,4780556.0,4536031,46.4769,5.03976889170395,30.4380609326181,64.5221482439007,4.6451,15.1756,14.6217,7.8015,15.4283,2.9205,14.6084,14.0911,10.7078,42.2439,19.8207,57.7561,29.056,0.4052,353878,1916196,ISCO-08,9,,
HUN,Hungary,Europe & Central Asia,country,2017,9726756.0,14.5355813225437,66.6846693017279,18.7797493757284,57.834,4.156,10.699,4807691.0,4607883,47.3733,5.0366843206994,31.52334197915,63.4399952715494,4.6049,14.7535,15.0551,7.5129,15.2575,2.9364,14.827,14.5267,10.526,41.9264,19.3584,58.0736,26.3638,0.4026,346186,1931919,ISCO-08,9,,
HUN,Hungary,Europe & Central Asia,country,2018,9706964.0,14.5465240375272,66.3242430335959,19.1292329288769,58.297,3.667,10.115,4835700.0,4658375,47.99,4.90634361481413,32.4673549980344,62.6263013871514,4.4345,15.3793,14.6419,7.7644,14.9852,3.0566,14.9073,15.0257,9.8051,42.2201,19.8138,57.7799,27.3092,0.4049,361695,1966771,ISCO-08,9,,
HUN,Hungary,Europe & Central Asia,country,2019,9694824.0,14.5496170478703,65.8474599647003,19.6029229874294,58.472,3.411,11.472,4843975.0,4678747,48.2603,4.73233560479278,32.1381784819531,63.1294647051426,3.8719,16.8137,14.5332,7.474,15.4572,2.706,15.186,14.5655,9.3925,42.6928,20.6856,57.3072,27.4603,0.4092,349690,1997488,ISCO-08,9,,
HUN,Hungary,Europe & Central Asia,country,2020,9670419.0,14.5576627784328,65.3516634491369,20.0906737724303,58.446,4.248,12.882,4829178.0,4624035,47.8163,4.74154083828292,31.8964683250537,63.3620122874256,3.8247,18.9277,14.5792,7.2253,14.9217,2.7716,15.6409,13.4294,8.6794,44.5569,22.7524,55.443,29.3886,0.4178,334100,2060327,ISCO-08,9,,
HUN,Hungary,Europe & Central Asia,country,2021,9630932.0,14.5652700940615,65.0297164165967,20.4050134893418,59.115,4.021,13.549,4864077.0,4668492,48.4739,4.38082265138894,31.3850260106763,64.2341725884873,4.1408,19.5956,15.0275,7.8152,14.4465,2.5762,14.3876,13.1891,8.8217,46.5791,23.7364,53.4211,29.8123,0.4281,364852,2174542,ISCO-08,9,,
HUN,Hungary,Europe & Central Asia,country,2022,9605074.0,14.5505890949021,64.8418515917326,20.6075593133653,59.856,3.583,10.541,4912669.0,4736648,49.314,4.34783428051302,31.2893641782863,64.3628015412007,4.4458,18.9817,15.5757,8.052,14.4677,2.5782,13.3688,13.5832,8.9471,47.0552,23.4275,52.945,32.3423,0.4303,381395,2228839,ISCO-08,9,,
HUN,Hungary,Europe & Central Asia,country,2023,9592186.0,14.485456947213,64.695458770892,20.819084281895,60.61,4.096,12.779,4971665.0,4768026,49.7074,4.42777980045488,31.0319467829846,64.5402734165606,3.9403,18.9953,15.7187,8.4616,14.6078,2.5786,13.9293,12.7562,9.0122,47.1159,22.9356,52.8841,28.3408,0.4319,403451,2246498,ISCO-08,9,,
HUN,Hungary,Europe & Central Asia,country,2024,9562065.0,14.4013810473594,64.6054217208328,20.9931972318078,60.66,4.5,15.088,4965018.0,4741592,49.5875,4.24429856499696,30.8115080349249,64.9441934000781,4.3,20.3995,16.4779,8.0687,14.3468,2.5386,13.5091,11.7345,8.6249,49.2461,24.6995,50.7539,33.2435,0.4412,382585,2335049,ISCO-08,9,,
HUN,Hungary,Europe & Central Asia,country,2025,9514251.0,14.352453368551,64.4900842344087,21.1574623970403,60.578,4.521,14.205,4936333.0,4713161,49.5379,4.11368257895561,30.5346571836877,65.3516602373567,5.0694,21.2342,15.9662,7.1452,14.3689,2.9947,13.5224,11.5088,8.1901,49.415,26.3036,50.5849,,0.4398,336765,2329009,ISCO-08,9,,
IDN,Indonesia,East Asia & Pacific,country,2013,255852467.0,27.3431583275356,66.6471548360078,6.00968683645659,66.757,4.336,15.977,124097473.0,118716607,46.4004,34.6902320718856,21.0672874224289,44.2424703975957,1.6103,5.1272,2.4464,5.0506,19.1824,30.6828,13.0989,6.8476,15.9538,14.2345,6.7375,85.7655,13.017,0.2456,5995901,16898715,ISCO-88,9,,
IDN,Indonesia,East Asia & Pacific,country,2014,258877399.0,27.1512431257083,66.8074162395304,6.04134063476124,66.624,4.049,15.977,125645513.0,120558126,46.5696,34.0046946767182,21.4982822389039,44.497023084378,1.6672,5.2004,2.5271,5.0446,19.8935,30.0816,12.3242,6.8318,16.4296,14.4393,6.8676,85.5607,14.2427,0.2483,6081675,17407749,ISCO-88,9,,
IDN,Indonesia,East Asia & Pacific,country,2015,261799249.0,26.9656629152515,66.9524898064165,6.08184727833196,66.578,4.514,17.224,127299364.0,121553071,46.4299,32.7770295687741,22.1218830739339,45.1010964067699,1.7972,5.3478,2.7377,5.289,19.3187,28.7828,12.1454,6.7943,17.787,15.1717,7.145,84.8282,14.7501,0.2517,6428942,18441667,ISCO-88,9,,
IDN,Indonesia,East Asia & Pacific,country,2016,264627418.0,26.7736383990264,67.077798038297,6.14856356267664,66.314,4.301,15.997,128501300.0,122974459,46.4708,31.5553329221477,21.8107246597619,46.6339424180905,,,,,,,,,,,,,,,,,,0,,
IDN,Indonesia,East Asia & Pacific,country,2017,267346658.0,26.5632798746263,67.1982866155746,6.2384335097991,66.694,3.783,14.553,130940742.0,125987254,47.1251,30.5222024429742,22.1220312359547,47.3557647336161,2.0409,6.0026,2.9035,4.9634,23.7989,24.5492,11.8354,6.4599,17.4461,15.9104,8.0435,84.0895,14.7058,0.2667,6253251,20045076,ISCO-08,9,,
IDN,Indonesia,East Asia & Pacific,country,2018,269951846.0,26.3349404427949,67.3141002204628,6.3509593367423,67.652,4.387,16.369,134532894.0,128630936,47.6496,29.4464900769988,22.3847562001086,48.1687622744529,,,,,,,,,,,,,,,,,,0,,
IDN,Indonesia,East Asia & Pacific,country,2019,272489381.0,26.0919538365423,67.4223673692444,6.48567879421327,68.238,3.59,13.577,137425585.0,132492006,48.6228,28.4631336137713,22.4012342408394,49.1356329001475,2.5651,5.973,3.108,4.7659,25.0469,22.4696,11.3851,6.8365,17.8499,16.412,8.5381,83.588,15.9153,0.2721,6314437,21744588,ISCO-08,9,,
IDN,Indonesia,East Asia & Pacific,country,2020,274814866.0,25.834423429325,67.5576712934403,6.60790527723472,67.401,4.255,14.773,137375390.0,131530067,47.8613,29.3087481652973,21.6344047291476,49.0568463452771,2.4243,6.0067,2.9021,4.7064,25.6001,22.7575,11.1249,6.2603,18.2176,16.0395,8.431,83.9604,14.9657,0.271,6190331,21096765,ISCO-08,9,,
IDN,Indonesia,East Asia & Pacific,country,2021,276758053.0,25.575153363288,67.7378359790672,6.68701065764471,65.868,3.827,13.8,135672770.0,130480573,47.1461,28.9871998196831,21.7614308372694,49.2513693430476,2.1812,5.9646,2.8347,4.6001,25.846,21.795,11.5209,6.3672,18.8904,15.5806,8.1458,84.4195,13.7277,0.2697,6002237,20329656,ISCO-08,9,,
IDN,Indonesia,East Asia & Pacific,country,2022,278830529.0,25.2740669678858,67.9012667725156,6.82466625959862,67.018,3.462,14.054,139637843.0,134803581,48.3461,29.2848629874109,21.8679677163131,48.8471685544592,2.0905,5.9373,2.8877,4.4377,25.5539,21.9632,11.7618,6.4665,18.9014,15.3532,8.0278,84.6468,13.4263,0.2677,5982179,20696663,ISCO-08,9,,
IDN,Indonesia,East Asia & Pacific,country,2023,281190067.0,24.9346390051087,68.0168202172248,7.04854077766648,67.899,3.308,13.015,143318723.0,138577740,49.2826,28.7792280576249,21.951549784263,49.2692149419358,2.1583,6.0426,2.9747,4.1696,25.1214,21.7061,11.6363,6.7166,19.4745,15.3452,8.2009,84.6549,13.7974,0.2663,5778137,21265031,ISCO-08,9,,
IDN,Indonesia,East Asia & Pacific,country,2024,283487931.0,24.5977969421876,68.1136017534969,7.28860130431549,67.927,3.301,13.075,145198137.0,140405146,49.5277,27.9600749776458,22.2861723546005,49.7537526677536,,,,,,,,,,,,,,,,,,0,,
IDN,Indonesia,East Asia & Pacific,country,2025,285721236.0,24.2472504288188,68.2099803183862,7.542769252795,67.965,3.237,12.977,147104597.0,142342821,49.8188,27.2969124578361,22.5332080518796,50.1698745725842,,,,,,,,,,,,,,,,,,0,,
IMN,Isle of Man,Europe & Central Asia,country,2013,84141.0,16.3706375569725,64.4224312616248,19.2069311814028,,,,,,,,,,,,,,,,,,,,,,,,,,,0,,
IMN,Isle of Man,Europe & Central Asia,country,2014,83892.0,16.2267187174062,64.0331376463927,19.7401436362011,,,,,,,,,,,,,,,,,,,,,,,,,,,0,,
IMN,Isle of Man,Europe & Central Asia,country,2015,83593.0,16.1000322993552,63.6560477551948,20.24391994545,,,,,,,,,,,,,,,,,,,,,,,,,,,0,,
IMN,Isle of Man,Europe & Central Asia,country,2016,83466.0,15.9741691227566,63.355138619318,20.6706922579254,,,,,41636,49.8838,,,,14.3962,18.8611,9.7776,15.8421,15.513,,13.1593,4.5538,7.897,58.877,33.2573,41.1231,,0.4982,6596,24514,ISCO-08,8,,
IMN,Isle of Man,Europe & Central Asia,country,2017,83609.0,15.8033226088101,63.1833893480367,21.0132880431532,,,,,,,,,,,,,,,,,,,,,,,,,,,0,,
IMN,Isle of Man,Europe & Central Asia,country,2018,83805.0,15.6135337179541,63.0674597729266,21.3190065091193,,,,,,,,,,,,,,,,,,,,,,,,,,,0,,
IMN,Isle of Man,Europe & Central Asia,country,2019,83957.0,15.4014281205148,63.0070334042034,21.5915384752818,,,,,,,,,,,,,,,,,,,,,,,,,,,0,,
IMN,Isle of Man,Europe & Central Asia,country,2020,84064.0,15.1474777995206,62.9952357444075,21.8572864560719,,,,,,,,,,,,,,,,,,,,,,,,,,,0,,
IMN,Isle of Man,Europe & Central Asia,country,2021,84106.0,14.9532432480634,63.0000416144009,22.0467151375356,,,,,,,,,,,,,,,,,,,,,,,,,,,0,,
IMN,Isle of Man,Europe & Central Asia,country,2022,84132.0,14.7803451718728,62.9189844530024,22.3006703751248,,,,,,,,,,,,,,,,,,,,,,,,,,,0,,
IMN,Isle of Man,Europe & Central Asia,country,2023,84165.0,14.5231716083193,62.7638402908555,22.7129881008252,,,,,,,,,,,,,,,,,,,,,,,,,,,0,,
IMN,Isle of Man,Europe & Central Asia,country,2024,84160.0,14.2234183494632,62.6237961989294,23.1527854516073,,,,,,,,,,,,,,,,,,,,,,,,,,,0,,
IMN,Isle of Man,Europe & Central Asia,country,2025,84118.0,13.9053834768808,62.4850657108722,23.609550812247,,,,,,,,,,,,,,,,,,,,,,,,,,,0,,
IND,India,South Asia,country,2013,1295829511.0,29.9403754395359,64.8769968339134,5.18262772655076,53.364,7.678,24.473,484466830.0,447269467,34.5161,46.2418839816327,24.7546738405335,29.0034439664578,,,,,,,,,,,,,,,,,,0,,
IND,India,South Asia,country,2014,1312277191.0,29.4366305001804,65.2562148871274,5.30715461269221,53.206,7.656,24.709,492680645.0,454961015,34.6696,45.2547111152237,24.8960152022282,29.8492736825481,,,,,,,,,,,,,,,,,,0,,
IND,India,South Asia,country,2015,1328024498.0,28.9130012076453,65.6177857140772,5.46921307827757,53.031,7.629,24.959,500640619.0,462446746,34.8222,44.2796936892031,24.9480704919335,30.7722358188634,,,,,,,,,,,,,,,,,,0,,
IND,India,South Asia,country,2016,1343944296.0,28.3851530629213,65.9731160836743,5.64173085340436,52.852,7.611,25.23,508681288.0,469965555,34.9691,43.2048505926307,25.1894783758453,31.6056633714195,,,,,,,,,,,,,,,,,,0,,
IND,India,South Asia,country,2017,1359657400.0,27.8478721919213,66.3274225183491,5.8247052897296,52.671,7.626,25.591,516713963.0,477309356,35.1051,42.2671064682124,25.2657227336051,32.4671651415297,,,,,,,,,,,,,,,,,,0,,
IND,India,South Asia,country,2018,1374659064.0,27.3277554659182,66.6529850197096,6.01925951437221,52.482,7.652,26.003,524292869.0,484173979,35.2214,41.2949989249141,25.3658737784355,33.3391272966505,8.2626,4.353,4.383,2.1765,9.6579,29.8544,12.0923,5.9209,23.2992,19.1751,12.6156,80.8247,13.2584,0.236,10538047,92840845,ISCO-88,9,,
IND,India,South Asia,country,2019,1389030312.0,26.832323620307,66.944203338595,6.22347304109804,52.284,6.51,22.947,531373378.0,496780971,35.7646,40.6518149993227,25.251113046721,34.0970739669082,9.2491,4.3669,4.1455,2.233,10.0178,29.6294,11.7346,5.7595,22.8642,19.9945,13.616,80.0055,14.8918,0.2403,11093119,99328871,ISCO-88,9,,
IND,India,South Asia,country,2020,1402617695.0,26.3453740591996,67.2377729174314,6.41685302336898,51.547,7.859,24.666,532528354.0,490676951,34.9829,44.6754951957099,23.7036475318516,31.6208572724385,9.1439,4.0807,3.7232,1.9566,8.7072,34.5163,11.4832,5.1681,21.2208,18.9044,13.2246,81.0956,14.4641,0.2287,9600585,92759534,ISCO-88,9,,
IND,India,South Asia,country,2021,1414203896.0,25.9051614152815,67.5490478920304,6.54579069268807,52.522,6.38,20.824,550352877.0,515240363,36.4332,44.0791868866382,24.4704786231875,31.4503271149612,,,,,,,,,,,,,,,,,,0,,
IND,India,South Asia,country,2022,1425423212.0,25.4877038842946,67.8132963616236,6.69899975408181,53.587,4.822,17.732,569155867.0,541711171,38.0035,42.8609991503088,26.1203341573875,31.0186666923037,5.3038,5.4054,2.252,2.1064,11.355,34.6275,10.628,5.5741,22.7477,15.0676,10.7092,84.9323,12.4214,0.2196,11410604,81622872,ISCO-08,9,,
IND,India,South Asia,country,2023,1438069596.0,25.0570622244071,68.0210944742065,6.92184330138637,54.697,4.172,15.595,589486854.0,564893462,39.2814,43.5135811245793,25.0292115986201,31.4572072768006,3.6313,5.6973,2.3897,2.1653,12.4943,35.5787,11.229,5.5531,21.2613,13.8836,9.3286,86.1164,10.6454,0.2176,12231638,78427549,ISCO-08,9,,
IND,India,South Asia,country,2024,1450935791.0,24.6239027058366,68.2295801537644,7.14651714039908,55.639,4.173,15.746,608500805.0,583108066,40.1884,42.3547738876441,25.3709259711612,32.2743097449178,3.534,5.6643,2.4185,2.2773,12.5097,35.23,11.313,5.8937,21.1594,13.8941,9.1983,86.1058,10.8023,0.2184,13279120,81017618,ISCO-08,9,,
IND,India,South Asia,country,2025,1463865525.0,24.1952667831956,68.4281617563294,7.37657146047502,55.658,4.219,16.022,617625336.0,591567723,40.4113,41.6251280877573,25.8173073806381,32.5575625031109,2.8064,5.8491,2.654,2.3188,13.2475,33.9702,11.4711,6.0623,21.6208,13.6283,8.6555,86.3719,11.325,0.2201,13717272,80620624,ISCO-08,9,,
IRL,Ireland,Europe & Central Asia,country,2013,4623816.0,21.5014250155119,66.0510609746196,12.4475140098686,61.905,13.735,26.732,2246922.0,1938307,41.9201,5.77701963826635,17.2300615269072,76.9929188348265,8.1784,24.212,10.5699,9.4749,19.5496,4.8066,8.4525,5.7031,9.0528,52.4352,32.3904,47.5646,28.6708,0.4666,183653,1016355,ISCO-08,9,,
IRL,Ireland,Europe & Central Asia,country,2014,4657740.0,21.4354310111,65.7693782746418,12.7951907142582,61.705,11.858,23.416,2257992.0,1990239,42.7297,5.44130125806165,17.3014750987594,77.2572236431789,8.4123,23.6056,10.9768,9.6226,19.5086,4.5719,8.9141,5.4206,8.9675,52.6173,32.0179,47.3827,30.129,0.4672,191513,1047210,ISCO-08,9,,
IRL,Ireland,Europe & Central Asia,country,2015,4701957.0,21.3179749353906,65.5717708523171,13.1102542122923,61.779,9.908,20.235,2285573.0,2059118,43.7928,5.32101226360809,18.1148374847342,76.5641502516577,8.4781,23.6203,11.1321,9.1766,19.4284,4.6167,9.1141,5.4781,8.9557,52.4071,32.0984,47.593,29.3888,0.465,188957,1079124,ISCO-08,9,,
IRL,Ireland,Europe & Central Asia,country,2016,4762722.0,21.1532211087276,65.4546867857241,13.3920921055483,62.119,8.374,16.797,2332726.0,2137384,44.8774,5.28052712454424,18.5472386057976,76.1721873924755,8.7406,23.6715,11.3451,9.0839,19.3649,4.5418,8.6634,5.7068,8.882,52.8411,32.4121,47.1589,29.6388,0.4667,194158,1129417,ISCO-08,9,,
IRL,Ireland,Europe & Central Asia,country,2017,4827445.0,20.9435227052672,65.3844318826392,13.6720454120936,61.921,6.713,14.402,2363157.0,2204518,45.6664,5.0458993333045,18.8407373939012,76.1133632727943,8.8766,23.8107,11.3886,8.9286,19.6564,4.2625,9.148,5.595,8.3336,53.0045,32.6873,46.9955,29.7871,0.468,196833,1168494,ISCO-08,9,,
IRL,Ireland,Europe & Central Asia,country,2018,4898022.0,20.6992100962216,65.3471982002052,13.9535917035732,62.142,5.741,13.756,2413701.0,2275130,46.45,4.76307245854298,18.8158217971217,76.4211057443353,8.7265,23.6047,11.4898,8.7987,19.7759,4.0582,9.2351,5.8491,8.4619,52.6197,32.3312,47.3802,29.0671,0.4663,200182,1197167,ISCO-08,9,,
IRL,Ireland,Europe & Central Asia,country,2019,4976456.0,20.412624650577,65.3435974647567,14.2437778846663,62.312,4.95,12.457,2467948.0,2345785,47.1377,4.42881782518225,18.7693585818908,76.801823592927,8.3951,24.2374,11.4562,8.8913,19.6324,3.6413,9.0874,6.0397,8.6192,52.98,32.6325,47.02,28.9431,0.4689,208571,1242797,ISCO-08,9,,
IRL,Ireland,Europe & Central Asia,country,2020,5039747.0,20.1012562400824,65.3365964179592,14.5621473419585,61.09,5.623,15.263,2459907.0,2321586,46.0655,4.47968889076715,18.82291894944,76.6973921597929,8.5181,25.8771,11.7194,9.5541,18.4307,3.5277,8.7665,5.691,7.9154,55.6687,34.3952,44.3313,30.4163,0.4821,221807,1292397,ISCO-08,9,,
IRL,Ireland,Europe & Central Asia,country,2021,5110585.0,19.8060804520222,65.3403436125284,14.8535759354494,63.546,6.357,15.612,2604356.0,2438797,47.7205,4.81198871473877,19.1249338428648,76.0630774423964,8.6786,25.9407,12.2008,9.2615,17.8444,3.7548,8.8004,5.3388,8.1801,56.0816,34.6193,43.9185,28.3424,0.4818,225869,1367716,ISCO-08,9,,
IRL,Ireland,Europe & Central Asia,country,2022,5212836.0,19.4557824726755,65.3822772161846,15.16194031114,64.444,4.465,9.389,2705770.0,2584957,49.5883,3.86204408972643,19.3617601478155,76.776195762458,9.6366,26.3992,12.5363,8.6795,17.9223,3.2612,8.6863,5.69,7.1888,57.2516,36.0358,42.7486,28.3723,0.4865,224361,1479929,ISCO-08,9,,
IRL,Ireland,Europe & Central Asia,country,2023,5311538.0,19.0170360406648,65.4412571224043,15.5417068369309,66.184,4.243,10.161,2846866.0,2726073,51.3236,4.63227712600625,17.2768822949357,78.0908405790581,9.7062,28.2849,12.0798,8.5682,17.019,3.8529,8.2223,4.7554,7.5112,58.6391,37.9911,41.3608,28.3987,0.4917,233575,1598545,ISCO-08,9,,
IRL,Ireland,Europe & Central Asia,country,2024,5395790.0,18.5554853052345,65.5524363144366,15.8920783803289,65.014,4.3,10.439,2857089.0,2734234,50.6735,3.95409935551031,18.4511743291667,77.5947638686205,9.1148,29.0401,12.8941,8.5947,15.7702,3.2006,8.0819,5.1695,8.134,59.6437,38.1549,40.3562,32.1461,0.4954,234999,1630798,ISCO-08,9,,
IRL,Ireland,Europe & Central Asia,country,2025,5484367.0,18.0959201693884,65.6959754817175,16.2081043488942,64.844,4.632,10.493,2912741.0,2777823,50.6498,3.85320090845589,18.2139751342561,77.932823957288,9.6036,29.2099,12.0226,8.2695,16.9081,3.1631,8.4054,5.0122,7.4056,59.1056,38.8135,40.8944,,0.4943,229712,1641849,ISCO-08,9,,
IRN,"Iran, Islamic Rep.","Middle East, North Africa, Afghanistan & Pakistan",country,2013,80414686.0,23.3021591559915,71.1183425569699,5.57949828703863,41.15,10.595,23.872,25379809.0,22690818,28.2173,16.638783074911,35.4938247121163,47.8673922129726,3.0053,9.4264,5.6826,4.6648,13.1079,14.3709,20.7142,12.6775,16.3505,22.7791,12.4317,77.221,9.6443,0.2883,1058481,5168764,ISCO-08,9,,
IRN,"Iran, Islamic Rep.","Middle East, North Africa, Afghanistan & Pakistan",country,2014,81502045.0,23.4123786500549,70.8169422569891,5.77067909295602,40.889,10.68,24.972,25523109.0,22797241,27.9714,16.4310879121703,34.8793926114648,48.689510703435,2.994,9.434,5.3295,4.9248,13.1975,13.8745,19.8008,12.8256,17.6192,22.6823,12.428,77.3176,9.1251,0.2886,1122719,5170939,ISCO-08,9,,
IRN,"Iran, Islamic Rep.","Middle East, North Africa, Afghanistan & Pakistan",country,2015,82619362.0,23.5910518166432,70.4023483018424,6.00659988151446,41.941,11.166,25.962,26476760.0,23520365,28.4683,16.6262000477972,33.6635486529903,49.7102427958867,3.114,9.9917,5.1556,4.9284,13.3486,13.9306,19.5582,13.1861,16.7869,23.1897,13.1057,76.8104,9.687,0.292,1159178,5454302,ISCO-08,9,,
IRN,"Iran, Islamic Rep.","Middle East, North Africa, Afghanistan & Pakistan",country,2016,83812228.0,23.7667032309414,69.9822148863528,6.25108188270571,43.165,12.618,29.087,27579337.0,24099376,28.754,16.1694614774384,33.1624902393455,50.6680482832161,3.0363,10.1553,5.3583,4.8911,14.1748,13.5691,20.0516,12.754,16.0093,23.441,13.1916,76.5588,11.4947,0.2953,1178725,5649135,ISCO-08,9,,
IRN,"Iran, Islamic Rep.","Middle East, North Africa, Afghanistan & Pakistan",country,2017,85026754.0,23.8955194032222,69.6037014420191,6.50077915475875,44.235,12.232,28.208,28624101.0,25122801,29.5469,16.0696864089308,33.2183842528504,50.7119293382189,3.0849,10.4304,5.8869,3.9101,16.4814,13.1812,20.1837,12.8227,14.0188,23.3123,13.5153,76.6878,11.8331,0.2981,982327,5856703,ISCO-08,9,,
IRN,"Iran, Islamic Rep.","Middle East, North Africa, Afghanistan & Pakistan",country,2018,86117998.0,23.9619208286751,69.281644819472,6.75643435185291,44.39,12.195,27.502,29067669.0,25522867,29.6371,16.029301547023,32.9785999862634,50.9920906306507,3.3066,11.3572,5.8368,3.8558,15.9249,13.2128,19.4505,13.18,13.8754,24.3564,14.6638,75.6436,12.6417,0.3025,984111,6216452,ISCO-08,9,,
IRN,"Iran, Islamic Rep.","Middle East, North Africa, Afghanistan & Pakistan",country,2019,87051648.0,23.9130747065987,69.0709368826133,7.01598841078797,44.027,10.74,25.948,29161250.0,26029332,29.901,16.3333671412063,32.8206638329522,50.8459690258415,3.2333,11.4469,5.5437,3.4337,15.5992,13.2435,19.5494,13.713,14.2372,23.6576,14.6802,76.3423,12.3421,0.2978,893769,6157915,ISCO-08,9,,
IRN,"Iran, Islamic Rep.","Middle East, North Africa, Afghanistan & Pakistan",country,2020,87723443.0,23.7741603461688,68.9964842123217,7.22935544150952,41.359,9.687,23.712,27655908.0,24976880,28.4723,16.099999639664,34.0955827213294,49.8044176390066,3.1165,11.433,5.5807,3.4997,14.8583,13.2298,19.6542,13.5653,15.0626,23.6299,14.5495,76.3702,11.62,0.2961,874116,5902012,ISCO-08,9,,
IRN,"Iran, Islamic Rep.","Middle East, North Africa, Afghanistan & Pakistan",country,2021,88455488.0,23.5503936372517,69.0444241800148,7.40518218273343,41.043,9.282,23.752,27754866.0,25178659,28.4648,14.9288315364083,34.6473675548188,50.4237969371411,3.0758,11.6159,5.7159,3.6414,15.0923,12.2242,19.4357,13.5779,15.6208,24.049,14.6917,75.9509,12.1569,0.2996,916856,6055216,ISCO-08,9,,
IRN,"Iran, Islamic Rep.","Middle East, North Africa, Afghanistan & Pakistan",country,2022,89524246.0,23.2212381703766,69.1497615676665,7.62900026195697,40.562,9.085,22.686,27880537.0,25347590,28.3137,14.548370850512,34.9499596927003,50.5016773470293,2.8666,12.1891,5.8599,3.5791,15.9169,11.0752,19.3186,14.3382,14.8564,24.4947,15.0557,75.5053,12.2273,0.305,907216,6208816,ISCO-08,9,,
IRN,"Iran, Islamic Rep.","Middle East, North Africa, Afghanistan & Pakistan",country,2023,90608707.0,22.838783032187,69.2451333622938,7.91608360551928,41.517,8.129,21.265,29026520.0,26666954,29.4309,14.0724777665032,35.0039654425064,50.9235642909999,3.0432,12.2855,5.7824,3.8218,16.2711,10.8949,19.2437,14.5007,14.1568,24.9329,15.3287,75.0672,14.0104,0.3087,1019158,6648845,ISCO-08,9,,
IRN,"Iran, Islamic Rep.","Middle East, North Africa, Afghanistan & Pakistan",country,2024,91567738.0,22.4405719317898,69.3204153919387,8.23901267627149,41.266,8.146,21.307,29306871.0,26919533,29.3985,13.7660776504384,34.9484699799348,51.2854523696268,3.1846,12.5169,5.9421,3.505,16.8133,10.5289,18.9917,14.3232,14.1942,25.1486,15.7015,74.8513,14.8751,0.3103,943530,6769886,ISCO-08,9,,
IRN,"Iran, Islamic Rep.","Middle East, North Africa, Afghanistan & Pakistan",country,2025,92417681.0,22.0217357542222,69.397121098505,8.58114314727287,40.965,8.301,21.9,29521716.0,27071118,29.2921,13.6239047350303,34.7019556473859,51.674147005512,,,,,,,,,,,,,,,,,,0,,
IRQ,Iraq,"Middle East, North Africa, Afghanistan & Pakistan",country,2013,35281989.0,40.8059916916815,56.1925448704153,3.00146343790312,41.956,9.222,17.913,8762436.0,7954364,22.5451,9.78731204102822,25.9101427662849,64.3025451926869,,,,,,,,,,,,,,,,,,0,,
IRQ,Iraq,"Middle East, North Africa, Afghanistan & Pakistan",country,2014,36550059.0,40.6200507090837,56.359534193912,3.02041509700436,42.93,10.59,19.908,9317273.0,8330574,22.7922,9.62677961926753,25.8907129328663,64.4825074478661,,,,,,,,,,,,,,,,,,0,,
IRQ,Iraq,"Middle East, North Africa, Afghanistan & Pakistan",country,2015,37560535.0,40.3764515118921,56.578440064531,3.04510842357688,43.04,10.865,21.387,9638775.0,8591522,22.8738,9.46441408054111,25.7919931914006,64.743581088631,,,,,,,,,,,,,,,,,,0,,
IRQ,Iraq,"Middle East, North Africa, Afghanistan & Pakistan",country,2016,38469627.0,40.0770704119382,56.8371861260833,3.08574346197846,43.15,10.82,22.446,9946993.0,8870728,23.059,8.9479793599827,26.4346368827184,64.6173724842682,,,,,,,,,,,,,,,,,,0,,
IRQ,Iraq,"Middle East, North Africa, Afghanistan & Pakistan",country,2017,39337353.0,39.7259744481794,57.1233026644764,3.15072288734421,41.89,13.02,25.276,9932205.0,8639032,21.9614,9.02787488227848,26.2068597500276,64.765265367694,,,,,,,,,,,,,,,,,,0,,
IRQ,Iraq,"Middle East, North Africa, Afghanistan & Pakistan",country,2018,40265624.0,39.3308652148187,57.4360991222178,3.23303566296358,41.244,13.458,27.338,10075417.0,8719467,21.6549,8.89088391833978,26.1826436719389,64.9264494724896,,,,,,,,,,,,,,,,,,0,,
IRQ,Iraq,"Middle East, North Africa, Afghanistan & Pakistan",country,2019,41192171.0,38.9110996226819,57.7716971724032,3.31720320491488,40.522,14.096,29.75,10196893.0,8759539,21.2651,8.52954667554379,26.3434806026487,65.1269841378566,,,,,,,,,,,,,,,,,,0,,
IRQ,Iraq,"Middle East, North Africa, Afghanistan & Pakistan",country,2020,42116605.0,38.4946773190132,58.1449271391287,3.36039554185808,40.307,15.766,34.45,10441107.0,8794962,20.8824,8.75855500186981,26.1828850275287,65.0585599706015,,,,,,,,,,,,,,,,,,0,,
IRQ,Iraq,"Middle East, North Africa, Afghanistan & Pakistan",country,2021,43071211.0,38.0622295256828,58.5567231735918,3.38104730072539,39.663,16.173,35.653,10581037.0,8869766,20.5933,8.61905351927079,26.5405416923486,64.8404047883806,0.7772,17.5199,5.9689,1.9649,24.8068,9.1021,22.3359,11.4052,6.1191,26.2309,18.2971,73.7691,9.3336,0.3361,174282,2326619,ISCO-08,9,,
IRQ,Iraq,"Middle East, North Africa, Afghanistan & Pakistan",country,2022,44070551.0,37.5870476409519,59.0153467788501,3.39760558019799,41.478,15.41,31.791,11408828.0,9650728,21.8984,8.47800847073452,27.0009817762638,64.5210097530017,,,,,,,,,,,,,,,,,,0,,
IRQ,Iraq,"Middle East, North Africa, Afghanistan & Pakistan",country,2023,45074049.0,37.0913959826418,59.5119000735878,3.39670394377039,41.628,15.239,31.514,11803809.0,10005027,22.1969,8.36063691123896,26.6212558216565,65.0181172620081,,,,,,,,,,,,,,,,,,0,,
IRQ,Iraq,"Middle East, North Africa, Afghanistan & Pakistan",country,2024,46042015.0,36.5813485791184,60.0042634971558,3.41438792372575,41.556,15.293,31.726,12134030.0,10278373,22.3239,8.17722597825125,26.7633234711221,65.0594602798714,,,,,,,,,,,,,,,,,,0,,
IRQ,Iraq,"Middle East, North Africa, Afghanistan & Pakistan",country,2025,47020774.0,36.0269984071296,60.5238144314681,3.44918716140232,41.533,15.485,32.012,12493376.0,10558777,22.4556,8.16872836237607,26.5358161128114,65.2954744662424,,,,,,,,,,,,,,,,,,0,,
ISL,Iceland,Europe & Central Asia,country,2013,323764.0,20.5906099532088,66.3391846810061,13.0702053657851,74.897,5.376,10.415,192559.0,182207,56.2777,4.44490772235511,18.6354758717549,76.9190677873116,11.152,22.9762,15.2183,3.7431,20.6569,3.7755,11.3526,4.5663,6.559,53.0896,34.1282,46.9103,20.2154,0.4568,6820,96733,ISCO-08,9,,
ISL,Iceland,Europe & Central Asia,country,2014,327386.0,20.4447158505401,66.1933513988016,13.3619327506584,75.968,4.897,9.566,197861.0,188172,57.4771,4.53557863422667,18.4312996361125,77.0331217296608,9.6624,23.6824,14.9036,3.8173,21.1526,3.9019,11.2995,4.5459,7.0345,52.0657,33.3448,47.9344,19.3919,0.4545,7183,97973,ISCO-08,9,,
ISL,Iceland,Europe & Central Asia,country,2015,330815.0,20.1928379233815,66.1278163114535,13.679345765165,76.677,3.979,8.578,202438.0,194383,58.7588,4.23885263520567,17.8368121442125,77.9243352205818,9.4801,24.8246,14.0639,3.7653,21.5329,3.534,11.1443,4.754,6.901,52.1339,34.3047,47.8662,19.0713,0.4569,7319,101339,ISCO-08,9,,
ISL,Iceland,Europe & Central Asia,country,2016,335439.0,19.8878934123225,66.1907152978409,13.9213912898367,77.416,2.978,6.317,208038.0,201843,60.1728,3.8950105237093,17.4594527671165,78.6450414757955,10.348,25.4613,14.7716,4.3052,20.4348,3.227,10.2634,4.6275,6.5612,54.8861,35.8093,45.1139,19.88,0.469,8690,110784,ISCO-08,9,,
ISL,Iceland,Europe & Central Asia,country,2017,343400.0,19.5541020255784,66.4230208874586,14.0228770869629,76.892,2.742,7.544,212416.0,206592,60.1607,3.75622973823003,17.4829438234867,78.7603425751198,10.3335,25.3901,14.3936,4.6199,20.9726,2.919,10.5328,4.9132,5.9253,54.7371,35.7236,45.2629,19.7384,0.4706,9544,113082,ISCO-08,9,,
ISL,Iceland,Europe & Central Asia,country,2018,352721.0,19.1787538188599,66.7002499617406,14.1209962193995,75.978,2.704,5.902,216594.0,210737,59.7461,4.02956118339603,16.7927633919466,79.1772010796093,10.2994,25.8419,13.976,4.1232,22.3125,2.7672,10.5741,4.889,5.2167,54.2405,36.1413,45.7595,17.3693,0.4705,8689,114305,ISCO-08,9,,
ISL,Iceland,Europe & Central Asia,country,2019,360563.0,18.8726349773149,66.8280660217161,14.299299000969,75.698,3.507,8.449,221428.0,213663,59.2582,4.03613668687776,17.4732390148963,78.4906242982259,11.2208,26.2612,12.9739,4.1041,22.3947,2.9174,9.906,4.8459,5.376,54.56,37.482,45.44,16.8364,0.4716,8769,116575,ISCO-08,9,,
ISL,Iceland,Europe & Central Asia,country,2020,366463.0,18.727735438363,66.7078998619802,14.5643646996569,73.555,5.478,9.872,219071.0,207070,56.505,4.04334918297893,17.946465207212,78.0106683401318,12.9155,25.7579,13.4098,3.8671,20.8883,3.1938,9.8426,4.7564,5.3686,55.9503,38.6734,44.0497,18.4565,0.4728,8008,115856,ISCO-08,9,,
ISL,Iceland,Europe & Central Asia,country,2021,372520.0,18.6238321613016,66.5075333395055,14.8686344991929,73.413,6.029,11.831,222546.0,209129,56.139,4.09422697266213,18.9099270066014,76.9958460207364,13.103,25.1002,14.214,3.5389,20.3949,2.7559,10.5704,4.5695,5.7532,55.9561,38.2032,44.0439,18.6061,0.4705,7401,117020,ISCO-08,9,,
ISL,Iceland,Europe & Central Asia,country,2022,382003.0,18.3783329017196,66.5106722526689,15.1109948456115,74.468,3.789,8.421,232189.0,223391,58.4789,4.09256028917223,17.9550236481019,77.9519664790404,12.7575,25.2561,14.2235,3.7629,20.1771,3.1443,9.7355,5.1532,5.7899,56.0,38.0136,44.0,21.913,0.4711,8406,125099,ISCO-08,9,,
ISL,Iceland,Europe & Central Asia,country,2023,385663.0,18.0560303954897,66.5956664494946,15.3483031550157,74.748,3.518,8.488,236225.0,227915,59.0969,3.77673183894094,18.2479457198495,77.9753224412096,12.7491,26.4896,13.8616,3.866,19.9394,2.8818,9.4398,5.2907,5.4819,56.9663,39.2387,43.0336,22.6777,0.4767,8811,129835,ISCO-08,9,,
ISL,Iceland,Europe & Central Asia,country,2024,386506.0,17.7634212897707,66.5917632509777,15.6448154592516,75.153,3.6,8.78,238873.0,230274,59.5784,3.70040105811076,18.4141138322382,77.885485109651,13.1646,27.4952,14.1952,3.4197,19.1618,2.7194,9.8345,4.3423,5.6673,58.2747,40.6598,41.7253,,0.4806,7875,134191,ISCO-08,9,,
ISL,Iceland,Europe & Central Asia,country,2025,392404.0,17.5179402710751,66.5050493891018,15.9770103398231,74.926,3.625,8.671,242507.0,233716,59.56,3.60655461263791,18.244402568221,78.1494643918603,12.616,26.22,14.0692,3.1561,21.4214,2.8253,9.504,4.3837,5.8043,56.0613,38.836,43.9387,,0.4733,7376,131024,ISCO-08,9,,
ISR,Israel,"Middle East, North Africa, Afghanistan & Pakistan",country,2013,8059500.0,28.1903233794605,61.2196796672353,10.5899969533043,65.111,6.137,10.4,3768300.0,3537039,43.8866,1.24303759280882,17.7348458942123,81.0221165129789,10.6632,25.1034,13.6934,8.0829,20.2173,1.1392,8.7134,6.2246,6.1627,57.5429,35.7666,42.4572,32.2857,0.4913,285895,2035315,ISCO-08,9,,
ISR,Israel,"Middle East, North Africa, Afghanistan & Pakistan",country,2014,8215700.0,28.221064762493,60.9836373216309,10.795297915876,65.62,5.789,10.429,3869705.0,3645688,44.3746,1.11131466950203,17.6818713370191,81.2067854572559,10.4682,26.1254,14.0418,7.6736,19.7681,0.976,8.51,5.9591,6.478,58.309,36.5936,41.6912,31.3248,0.494,279756,2125764,ISCO-08,9,,
ISR,Israel,"Middle East, North Africa, Afghanistan & Pakistan",country,2015,8380100.0,28.2430006500136,60.7391726852478,11.0178266647386,65.55,5.176,9.202,3941723.0,3737699,44.6021,1.02058117750629,17.5746712560384,81.4047197250832,10.9372,26.5612,13.9113,7.4572,19.704,0.907,8.387,5.7697,6.3655,58.8669,37.4984,41.1332,31.4271,0.496,278728,2200268,ISCO-08,9,,
ISR,Israel,"Middle East, North Africa, Afghanistan & Pakistan",country,2016,8546000.0,28.2518324744119,60.4867682488154,11.2613992767727,65.635,4.723,8.514,4024474.0,3834398,44.8678,1.01795579773035,17.4982904217195,81.4837266336144,11.3162,26.7933,13.9451,7.3636,19.4412,0.9432,8.3109,5.7099,6.1766,59.4182,38.1095,40.5818,31.4409,0.4978,282350,2278330,ISCO-08,9,,
ISR,Israel,"Middle East, North Africa, Afghanistan & Pakistan",country,2017,8713300.0,28.2489175621531,60.2586178699757,11.4924645678713,65.491,4.14,7.151,4094423.0,3924914,45.0451,1.00424892927195,17.380308373927,81.6154692459717,10.5985,27.4699,13.7916,7.3437,19.294,0.8842,8.5181,5.8739,6.2261,59.2037,38.0684,40.7963,31.4315,0.4976,288234,2323694,ISCO-08,9,,
ISR,Israel,"Middle East, North Africa, Afghanistan & Pakistan",country,2018,8882800.0,28.203146238634,60.0955585952237,11.7012951661424,65.432,3.917,7.025,4172972.0,4009517,45.138,0.922922006686316,17.0988405421321,81.9782374511816,10.2476,28.6718,13.9401,7.0253,19.2723,0.7729,8.2879,5.512,6.27,59.8848,38.9194,40.1151,31.9758,0.5012,281681,2401091,ISCO-08,9,,
ISR,Israel,"Middle East, North Africa, Afghanistan & Pakistan",country,2019,9054000.0,28.1244621699124,59.9900386648577,11.8854991652299,64.996,3.731,6.525,4229687.0,4071877,44.9732,0.920851321319169,16.3971582899092,82.6819903887717,8.1604,29.9067,15.1982,7.2633,19.6276,0.7743,7.8499,5.5444,5.6753,60.5286,38.0671,39.4715,32.9608,0.5081,295753,2464650,ISCO-08,9,,
ISR,Israel,"Middle East, North Africa, Afghanistan & Pakistan",country,2020,9215100.0,28.0344555732619,59.9126673678488,12.0528770588893,63.406,4.169,7.645,4204894.0,4029592,43.7281,0.914957779674737,15.7919737855891,83.2930944204726,7.9856,31.0702,15.6802,7.2736,19.309,0.8271,7.3892,5.4791,4.9861,62.0096,39.0558,37.9905,36.403,0.5156,293096,2498734,ISCO-08,9,,
ISR,Israel,"Middle East, North Africa, Afghanistan & Pakistan",country,2021,9371400.0,27.9436441624885,59.8583662424971,12.1979895950145,63.319,4.812,7.649,4275735.0,4069987,43.4299,0.795749002030955,15.951618584264,83.2526581611004,8.2095,32.2142,15.0878,6.7983,19.2377,0.7719,7.3058,5.482,4.8928,62.3098,40.4237,37.6902,35.5038,0.5166,276690,2536001,ISCO-08,9,,
ISR,Israel,"Middle East, North Africa, Afghanistan & Pakistan",country,2022,9557500.0,27.8035319857926,59.8934314063339,12.3030366078735,64.738,3.695,6.719,4467037.0,4301980,45.0116,0.780042318796721,15.7162346521146,83.5037474343924,8.1404,32.5737,14.9624,6.7073,18.9413,0.6733,7.3431,5.8187,4.8396,62.3838,40.7141,37.616,34.7487,0.5167,288547,2683739,ISCO-08,9,,
ISR,Israel,"Middle East, North Africa, Afghanistan & Pakistan",country,2023,9849000.0,27.6146152777445,59.9696758342468,12.4157088880088,65.055,3.371,5.873,4637924.0,4481580,45.5029,0.812389286822541,15.4236915100251,83.7639192031524,7.5137,32.6179,15.0611,6.5542,19.3606,0.7543,7.4346,5.8366,4.8671,61.7469,40.1316,38.2532,34.9309,0.5146,293732,2767237,ISCO-08,9,,
ISR,Israel,"Middle East, North Africa, Afghanistan & Pakistan",country,2024,10002200.0,27.4092600836836,60.0380461490392,12.5526937672772,65.494,3.595,6.163,4755304.0,4584351,45.8334,0.783764743672136,15.2727557555145,83.9434795008134,7.2676,32.7028,15.2174,6.5126,19.561,0.7376,7.5347,5.6182,4.8482,61.7004,39.9704,38.2997,33.6937,0.5149,298560,2828563,ISCO-08,9,,
ISR,Israel,"Middle East, North Africa, Afghanistan & Pakistan",country,2025,10122800.0,27.1639326374024,60.1444408877188,12.6916264748788,65.489,3.489,6.032,4828536.0,4660068,46.0354,0.75971191888372,15.1467635153857,84.0935245657305,,,,,,,,,,,,,,,,,,0,,
ITA,Italy,Europe & Central Asia,country,2013,60311613.0,13.9177429383585,64.7515846412995,21.330672420342,48.494,12.149,40.022,25176920.0,22118176,36.6732,3.60134692377298,27.0469862441215,69.3516758233459,3.803,14.3764,17.6559,12.3193,17.1995,2.3941,14.2627,7.0397,10.9496,48.1546,18.1794,51.8456,26.589,0.4451,2724804,10650919,ISCO-08,9,,
ITA,Italy,Europe & Central Asia,country,2014,60320707.0,13.8275522315507,64.4745737605598,21.6978740078895,48.731,12.683,42.669,25330291.0,22117650,36.6668,3.643046036788,26.9014262686335,69.4555366858576,3.8193,14.5209,17.658,12.1569,17.3177,2.3526,13.9322,7.0764,11.1659,48.1551,18.3402,51.8448,25.3775,0.445,2688821,10650776,ISCO-08,9,,
ITA,Italy,Europe & Central Asia,country,2015,60229605.0,13.7068661763151,64.264608211041,22.0285256126439,48.621,11.896,40.316,25270285.0,22264132,36.9654,3.75137163801591,26.6003076184765,69.6483296752598,3.8062,14.5881,17.7011,12.1609,17.4049,2.383,13.6439,7.0314,11.2804,48.2563,18.3943,51.7436,24.8754,0.4456,2707519,10743846,ISCO-08,9,,
ITA,Italy,Europe & Central Asia,country,2016,60115223.0,13.5548619804282,64.1355493804101,22.3095886391617,49.164,11.688,37.758,25548902.0,22562746,37.5325,3.88444985202648,26.1223306249753,69.9932195229982,3.8204,14.7565,17.7009,12.0949,17.6464,2.4435,13.3344,6.8282,11.3748,48.3727,18.5769,51.6273,24.7401,0.4465,2728942,10914209,ISCO-08,9,,
ITA,Italy,Europe & Central Asia,country,2017,60002252.0,13.3921351432526,64.0491957667784,22.558669089969,49.501,11.211,34.726,25724021.0,22840101,38.0654,3.78281502530874,26.002784855533,70.2144001191583,3.7938,14.9858,17.698,12.0697,17.8089,2.3297,13.279,6.7958,11.2394,48.5473,18.7796,51.4528,25.5148,0.4479,2756732,11088252,ISCO-08,9,,
ITA,Italy,Europe & Central Asia,country,2018,59877221.0,13.2174935892537,63.976292081862,22.8062143288843,49.621,10.538,32.185,25784537.0,23067362,38.5244,3.73909753402816,26.0910605032816,70.1698419626902,3.7773,15.2806,17.8767,12.0284,17.6831,2.3331,13.194,6.7956,11.0312,48.963,19.0579,51.037,27.9523,0.4498,2774635,11294472,ISCO-08,9,,
ITA,Italy,Europe & Central Asia,country,2019,59729081.0,13.0238937094704,63.8719351973526,23.104171093177,49.589,9.884,29.102,25761500.0,23215233,38.8676,3.87830880419639,25.8869321079455,70.2347505303616,3.6439,15.5599,17.8258,11.9861,17.7282,2.4588,12.8863,6.9263,10.9848,49.0157,19.2038,50.9844,28.8431,0.4504,2782601,11379109,ISCO-08,9,,
ITA,Italy,Europe & Central Asia,country,2020,59438851.0,12.8259753776361,63.7947913907968,23.379233231567,48.218,9.192,29.629,24984272.0,22687718,38.1698,4.01161495625894,26.4217472407176,69.5666378030234,3.673,15.8624,17.8652,12.1991,16.8971,2.451,13.0589,6.9999,10.9935,49.5997,19.5354,50.4004,28.7452,0.4522,2767697,11253040,ISCO-08,9,,
ITA,Italy,Europe & Central Asia,country,2021,59133173.0,12.6146793829164,63.7233470647178,23.6619735523658,48.443,9.497,29.665,25032297.0,22654980,38.3118,4.05017313104733,26.6394616078035,69.3103608911394,3.6254,15.1971,17.3419,12.9326,16.8852,2.4448,13.2908,7.1595,11.1227,49.097,18.8225,50.903,30.6002,0.451,2929878,11122916,ISCO-08,9,,
ITA,Italy,Europe & Central Asia,country,2022,59013667.0,12.3897806298347,63.6810296805062,23.929189689659,49.034,8.069,23.704,25351560.0,23305943,39.4925,3.78769583793762,26.8707305883439,69.3415735737185,3.7891,15.1912,17.0384,12.8725,17.3708,2.3893,13.365,7.0638,10.92,48.8912,18.9803,51.1089,32.2237,0.4508,3000058,11394555,ISCO-08,9,,
ITA,Italy,Europe & Central Asia,country,2023,58984216.0,12.1444351765721,63.6367816692365,24.2187831541913,49.8,7.627,22.727,25806816.0,23838530,40.4151,3.59437585162293,26.6374968010209,69.7681231887873,3.7388,15.6654,17.728,12.6603,17.4775,2.2982,13.1088,6.6994,10.6236,49.7925,19.4042,50.2075,32.4835,0.4552,3018029,11869800,ISCO-08,9,,
ITA,Italy,Europe & Central Asia,country,2024,58952704.0,11.892304596608,63.4829186800159,24.624776723376,49.588,6.5,20.246,25756934.0,24082733,40.8509,3.42591242403986,26.6836054797934,69.890477971121,3.9709,16.0251,17.8315,12.2201,17.5509,2.1601,13.3582,6.347,10.5362,50.0476,19.996,49.9524,31.3907,0.4557,2942934,12052830,ISCO-08,9,,
ITA,Italy,Europe & Central Asia,country,2025,58915656.0,11.6571656432714,63.2446962834167,25.0981380733118,49.302,6.391,20.545,25660587.0,24020619,40.7712,3.34721738534004,26.4260250626201,70.2267616989263,4.0293,16.1756,17.5296,11.9499,17.7881,2.2444,13.3429,6.2792,10.661,49.6844,20.2049,50.3156,,0.4538,2870440,11934500,ISCO-08,9,,
JAM,Jamaica,Latin America & Caribbean,country,2013,2783687.0,24.687437919565,69.0354914183958,6.27707066203923,61.843,9.698,27.228,1296517.0,1170781,42.0586,18.2208286605266,15.2488808752448,66.5302904642286,6.6987,8.9719,6.3086,8.9979,20.1503,17.942,12.4709,5.65,12.8096,30.9771,15.6706,69.0228,34.3385,0.3444,105346,362674,ISCO-08,9,,
JAM,Jamaica,Latin America & Caribbean,country,2014,2793749.0,24.0140578126381,69.6493851093996,6.33655707796227,62.549,9.046,26.348,1327826.0,1207711,43.229,18.4513819140207,14.9626275866123,66.585990499367,6.4701,9.2084,6.4033,9.2242,19.9231,17.9132,12.0846,5.5074,13.2657,31.306,15.6785,68.694,34.9555,0.3462,111402,378086,ISCO-08,9,,
JAM,Jamaica,Latin America & Caribbean,country,2015,2802534.0,23.4044618191965,70.1916016005515,6.40393658025201,65.496,8.825,25.777,1405947.0,1281872,45.7397,17.7449074478575,14.9326921876755,67.3223223535579,,,,,,,,,,,,,,,,,,0,,
JAM,Jamaica,Latin America & Caribbean,country,2016,2809915.0,22.8352637001475,70.6496459857327,6.51509031411982,64.922,8.634,24.661,1407680.0,1286141,45.7715,16.7224670562586,15.7070191862111,67.5705137575303,,,,,,,,,,,,,,,,,,0,,
JAM,Jamaica,Latin America & Caribbean,country,2017,2815764.0,22.2674418501412,71.0921922242404,6.6403659256184,65.674,7.399,21.686,1437450.0,1331093,47.2729,16.7607997632023,15.7249600704383,67.514165040185,7.1511,8.9463,5.6346,7.0301,22.6218,16.5757,12.6793,5.6496,13.7113,28.7621,16.0974,71.2377,,0.3347,93577,382850,ISCO-88,9,,
JAM,Jamaica,Latin America & Caribbean,country,2018,2820097.0,21.6937712259948,71.5255766866216,6.7806520873835,65.484,5.47,18.064,1446091.0,1366990,48.4732,16.2611064537037,16.123944585142,67.6150221141509,,,,,,,,,,,,,,,,,,0,,
JAM,Jamaica,Latin America & Caribbean,country,2019,2823271.0,21.1277982170327,71.9239669163888,6.94823486657852,66.967,4.987,15.96,1491205.0,1416839,50.1843,15.2306387135388,16.1879749980238,68.5813862884374,,,,,,,,,,,,,,,,,,0,,
JAM,Jamaica,Latin America & Caribbean,country,2020,2830739.0,20.5671381218827,72.2937367238732,7.13912515424417,64.834,6.501,20.087,1457816.0,1363043,48.1515,15.9364245096076,15.7842647433203,68.2792373817075,,,,,,,,,,,,,,,,,,0,,
JAM,Jamaica,Latin America & Caribbean,country,2021,2837682.0,20.0480215979136,72.640076062095,7.31190233999129,65.694,5.188,16.837,1490454.0,1413129,49.7987,15.7378858911986,17.0947368421053,67.167306501548,7.9034,8.8305,6.087,8.8207,22.261,15.4284,12.2497,5.4366,12.9829,31.6416,16.7339,68.3586,35.6605,0.352,124648,447137,ISCO-08,9,,
JAM,Jamaica,Latin America & Caribbean,country,2022,2839144.0,19.5798451927764,72.8830415082856,7.53711329893799,67.654,4.083,13.117,1544707.0,1481637,52.186,14.854175496948,17.4486583821755,67.6970986282805,7.9953,8.7596,5.9497,9.8183,22.5999,14.6324,12.5825,5.3102,12.3521,32.5229,16.7549,67.4771,39.064,0.3597,145472,481871,ISCO-08,9,,
JAM,Jamaica,Latin America & Caribbean,country,2023,2839786.0,19.1341178525424,73.0037052087728,7.86217693868482,69.469,3.022,9.992,1595299.0,1547089,54.4791,14.5503141401867,17.2435814566797,68.2061044031337,,,,,,,,,,,,,,,,,,0,,
JAM,Jamaica,Latin America & Caribbean,country,2024,2839175.0,18.7023871371085,73.0880097211338,8.20960314175773,69.443,3.151,10.383,1602871.0,1552365,54.6766,14.2451863924193,17.1354123050561,68.6194013025245,,,,,,,,,,,,,,,,,,0,,
JAM,Jamaica,Latin America & Caribbean,country,2025,2837077.0,18.2849957394537,73.1359294908229,8.57907476972342,69.566,3.286,10.809,1612761.0,1559766,54.9779,13.9407748671765,17.1305898214937,68.9286353113298,,,,,,,,,,,,,,,,,,0,,
JOR,Jordan,"Middle East, North Africa, Afghanistan & Pakistan",country,2013,7991809.0,34.8668117568876,61.6110695338189,3.52211870929348,37.1,12.6,29.536,1931174.0,1687846,21.1197,3.37430073596762,22.5352905419096,74.0904087221227,,,,,,,,,,,,,,,,,,0,,
JOR,Jordan,"Middle East, North Africa, Afghanistan & Pakistan",country,2014,8791710.0,34.9444684285271,61.7054155729991,3.35011599847379,36.4,11.9,27.612,2081895.0,1834149,20.8623,3.40751846904561,21.8688765913366,74.7236049396178,,,,,,,,,,,,,,,,,,0,,
JOR,Jordan,"Middle East, North Africa, Afghanistan & Pakistan",country,2015,9544729.0,34.8092229753197,61.8721966857309,3.31858033894938,37.659,13.075,30.914,2343249.0,2036869,21.3402,3.43812841701753,21.1528113806322,75.4090602023503,,,,,,,,,,,,,,,,,,0,,
JOR,Jordan,"Middle East, North Africa, Afghanistan & Pakistan",country,2016,10006367.0,34.4592615111589,62.1278912780178,3.41284721082323,38.935,15.275,35.61,2553453.0,2163413,21.6204,3.42868342180535,20.5555062503582,76.0157641042139,,,,,,,,,,,,,,,,,,0,,
JOR,Jordan,"Middle East, North Africa, Afghanistan & Pakistan",country,2017,10234226.0,34.1070589998697,62.36793578723,3.52500521290032,40.226,18.12,35.438,2712693.0,2221153,21.7032,3.37515414360984,20.1491754470559,76.4756704093343,0.314,19.3801,5.1216,4.784,30.8878,3.1676,16.9287,8.1589,11.2572,29.5997,19.6941,70.4002,16.5108,0.374,106260,657455,ISCO-08,9,,
JOR,Jordan,"Middle East, North Africa, Afghanistan & Pakistan",country,2018,10462306.0,33.7105175474699,62.6409082280713,3.64857422445874,39.176,18.257,38.941,2717015.0,2220970,21.2283,3.74240874282297,19.6559530584752,76.6016381987018,0.2611,19.1272,4.4261,3.7416,35.8807,3.3969,16.2023,7.1381,9.8261,27.556,19.3883,72.4441,14.0167,0.3718,83100,612010,ISCO-08,9,,
JOR,Jordan,"Middle East, North Africa, Afghanistan & Pakistan",country,2019,10671891.0,33.2825066671639,62.9404777962745,3.77701553656163,39.242,16.801,37.205,2794037.0,2324611,21.7826,3.35614007541066,18.4384013628122,78.2054585617772,0.2792,17.0652,4.002,3.162,41.5269,2.7353,15.2293,6.3991,9.6011,24.5084,17.3444,75.4917,12.423,0.3661,73504,569725,ISCO-08,9,,
JOR,Jordan,"Middle East, North Africa, Afghanistan & Pakistan",country,2020,10865228.0,32.8415074603822,63.259407131604,3.89908540801378,39.947,19.213,42.458,2914902.0,2354862,21.6734,3.3047371778049,17.5743207032939,79.1208996535678,0.3294,16.7016,3.9864,3.1434,42.0155,2.7351,14.3813,5.7627,10.9445,24.1608,17.031,75.8391,12.6794,0.3645,74023,568953,ISCO-08,9,,
JOR,Jordan,"Middle East, North Africa, Afghanistan & Pakistan",country,2021,11066356.0,32.3912858035653,63.6021604582394,4.0065537381953,38.67,19.837,43.862,2893220.0,2319292,20.958,3.27982015294243,18.4126358597234,78.3075439873341,0.2572,18.3174,4.4266,3.5284,38.065,2.4345,15.2951,6.2656,11.4102,26.5296,18.5746,73.4704,12.855,0.3702,81834,615299,ISCO-08,9,,
JOR,Jordan,"Middle East, North Africa, Afghanistan & Pakistan",country,2022,11256263.0,31.8530745126924,64.0048449469933,4.14208054031429,38.555,18.2,42.028,2957476.0,2419215,21.4922,3.30220226732925,18.3247672610421,78.3730304716286,0.2896,17.5462,4.2915,3.6019,39.113,2.2012,15.2177,5.8075,11.9313,25.7292,17.8358,74.2707,13.3389,0.3679,87138,622445,ISCO-08,9,,
JOR,Jordan,"Middle East, North Africa, Afghanistan & Pakistan",country,2023,11439213.0,31.2262289710739,64.4514677516946,4.32230327723143,40.123,16.62,38.837,3156548.0,2631930,23.008,3.27855772336101,16.3691939436539,80.3522103383423,0.2353,16.9218,4.0783,3.6317,40.7758,1.8461,13.7052,5.7394,13.0665,24.8671,17.1571,75.133,12.5453,0.3667,95584,654485,ISCO-08,9,,
JOR,Jordan,"Middle East, North Africa, Afghanistan & Pakistan",country,2024,11552876.0,30.6684370194919,64.808399224574,4.52316375593402,40.006,16.693,39.053,3204396.0,2669486,23.1067,3.20229199655511,16.2719992747605,80.5257087286844,0.2229,18.4493,4.0301,3.5507,37.6062,1.7682,14.2911,6.2031,13.8784,26.253,18.6722,73.747,13.3711,0.3678,94785,700820,ISCO-08,9,,
JOR,Jordan,"Middle East, North Africa, Afghanistan & Pakistan",country,2025,11520684.0,30.196204921678,65.0502016611947,4.75359341712725,40.052,16.535,38.876,3220931.0,2688350,23.335,3.11571927652762,16.1271819929414,80.7571359278194,,,,,,,,,,,,,,,,,,0,,
JPN,Japan,East Asia & Pacific,country,2013,127445000.0,13.0900836212039,61.4978527996995,25.4120635790966,59.245,4.038,6.809,65621150.0,62971368,49.4106,3.88664167379885,25.1886060017838,70.9247554935138,2.3075,16.1747,,19.8649,28.2975,3.5776,10.4372,7.6102,11.7303,38.3471,18.4822,61.6528,26.5947,0.4401,12509199,24147693,ISCO-08,8,,
JPN,Japan,East Asia & Pacific,country,2014,127276000.0,12.9707262695196,60.8030853939639,26.2261883365166,59.443,3.589,6.299,65843453.0,63480331,49.8761,3.81313828581695,25.1255684256487,71.0612932885343,2.2734,16.3884,,19.9029,28.2598,3.482,10.4143,7.5464,11.7329,38.5647,18.6618,61.4354,26.5897,0.4414,12634427,24480999,ISCO-08,8,,
JPN,Japan,East Asia & Pacific,country,2015,127141000.0,12.8443762976365,60.2326202870854,26.9230034152781,59.499,3.385,5.471,65931158.0,63699388,50.1014,3.78330569236643,24.90449732946,71.3122063874196,2.2833,16.8464,,20.0632,27.9715,3.4687,10.1829,7.3736,11.8105,39.1929,19.1297,60.8072,27.7038,0.4444,12780136,24965637,ISCO-08,8,,
JPN,Japan,East Asia & Pacific,country,2016,127076000.0,12.7232492406355,59.7647226208824,27.5120281384821,59.986,3.132,5.12,66529155.0,64445462,50.7141,3.66047703814595,24.594734051284,71.74478891057,2.3083,17.1683,,20.1911,27.9273,3.3404,9.9784,7.2088,11.8775,39.6677,19.4766,60.3324,27.5255,0.4471,13012248,25564033,ISCO-08,8,,
JPN,Japan,East Asia & Pacific,country,2017,126972000.0,12.6078326716887,59.4143459524436,27.9778213758677,60.444,2.822,4.611,67070828.0,65178089,51.3326,3.59733668825534,24.5819062343045,71.8207570774402,2.237,17.389,,20.2129,27.7631,3.3102,9.8768,7.2957,11.9153,39.8389,19.626,60.1611,27.888,0.4479,13174382,25966234,ISCO-08,8,,
JPN,Japan,East Asia & Pacific,country,2018,126811000.0,12.4912219201068,59.1635617451289,28.3452163347643,61.446,2.467,3.668,68187091.0,66504915,52.4441,3.51265896669884,24.4484966180265,72.0388444152747,2.026,17.3893,,20.0869,28.0313,3.3656,9.8558,7.4542,11.7909,39.5022,19.4153,60.4978,27.096,0.4468,13358776,26270905,ISCO-08,8,,
JPN,Japan,East Asia & Pacific,country,2019,126633000.0,12.3665590317386,59.0046702146202,28.6287707536412,62.008,2.351,3.938,68812048.0,67194277,53.0622,3.37543887644299,24.225756536984,72.3988075614519,1.9411,17.8458,,20.0751,27.8282,3.254,9.6551,7.5053,11.8954,39.862,19.7869,60.138,27.7416,0.4485,13489318,26784983,ISCO-08,8,,
JPN,Japan,East Asia & Pacific,country,2020,126261000.0,12.2207528196353,58.861072796091,28.9181743842737,61.947,2.809,4.679,68656452.0,66727892,52.8492,3.25705691945571,23.9319260380391,72.8110170425052,1.9739,18.5472,,20.6629,27.3231,3.1359,9.2094,7.3045,11.843,41.184,20.5211,58.8159,29.1909,0.4556,13787918,27481215,ISCO-08,8,,
JPN,Japan,East Asia & Pacific,country,2021,125681593.0,12.0482644490059,58.7347384818338,29.2169970691602,62.053,2.808,4.707,68592854.0,66666767,53.0442,3.16651807349569,23.6970961960328,73.1363947306635,1.9521,19.1464,,21.0328,26.8191,3.0288,9.123,7.2145,11.6834,42.1313,21.0985,57.8688,30.8093,0.4605,14021888,28087576,ISCO-08,8,,
JPN,Japan,East Asia & Pacific,country,2022,125124989.0,11.8589361787474,58.7384165155584,29.4026473056942,62.502,2.614,4.434,68931266.0,67129403,53.6499,3.09502610392424,23.6221319238424,73.2828315340337,1.9042,19.3464,,21.1792,26.6291,2.9681,9.175,7.2525,11.5455,42.4298,21.2506,57.5702,30.1577,0.4622,14217471,28482871,ISCO-08,8,,
JPN,Japan,East Asia & Pacific,country,2023,124516650.0,11.6492906162775,58.7888993029413,29.5618100807812,62.9,2.6,4.116,69197135.0,67398009,54.1277,3.00513467595088,23.7088479999434,73.2860158386442,1.8771,19.396,,21.1892,26.6045,2.8965,9.286,7.227,11.5237,42.4623,21.2731,57.5377,29.97,0.4624,14281099,28618745,ISCO-08,8,,
JPN,Japan,East Asia & Pacific,country,2024,123975371.0,11.4361015985054,58.7831280041029,29.7807703973917,63.3,2.5,3.93,69501768.0,67764224,54.6594,2.88245007613386,23.3448435188082,73.7727064050579,,,,,,,,,,,,,,,,,,0,,
JPN,Japan,East Asia & Pacific,country,2025,123366734.0,11.2383980634698,58.7675052627879,29.9940966737423,63.448,2.451,3.898,69477012.0,67774130,54.9371,2.81371149789044,23.2286936582183,73.9575933652489,,,,,,,,,,,,,,,,,,0,,
KAZ,Kazakhstan,Europe & Central Asia,country,2013,17556502.0,26.6607664784249,66.8757705834568,6.46346293811831,70.627,5.2,3.923,9093794.0,8620917,49.1038,24.1943279939116,19.8247505994394,55.9809098070275,5.4072,15.9967,11.0723,3.8861,15.2033,10.1512,9.9836,6.3858,21.9137,36.3623,21.4039,63.6376,,0.3575,335017,3134764,ISCO-08,9,,
KAZ,Kazakhstan,Europe & Central Asia,country,2014,17816285.0,27.1689552563848,66.2340633863906,6.59698135722458,70.528,5.06,3.838,9151563.0,8688494,48.7671,21.8961884828685,20.0239741222197,58.0798258854916,,,,,,,,,,,,,,,,,,0,,
KAZ,Kazakhstan,Europe & Central Asia,country,2015,18084169.0,27.6736907291676,65.5648456945962,6.76146357623621,70.429,4.93,3.761,9211841.0,8757697,48.4274,18.0128552002403,20.5616519677938,61.4255042504877,,,,,,,,,,,,,,,,,,0,,
KAZ,Kazakhstan,Europe & Central Asia,country,2016,18363600.0,28.1386337139405,64.9216266124732,6.93973967358632,70.33,4.96,3.806,9280982.0,8820645,48.0333,16.3281046197709,20.2574113814848,63.4144839987443,,,,,,,,,,,,,,,,,,0,,
KAZ,Kazakhstan,Europe & Central Asia,country,2017,18651931.0,28.5323675066137,64.3439384372589,7.12369405612749,70.23,4.9,3.79,9361725.0,8903000,47.7323,15.3632871855099,19.8534671072081,64.7832457072819,,,,,,,,,,,,,,,,,,0,,
KAZ,Kazakhstan,Europe & Central Asia,country,2018,18932727.0,28.8100897670497,63.8881462741249,7.30176395882548,70.13,4.85,3.776,9452255.0,8993821,47.5041,14.3163639032135,19.9097713763451,65.7738758391874,,,,,,,,,,,,,,,,,,0,,
KAZ,Kazakhstan,Europe & Central Asia,country,2019,19209555.0,29.0136809520054,63.5059401428091,7.48037890518547,70.08,4.8,3.766,9556218.0,9097520,47.3593,13.7617849437852,19.75564986454,66.4825761836826,,,,,,,,,,,,,,,,,,0,,
KAZ,Kazakhstan,Europe & Central Asia,country,2020,19482117.0,29.2105318944548,63.1406766523371,7.64879145320809,69.2,4.89,3.775,9543571.0,9076890,46.5909,13.457537388077,19.6985179176438,66.843922660303,,,,,,,,,,,,,,,,,,0,,
KAZ,Kazakhstan,Europe & Central Asia,country,2021,19743603.0,29.4821416334192,62.7412281334871,7.77663023309373,69.36,5.568,4.216,9656830.0,9119138,46.1878,12.8283435948531,19.8939334690326,67.2777229361142,,,,,,,,,,,,,,,,,,0,,
KAZ,Kazakhstan,Europe & Central Asia,country,2022,20034609.0,29.6265252793304,62.388058084887,7.98541663578261,70.196,4.86,3.822,9896969.0,9415976,46.9986,12.3601974435315,19.8411887563645,67.7986244203723,,,,,,,,,,,,,,,,,,0,,
KAZ,Kazakhstan,Europe & Central Asia,country,2023,20330104.0,29.5390864699954,62.1527464886554,8.30816704134912,70.401,4.835,3.814,10084786.0,9597187,47.2068,12.0248423569605,19.8082307083233,68.1669269347162,,,,,,,,,,,,,,,,,,0,,
KAZ,Kazakhstan,Europe & Central Asia,country,2024,20592571.0,29.3732798104715,61.9734854865864,8.65323470294214,70.587,4.833,3.816,10266072.0,9769913,47.4439,11.6472432672662,19.8449690002484,68.5077877324854,,,,,,,,,,,,,,,,,,0,,
KAZ,Kazakhstan,Europe & Central Asia,country,2025,20843754.0,29.1373946090183,61.8599038863176,9.00270150466414,67.77,4.771,3.806,10009918.0,9532345,45.7324,11.3195866944431,19.8858556753982,68.7945576301588,,,,,,,,,,,,,,,,,,0,,
KEN,Kenya,Sub-Saharan Africa,country,2013,44986791.0,42.8390273807152,54.906817591266,2.25415502801872,74.057,2.762,7.183,19043674.0,18517688,41.1625,53.8949569687129,10.0024177034431,36.1026199275683,,,,,,,,,,,,,,,,,,0,,
KEN,Kenya,Sub-Saharan Africa,country,2014,46051440.0,42.4434095606629,55.2115563029999,2.34503413633717,74.173,2.767,7.253,19660028.0,19116035,41.5102,53.1394976084014,10.2180969700698,36.6424106527257,,,,,,,,,,,,,,,,,,0,,
KEN,Kenya,Sub-Saharan Africa,country,2015,47088526.0,41.9989362164362,55.557898541993,2.44316524157074,74.289,2.762,7.299,20289697.0,19729296,41.8983,52.5056917704688,10.4333632278631,37.0609551388433,,,,,,,,,,,,,,,,,,0,,
KEN,Kenya,Sub-Saharan Africa,country,2016,48139687.0,41.5236216637636,55.979618230588,2.49676010564838,74.405,2.757,7.333,20945264.0,20367803,42.3098,51.8686819490656,10.6147036169583,37.5166095242734,,,,,,,,,,,,,,,,,,0,,
KEN,Kenya,Sub-Saharan Africa,country,2017,49197766.0,41.0136025385137,56.4460280213336,2.54036944015272,72.306,3.542,9.097,20983194.0,20239969,41.14,51.2925547917114,10.7925013575922,37.9149339692134,,,,,,,,,,,,,,,,,,0,,
KEN,Kenya,Sub-Saharan Africa,country,2018,50207107.0,40.4529458304285,56.9033995834156,2.64365458615595,70.103,4.284,10.818,20958591.0,20060725,39.9559,50.3952893581909,11.1485781023429,38.4561325394663,,,,,,,,,,,,,,,,,,0,,
KEN,Kenya,Sub-Saharan Africa,country,2019,51202827.0,39.868889076487,57.3842176977434,2.74689322576961,67.803,5.014,12.547,20875750.0,19829040,38.7265,49.7343373997981,11.3725136981766,38.8931489020253,5.1429,6.5719,2.1433,1.69,10.0328,27.7081,6.1658,5.1792,35.366,15.5481,11.7148,84.4519,7.8357,0.2202,335111,3083039,ISCO-08,9,,
KEN,Kenya,Sub-Saharan Africa,country,2020,52217334.0,39.2841689244817,57.9266087955257,2.78922227999252,67.081,5.613,13.619,21267487.0,20073743,38.4427,51.2114910190421,11.2947422631828,37.493766717775,,,,,,,,,,,,,,,,,,0,,
KEN,Kenya,Sub-Saharan Africa,country,2021,53219166.0,38.6874677694824,58.4939282822839,2.81860394823365,67.462,5.693,12.232,22012863.0,20759671,39.0079,51.2354676158147,11.3479405019444,37.4165918822409,8.8541,3.4556,5.6886,0.9228,8.2032,36.4852,5.1447,4.5638,26.682,18.9211,12.3097,81.0789,8.8728,0.2218,191570,3927958,ISCO-08,9,,
KEN,Kenya,Sub-Saharan Africa,country,2022,54252461.0,38.0712456350252,59.0648344880137,2.86391987696116,67.503,5.565,15.488,22679572.0,21417454,39.4774,47.8270916176174,11.9547126792489,40.2182050412647,,,,,,,,,,,,,,,,,,0,,
KEN,Kenya,Sub-Saharan Africa,country,2023,55339003.0,37.4471305296838,59.6395616274435,2.91330784287267,67.463,5.409,15.164,23353083.0,22089915,39.9174,47.1556460778454,12.1595903826143,40.6847771202981,,,,,,,,,,,,,,,,,,0,,
KEN,Kenya,Sub-Saharan Africa,country,2024,56432944.0,36.8360577038471,60.1977733059809,2.96616899017204,67.418,5.487,15.477,24031329.0,22712730,40.2473,46.5026257021267,12.3148058216735,41.1825728790071,,,,,,,,,,,,,,,,,,0,,
KEN,Kenya,Sub-Saharan Africa,country,2025,57532493.0,36.2577929332716,60.7212559059561,3.02095116077232,67.385,5.449,15.246,24711751.0,23365208,40.6122,45.7884267176803,12.4784728361742,41.7331004461455,,,,,,,,,,,,,,,,,,0,,
KGZ,Kyrgyz Republic,Europe & Central Asia,country,2013,5777150.0,31.1331442047184,64.2367351156088,4.6301206796728,58.5,3.881,7.654,2327447.0,2237119,38.7236,23.1706496788957,23.5250961174818,53.3042542036225,1.1603,9.3934,7.3939,1.434,17.3924,25.5469,17.5092,10.3858,9.7841,19.3816,10.5537,80.6184,9.075,0.2682,32080,433589,ISCO-08,9,,
KGZ,Kyrgyz Republic,Europe & Central Asia,country,2014,5905848.0,31.4732696321384,63.7320257066441,4.79470466121749,59.18,4.02,8.129,2395065.0,2298783,38.9238,24.0687553030422,23.4612248524731,52.4700198444848,0.9635,9.1901,8.0856,1.4943,17.1679,25.577,17.9973,10.602,8.9224,19.7335,10.1536,80.2666,7.6733,0.2698,34351,453630,ISCO-08,9,,
KGZ,Kyrgyz Republic,Europe & Central Asia,country,2015,6040036.0,31.8024079780309,63.2310498606937,4.96654216127541,59.511,4.138,8.508,2451353.0,2349916,38.9057,22.5052332074851,23.761931027867,53.7328357646478,0.9072,9.6813,7.9175,1.7,17.0528,24.0518,19.0936,10.7418,8.854,20.206,10.5885,79.794,8.995,0.2738,39949,474824,ISCO-08,9,,
KGZ,Kyrgyz Republic,Europe & Central Asia,country,2016,6175338.0,32.0526453346722,62.8678023099597,5.07955235536804,59.215,4.294,8.925,2484649.0,2377958,38.5073,20.6950983201358,24.799996939054,54.5049047408101,1.1249,10.3197,7.7453,1.8486,16.4171,25.6223,19.2069,8.4597,9.2555,21.0385,11.4446,78.9615,8.6807,0.2753,43959,500287,ISCO-08,9,,
KGZ,Kyrgyz Republic,Europe & Central Asia,country,2017,6306696.0,32.180287628135,62.7005347701048,5.11917760176021,56.868,4.425,9.3,2432348.0,2324717,36.8611,20.349770609691,24.7821784294167,54.8680509608922,1.712,8.7702,7.9713,1.749,15.4552,13.2063,12.7654,11.0237,27.3468,20.2025,10.4822,79.7974,9.0748,0.2716,40659,469651,ISCO-08,9,,
KGZ,Kyrgyz Republic,Europe & Central Asia,country,2018,6444079.0,32.3299691629984,62.5187488212999,5.1512820157017,58.46,4.559,9.559,2549272.0,2433051,37.7564,19.9967173788479,24.7584809399155,55.2448016812366,1.6194,9.439,7.883,2.0108,16.5372,13.4128,13.8044,10.2672,25.0261,20.9522,11.0584,79.0477,10.7462,0.2788,48924,509778,ISCO-08,9,,
KGZ,Kyrgyz Republic,Europe & Central Asia,country,2019,6590211.0,32.6091328426779,62.2170191568108,5.17384800051124,58.869,5.45,12.821,2614491.0,2472001,37.5102,16.356757524542,27.2048980081111,56.438344467347,2.2664,9.2798,7.364,2.0908,18.3235,16.1678,17.3981,10.8332,16.2764,21.001,11.5462,78.999,11.2128,0.283,51685,519145,ISCO-08,9,,
KGZ,Kyrgyz Republic,Europe & Central Asia,country,2020,6726596.0,32.8749645771971,61.9762836597283,5.14875176307459,57.31,5.945,11.862,2587678.0,2433841,36.1824,17.671644415543,26.0134103938847,56.3149037185476,2.2123,12.0169,5.6631,2.0817,20.1698,16.564,16.252,10.2405,14.7996,21.974,14.2292,78.0259,11.3556,0.2935,50665,534812,ISCO-08,9,,
KGZ,Kyrgyz Republic,Europe & Central Asia,country,2021,6851224.0,33.0073762420041,61.8818679657153,5.11075579228056,59.025,5.149,11.649,2709138.0,2569644,37.5063,16.8140070793762,27.2032945876586,55.9826983329652,2.0842,12.3761,5.6285,2.2289,19.637,15.7776,17.6404,11.1182,13.5091,22.3177,14.4603,77.6823,13.0853,0.296,57275,573485,ISCO-08,9,,
KGZ,Kyrgyz Republic,Europe & Central Asia,country,2022,6975220.0,32.9220930827679,61.8785463271739,5.19936059005824,59.182,4.767,10.914,2769026.0,2637027,37.8056,17.0122098692006,26.5365391021556,56.4512510286438,2.3519,12.2429,6.2776,1.9625,19.4364,16.1828,17.2822,11.2235,13.0403,22.8349,14.5948,77.1652,14.0393,0.297,51752,602162,ISCO-08,9,,
KGZ,Kyrgyz Republic,Europe & Central Asia,country,2023,7099750.0,32.6716750673693,61.9012922216683,5.42703271096246,56.921,3.498,8.451,2720905.0,2625728,36.9834,16.7709655704674,26.0018677091588,57.2271667203738,2.4215,12.6429,6.2211,2.1121,19.9342,16.052,17.4307,11.2087,11.9768,23.3976,15.0644,76.6024,16.1693,0.3016,55458,614357,ISCO-08,9,,
KGZ,Kyrgyz Republic,Europe & Central Asia,country,2024,7221868.0,32.3415612198649,61.976494880538,5.68194389959712,57.475,3.491,8.42,2808345.0,2710306,37.5292,16.0073167575328,26.489206002767,57.5034772397002,,,,,,,,,,,,,,,,,,0,,
KGZ,Kyrgyz Republic,Europe & Central Asia,country,2025,7343064.0,31.9082109892695,62.1262174976691,5.96557151306138,57.366,3.526,8.228,2868314.0,2767177,37.6842,15.4453856526596,26.8235732341191,57.7310774891991,,,,,,,,,,,,,,,,,,0,,
KHM,Cambodia,East Asia & Pacific,country,2013,15170208.0,32.2070545178766,63.5353273842827,4.25761809784078,80.219,0.438,0.757,8249987.0,8213852,54.1446,49.5226832007277,19.282656377681,31.1946604215913,1.0016,2.8923,0.9694,2.9206,16.9161,40.9514,16.1331,3.5542,14.6614,7.7839,3.8939,92.2162,5.1057,0.1967,239894,639358,ISCO-08,9,,
KHM,Cambodia,East Asia & Pacific,country,2014,15396772.0,32.0491766731746,63.5438832095417,4.40694011728368,80.293,0.692,1.056,8400442.0,8342311,54.1822,45.9960169105092,23.7681167759175,30.2358663135732,0.9309,2.5817,1.1553,3.8144,15.3885,38.9468,20.0475,3.8314,13.3035,8.4823,3.5126,91.5177,6.1242,0.2007,318209,707620,ISCO-08,9,,
KHM,Cambodia,East Asia & Pacific,country,2015,15623251.0,31.9296390978305,63.5016253499872,4.56873555218231,79.603,0.393,0.744,8465622.0,8432352,53.9731,42.4684239936853,24.9213861091188,32.6102017562834,0.9616,3.1556,1.3203,3.5751,16.1748,34.9929,23.1707,3.8211,12.8277,9.0126,4.1172,90.9872,7.5522,0.2076,301465,759974,ISCO-08,9,,
KHM,Cambodia,East Asia & Pacific,country,2016,15852803.0,31.8263748057678,63.4382071107551,4.7354180834771,81.735,0.716,1.137,8833454.0,8770206,55.3227,37.5402628887708,25.7634256473618,36.696322866151,0.9132,3.4479,0.9808,4.5824,18.8136,32.2539,22.4903,4.734,11.7838,9.9243,4.3611,90.0756,7.8733,0.2222,401886,870382,ISCO-08,9,,
KHM,Cambodia,East Asia & Pacific,country,2017,16073372.0,31.7040309990949,63.387132974116,4.90883602678903,81.409,0.141,0.382,8936644.0,8924043,55.5207,38.206389128721,25.4909057699602,36.3027275126302,0.7789,3.4107,1.4031,4.78,18.0125,32.0804,23.4519,4.0681,12.0145,10.3727,4.1896,89.6274,9.1036,0.2231,426569,925664,ISCO-08,9,,
KHM,Cambodia,East Asia & Pacific,country,2018,16274522.0,31.5280544500187,63.3798695709733,5.09207597900805,81.911,0.129,0.38,9127738.0,9115963,56.0137,38.999256028288,25.0168550948899,35.9839108164185,,,,,,,,,,,,,,,,,,0,,
KHM,Cambodia,East Asia & Pacific,country,2019,16481304.0,31.3236501189469,63.4032719741108,5.27307790694231,82.422,0.119,0.378,9329147.0,9318045,56.5371,39.8680962570644,24.4731410912226,35.658762651713,1.4842,3.792,3.3749,1.4364,19.5564,35.8174,20.9354,4.5816,9.0217,10.0875,5.2762,89.9125,10.1784,0.2154,133844,939958,ISCO-08,9,,
KHM,Cambodia,East Asia & Pacific,country,2020,16725474.0,31.0778017734446,63.483461320243,5.4387369063124,82.238,0.172,0.474,9480039.0,9463733,56.5827,36.8999777254893,25.1450484861575,37.9549737883533,1.2065,3.7428,2.1739,3.4833,18.6532,32.119,22.2304,4.5102,11.8807,10.6065,4.9493,89.3935,9.9042,0.2226,329650,1003771,ISCO-08,9,,
KHM,Cambodia,East Asia & Pacific,country,2021,16974305.0,30.7812858676309,63.6239992263601,5.59471490600897,79.51,0.396,0.83,9341945.0,9304951,54.8179,37.1315873016896,26.4143976143543,36.4540258308825,1.0124,2.9388,2.0393,3.3342,19.7266,32.1237,23.3418,4.0806,11.4024,9.3247,3.9512,90.6751,8.1741,0.2179,310246,867659,ISCO-08,9,,
KHM,Cambodia,East Asia & Pacific,country,2022,17201724.0,30.4544163844978,63.7786295076769,5.7669541078253,82.338,0.245,0.687,9850128.0,9825995,57.1222,36.1906415430912,27.0439382363786,36.765430397567,,,,,,,,,,,,,,,,,,0,,
KHM,Cambodia,East Asia & Pacific,country,2023,17423880.0,30.1105571746776,63.9282563950091,5.96118643031327,82.348,0.256,0.703,10027889.0,10002218,57.4052,35.304617697339,27.5630254285235,37.1323568741375,1.438,3.4806,2.7201,2.5852,21.3322,28.9949,23.2455,4.3149,11.8886,10.2239,4.9186,89.7761,11.0428,0.2259,258577,1022617,ISCO-08,9,,
KHM,Cambodia,East Asia & Pacific,country,2024,17638801.0,29.7931455146284,64.0431502130771,6.16370427229448,82.373,0.254,0.704,10200782.0,10174872,57.6846,34.1649557689114,28.4335285509441,37.4015058521057,,,,,,,,,,,,,,,,,,0,,
KHM,Cambodia,East Asia & Pacific,country,2025,17847982.0,29.4972991763802,64.12560434355,6.37709648006975,82.392,0.263,0.711,10367640.0,10340373,57.9358,33.4047460215625,28.8737555324444,37.7214984459931,,,,,,,,,,,,,,,,,,0,,
KIR,Kiribati,East Asia & Pacific,country,2013,113838.0,35.7409839377715,60.6490774210834,3.60993864114513,,,,,,,,,,,,,,,,,,,,,,,,,,,0,,
KIR,Kiribati,East Asia & Pacific,country,2014,115326.0,35.4311454869436,60.9300551044209,3.63879940863548,,,,,,,,,,,,,,,,,,,,,,,,,,,0,,
KIR,Kiribati,East Asia & Pacific,country,2015,116815.0,35.166716603176,61.1492530924967,3.68403030432735,,,,,27825,23.8197,,,,2.7709,14.4403,6.0377,2.8068,19.4645,9.4196,19.2201,6.7385,19.1015,26.0557,17.2112,73.9442,15.7723,0.3172,781,7250,ISCO-08,9,,
KIR,Kiribati,East Asia & Pacific,country,2016,118478.0,35.0187376559361,61.2425935616739,3.73866878238998,,,,,,,,,,,,,,,,,,,,,,,,,,,0,,
KIR,Kiribati,East Asia & Pacific,country,2017,120275.0,34.9991062112085,61.2079035872109,3.79299020158055,,,,,,,,,,,,,,,,,,,,,,,,,,,0,,
KIR,Kiribati,East Asia & Pacific,country,2018,122084.0,35.0608395073863,61.093841510114,3.84531898249968,,,,,,,,,,,,,,,,,,,,,,,,,,,0,,
KIR,Kiribati,East Asia & Pacific,country,2019,123921.0,35.1362365387486,60.9709450817258,3.89281837952558,,,,,25248,20.3743,,,,5.5767,14.4447,7.3907,3.3745,26.6318,6.0044,8.4125,6.6857,21.4789,30.7866,20.0214,69.2133,24.5351,0.3547,852,7773,ISCO-08,9,,
KIR,Kiribati,East Asia & Pacific,country,2020,126099.0,35.1798983338488,60.8898563826834,3.93024528346775,,,,,30992,24.5775,,,,4.8755,13.0647,6.037,4.598,15.8912,4.4624,15.7976,3.5622,31.7114,28.5752,17.9402,71.4248,18.8225,0.3221,1425,8856,ISCO-08,9,,
KIR,Kiribati,East Asia & Pacific,country,2021,128377.0,35.165956518691,60.8765588851586,3.9574845961504,,,,,,,,,,,,,,,,,,,,,,,,,,,0,,
KIR,Kiribati,East Asia & Pacific,country,2022,130469.0,35.0797318893066,60.9047394581834,4.01552865250999,,,,,,,,,,,,,,,,,,,,,,,,,,,0,,
KIR,Kiribati,East Asia & Pacific,country,2023,132530.0,34.9289408853056,60.9527618170912,4.11829729760319,,,,,41243,31.1197,,,,4.3862,10.3169,4.4686,3.3315,20.2531,7.2109,21.7297,3.4721,24.8309,22.5032,14.7031,77.4967,7.335,0.2977,1374,9281,ISCO-08,9,,
KIR,Kiribati,East Asia & Pacific,country,2024,134518.0,34.6938699653578,61.0695222944141,4.23660774022807,,,,,,,,,,,,,,,,,,,,,,,,,,,0,,
KIR,Kiribati,East Asia & Pacific,country,2025,136488.0,34.3644336336028,61.2604724940197,4.37509387237753,,,,,,,,,,,,,,,,,,,,,,,,,,,0,,
KNA,St. Kitts and Nevis,Latin America & Caribbean,country,2013,47069.0,21.7096177951518,70.8884828655803,7.40189933926788,,,,,,,,,,,,,,,,,,,,,,,,,,,0,,
KNA,St. Kitts and Nevis,Latin America & Caribbean,country,2014,47089.0,21.1493130030368,71.3701713776041,7.48051561935909,,,,,,,,,,,,,,,,,,,,,,,,,,,0,,
KNA,St. Kitts and Nevis,Latin America & Caribbean,country,2015,47087.0,20.6296787894877,71.749402707725,7.62091850278736,,,,,,,,,,,,,,,,,,,,,,,,,,,0,,
KNA,St. Kitts and Nevis,Latin America & Caribbean,country,2016,47075.0,20.2062687867104,71.9476574366164,7.84607377667314,,,,,,,,,,,,,,,,,,,,,,,,,,,0,,
KNA,St. Kitts and Nevis,Latin America & Caribbean,country,2017,47050.0,19.8648260911149,71.9832945452227,8.15187936366245,,,,,,,,,,,,,,,,,,,,,,,,,,,0,,
KNA,St. Kitts and Nevis,Latin America & Caribbean,country,2018,47008.0,19.5709286618378,71.900826446281,8.52824489188126,,,,,,,,,,,,,,,,,,,,,,,,,,,0,,
KNA,St. Kitts and Nevis,Latin America & Caribbean,country,2019,46952.0,19.3167417441402,71.7272078634335,8.95605039242623,,,,,,,,,,,,,,,,,,,,,,,,,,,0,,
KNA,St. Kitts and Nevis,Latin America & Caribbean,country,2020,46870.0,19.0655003200341,71.4988265414977,9.43567313846811,,,,,,,,,,,,,,,,,,,,,,,,,,,0,,
KNA,St. Kitts and Nevis,Latin America & Caribbean,country,2021,46763.0,18.8172272950837,71.3170669118748,9.86570579304151,,,,,,,,,,,,,,,,,,,,,,,,,,,0,,
KNA,St. Kitts and Nevis,Latin America & Caribbean,country,2022,46709.0,18.5797321743971,71.1846626489258,10.2356051766771,,,,,,,,,,,,,,,,,,,,,,,,,,,0,,
KNA,St. Kitts and Nevis,Latin America & Caribbean,country,2023,46758.0,18.3348304033534,70.968604303007,10.6965652936396,,,,,,,,,,,,,,,,,,,,,,,,,,,0,,
KNA,St. Kitts and Nevis,Latin America & Caribbean,country,2024,46843.0,18.1894840210917,70.5847191682855,11.2257968106227,,,,,,,,,,,,,,,,,,,,,,,,,,,0,,
KNA,St. Kitts and Nevis,Latin America & Caribbean,country,2025,46922.0,18.3359440768091,69.9434161311978,11.720639791993,,,,,,,,,,,,,,,,,,,,,,,,,,,0,,
KOR,"Korea, Rep.",East Asia & Pacific,country,2013,50428893.0,14.6611848821691,73.2416718608572,12.0971432569738,61.4,3.067,8.943,26423747.0,25613331,50.791,5.60311808222985,25.5708663166637,68.8260077369321,1.6101,19.5596,16.8619,10.4341,12.1542,5.7814,8.8874,11.9382,12.7732,48.4657,21.1697,51.5344,61.7121,0.4363,2672521,12413680,ISCO-08,9,,
KOR,"Korea, Rep.",East Asia & Pacific,country,2014,50746659.0,14.1995085365218,73.275082277705,12.5254091857732,62.277,3.082,8.594,27115956.0,26280242,51.7871,5.22810861880708,25.7596227490958,69.0122724528392,1.5549,19.7363,16.8767,10.7177,12.1643,5.3945,8.8241,11.9505,12.7809,48.8856,21.2912,51.1143,61.5307,0.4394,2816637,12847254,ISCO-08,9,,
KOR,"Korea, Rep.",East Asia & Pacific,country,2015,51014947.0,13.7638350874668,73.2814791976092,12.954685714924,62.58,3.546,9.899,27531028.0,26554778,52.0529,5.10890997480803,25.425734333697,69.465359459589,1.3682,19.7971,17.0076,10.7474,11.9519,4.7492,9.072,12.1485,13.1581,48.9203,21.1653,51.0797,60.4449,0.4398,2853948,12990677,ISCO-08,9,,
KOR,"Korea, Rep.",East Asia & Pacific,country,2016,51217803.0,13.3553842297333,73.2815119171004,13.3631038531662,62.626,3.65,10.145,27791833.0,26777431,52.2815,4.81840662000926,25.220937987769,69.9606553922218,1.2677,20.0142,17.2772,10.9369,11.819,4.4906,9.0741,12.0604,13.0599,49.496,21.2819,50.504,62.6564,0.4431,2928621,13253757,ISCO-08,9,,
KOR,"Korea, Rep.",East Asia & Pacific,country,2017,51361911.0,13.0157834990204,73.1104702951829,13.8737462057967,62.91,3.653,9.781,28106147.0,27079429,52.7228,4.78443073470189,25.3081275260246,69.9074527909621,1.1693,20.2952,17.4593,11.0223,11.5666,4.4825,8.9211,11.8168,13.2669,49.9461,21.4645,50.0539,60.5333,0.4451,2984776,13525119,ISCO-08,9,,
KOR,"Korea, Rep.",East Asia & Pacific,country,2018,51585058.0,12.7122160201177,72.8334079576546,14.4543760222277,62.757,3.824,10.12,28257879.0,27177298,52.6844,4.99652179806757,25.2020117481848,69.801462778167,1.3818,20.4556,17.7669,11.0675,11.3222,4.7188,8.7493,11.5004,13.0375,50.6718,21.8374,49.3282,59.4078,0.4479,3007847,13771226,ISCO-08,9,,
KOR,"Korea, Rep.",East Asia & Pacific,country,2019,51764822.0,12.4104062587422,72.5261052970989,15.0634884441589,62.994,3.746,9.827,28561856.0,27491929,53.1093,5.14298764562853,24.578098325109,70.2789176664635,1.5054,20.4812,17.5141,11.487,11.173,4.9103,8.7459,11.1149,13.0683,50.9877,21.9866,49.0124,57.8678,0.4497,3157998,14017502,ISCO-08,9,,
KOR,"Korea, Rep.",East Asia & Pacific,country,2020,51836239.0,12.1146595856263,72.0631744683847,15.822165945989,62.274,3.931,10.143,28369827.0,27254609,52.5783,5.37120678440121,24.6462264496937,69.9825667659051,1.4696,20.3725,17.433,11.3228,10.7675,5.1388,8.6841,10.9669,13.8448,50.5979,21.8421,49.4021,56.9749,0.4462,3085985,13790260,ISCO-08,9,,
KOR,"Korea, Rep.",East Asia & Pacific,country,2021,51769539.0,11.799988611027,71.5403701724822,16.6596412164908,62.55,3.639,8.055,28560792.0,27521465,53.1615,5.34699533496314,24.6038800147514,70.0491246502855,1.4422,20.4819,17.4167,11.2684,10.1407,5.117,8.8204,10.873,14.4398,50.6092,21.9241,49.3909,56.1343,0.4448,3101229,13928393,ISCO-08,9,,
KOR,"Korea, Rep.",East Asia & Pacific,country,2022,51672569.0,11.4142590399463,71.1010946234232,17.4846463366305,63.794,2.857,6.638,29201402.0,28367118,54.8978,5.43180170278522,24.4572753776052,70.1109264373538,1.5537,20.9346,17.2969,11.6388,9.5444,5.2079,8.5536,10.8173,14.4527,51.424,22.4883,48.5759,59.8862,0.4485,3301592,14587507,ISCO-08,9,,
KOR,"Korea, Rep.",East Asia & Pacific,country,2023,51712619.0,10.970817085997,70.6941593301433,18.3350235838597,64.266,2.675,5.405,29587631.0,28796162,55.685,5.32432842202518,23.9914232241802,70.684251824038,1.6723,21.695,17.4807,12.1942,9.222,5.2123,8.134,10.5157,13.8737,53.0422,23.3673,46.9577,64.6316,0.4573,3511462,15274118,ISCO-08,9,,
KOR,"Korea, Rep.",East Asia & Pacific,country,2024,51751065.0,10.568126821068,70.1583600473263,19.2735131316057,64.465,2.784,6.434,29835657.0,29005032,56.0472,5.19680870662354,23.6590890618115,71.1441056814925,1.5403,22.353,17.6796,12.3383,8.7918,5.0741,7.9134,10.3875,13.9218,53.9112,23.8933,46.0886,62.7032,0.4615,3578728,15636961,ISCO-08,9,,
KOR,"Korea, Rep.",East Asia & Pacific,country,2025,51684564.0,10.2044670479846,69.465114111118,20.3304188408974,64.351,2.683,6.695,29865575.0,29064282,56.234,5.10382768921025,23.3828172443507,71.5133653919359,1.443,23.1057,17.9441,12.5265,8.6761,4.7098,7.7534,10.2253,13.6161,55.0193,24.5487,44.9807,64.1018,0.4679,3640737,15990965,ISCO-08,9,,
KWT,Kuwait,"Middle East, North Africa, Afghanistan & Pakistan",country,2013,3507844.0,21.9898903740465,75.9383803730373,2.07172925291626,71.329,2.465,13.635,1951899.0,1903785,54.2722,2.31095030306469,24.8102792481453,72.8787179200292,,,,,,,,,,,,,,,,,,0,,
KWT,Kuwait,"Middle East, North Africa, Afghanistan & Pakistan",country,2014,3665876.0,21.9356063643997,75.8466988891271,2.21769474647318,71.845,2.9,15.464,2056020.0,1996395,54.4589,2.26534444766701,24.7288915070121,73.0057640453209,,,,,,,,,,,,,,,,,,0,,
KWT,Kuwait,"Middle East, North Africa, Afghanistan & Pakistan",country,2015,3834574.0,21.8071986259321,75.7839316888402,2.40886968522768,72.324,2.2,16.18,2168535.0,2120827,55.308,2.1986488786787,24.8923379717714,72.909060302524,6.2441,11.7223,7.5047,3.3329,9.0497,0.2209,18.0396,11.434,32.4518,28.804,17.9664,71.196,,0.3097,70685,610883,ISCO-08,9,,
KWT,Kuwait,"Middle East, North Africa, Afghanistan & Pakistan",country,2016,4004096.0,21.6090351303743,75.7525216840981,2.63844318552757,72.704,2.16,15.143,2282070.0,2232777,55.7623,2.14936879171515,25.041093706191,72.8095375020939,4.707,10.452,7.4915,4.2551,8.7312,2.4396,23.6674,10.7667,27.4896,26.9056,15.159,73.0945,,0.302,95007,600742,ISCO-08,9,,
KWT,Kuwait,"Middle East, North Africa, Afghanistan & Pakistan",country,2017,4154812.0,21.3840665879684,75.6988166008755,2.91711681115618,73.388,2.23,15.255,2397105.0,2343650,56.4081,2.10900463822288,25.1133527054878,72.7776426562893,,,,,,,,,,,,,,,,,,0,,
KWT,Kuwait,"Middle East, North Africa, Afghanistan & Pakistan",country,2018,4323515.0,21.0766441823686,75.6801466442691,3.24320917336232,73.568,2.202,15.224,2510334.0,2455056,56.7838,2.09367973408935,24.9283491380715,72.9779711278391,,,,,,,,,,,,,,,,,,0,,
KWT,Kuwait,"Middle East, North Africa, Afghanistan & Pakistan",country,2019,4442316.0,20.7775843172973,75.6188018374256,3.60361384527711,73.328,2.213,15.223,2580640.0,2523530,56.8066,2.03916813289584,25.5314090066099,72.4294228604942,,,,,,,,,,,,,,,,,,0,,
KWT,Kuwait,"Middle East, North Africa, Afghanistan & Pakistan",country,2020,4400267.0,20.6195979040686,75.3845896861557,3.99581240977568,69.199,3.489,19.059,2417086.0,2332754,53.0139,2.01531365732852,24.8124374916673,73.1722488510042,,,,,,,,,,,,,,,,,,0,,
KWT,Kuwait,"Middle East, North Africa, Afghanistan & Pakistan",country,2021,4360865.0,20.0885216424775,76.488172940313,3.42330541720944,70.585,2.97,17.755,2459769.0,2386714,54.7303,1.99092694417687,25.3224739349718,72.686641020989,,,,,,,,,,,,,,,,,,0,,
KWT,Kuwait,"Middle East, North Africa, Afghanistan & Pakistan",country,2022,4589643.0,19.2159054870884,78.0375162013465,2.74657831156504,74.352,2.133,15.19,2756750.0,2697949,58.7834,1.96732613631099,25.5647129685401,72.4679238289394,,,,,,,,,,,,,,,,,,0,,
KWT,Kuwait,"Middle East, North Africa, Afghanistan & Pakistan",country,2023,4853420.0,18.6028445384442,78.4443976236579,2.95275783789783,73.971,2.08,15.091,2922258.0,2861475,58.9579,1.95050631842064,25.2040679334938,72.8453906954066,,,,,,,,,,,,,,,,,,0,,
KWT,Kuwait,"Middle East, North Africa, Afghanistan & Pakistan",country,2024,4897263.0,18.2188090706114,78.6763521992823,3.1048387301063,73.559,2.151,15.145,2946067.0,2882697,58.8634,1.92713743179398,24.7205571539675,73.3523054142385,,,,,,,,,,,,,,,,,,0,,
KWT,Kuwait,"Middle East, North Africa, Afghanistan & Pakistan",country,2025,4865298.0,17.973071445874,78.8520272518679,3.17490130225807,73.365,2.181,15.058,2927890.0,2864033,58.8665,1.8912691752225,24.6120172332385,73.496713591539,,,,,,,,,,,,,,,,,,0,,
LAO,Lao PDR,East Asia & Pacific,country,2013,6611385.0,34.3053334744031,61.6652381963263,4.02942832927052,60.272,1.469,2.937,2617810.0,2579354,39.0138,75.4309691431327,6.016877823616,18.5521530332513,,,,,,,,,,,,,,,,,,0,,
LAO,Lao PDR,East Asia & Pacific,country,2014,6703172.0,33.7191283260469,62.1691538102524,4.11171786370079,60.14,1.733,3.414,2671973.0,2625668,39.1705,74.1921527435539,6.16148490182741,19.6463623546187,,,,,,,,,,,,,,,,,,0,,
LAO,Lao PDR,East Asia & Pacific,country,2015,6801645.0,33.2337961453592,62.6351152820299,4.13108857261085,60.016,2.006,3.899,2725447.0,2670775,39.2666,72.9649532307863,6.27582116644838,20.7592256027653,,,,,,,,,,,,,,,,,,0,,
LAO,Lao PDR,East Asia & Pacific,country,2016,6908802.0,32.8603111754895,63.0378564157826,4.10183240872785,59.898,2.634,4.836,2778397.0,2705214,39.1561,71.8509145672025,6.37590963228787,21.7731758005097,,,,,,,,,,,,,,,,,,0,,
LAO,Lao PDR,East Asia & Pacific,country,2017,7018147.0,32.5273323571022,63.3704452186596,4.10222242423819,59.782,3.268,5.779,2830876.0,2738363,39.0183,70.5291019202622,6.51502934586047,22.9559052518719,7.0596,5.1579,1.7191,1.1979,6.5675,63.0103,7.3827,2.8848,5.0202,15.1345,12.2175,84.8655,8.1941,0.1915,32803,414438,ISCO-08,9,,
LAO,Lao PDR,East Asia & Pacific,country,2018,7128045.0,32.2217452330899,63.6499839717622,4.1282707951479,60.989,2.897,5.128,2946540.0,2861179,40.1397,69.8638841171341,6.79373611797991,23.342344814088,,,,,,,,,,,,,,,,,,0,,
LAO,Lao PDR,East Asia & Pacific,country,2019,7237636.0,31.9208047987495,63.9017051908735,4.17749001037701,62.207,2.531,4.472,3065141.0,2987562,41.2781,69.3587576077181,7.00855639208981,23.6326860001921,,,,,,,,,,,,,,,,,,0,,
LAO,Lao PDR,East Asia & Pacific,country,2020,7346533.0,31.6070608821236,64.1514210955985,4.24151802227786,62.912,2.349,4.237,3161020.0,3086768,42.0167,69.9552282806947,6.9752200520285,23.0695516672768,,,,,,,,,,,,,,,,,,0,,
LAO,Lao PDR,East Asia & Pacific,country,2021,7453194.0,31.2704480300961,64.4114834802021,4.31806848970176,64.618,2.08,3.326,3310087.0,3241237,43.4879,69.8577324066029,7.09983537042888,23.0424322229682,,,,,,,,,,,,,,,,,,0,,
LAO,Lao PDR,East Asia & Pacific,country,2022,7559007.0,30.9169093958433,64.6659829349289,4.41710766922774,66.001,1.209,2.184,3446569.0,3404900,45.0443,69.5659733337719,7.17840668729181,23.2556199789363,0.7965,1.7988,6.5282,0.1835,11.908,65.6339,3.1318,1.8286,8.1907,9.307,2.5953,90.693,3.8972,0.171,6248,316894,ISCO-08,9,,
LAO,Lao PDR,East Asia & Pacific,country,2023,7664993.0,30.557668516962,64.9068606394592,4.53547084357878,65.99,1.186,2.176,3512483.0,3470825,45.2815,69.3876980673051,7.24890970605785,23.3633634152757,,,,,,,,,,,,,,,,,,0,,
LAO,Lao PDR,East Asia & Pacific,country,2024,7769819.0,30.1984061662183,65.1358094699503,4.66578436383138,65.989,1.174,2.178,3578885.0,3536869,45.5206,68.9120737008234,7.39985422237704,23.6880438034049,,,,,,,,,,,,,,,,,,0,,
LAO,Lao PDR,East Asia & Pacific,country,2025,7873046.0,29.839672589216,65.3522769555949,4.80805045518916,66.087,1.187,2.384,3650484.0,3607153,45.8165,68.5969890231444,7.41491516120134,23.9881235384869,,,,,,,,,,,,,,,,,,0,,
LBN,Lebanon,"Middle East, North Africa, Afghanistan & Pakistan",country,2013,5743436.0,25.7298831457438,67.9852036320067,6.28491322224943,46.135,8.477,19.112,1967961.0,1801137,31.3599,3.77556583796653,23.0153336731193,73.2091004889142,,,,,,,,,,,,,,,,,,0,,
LBN,Lebanon,"Middle East, North Africa, Afghanistan & Pakistan",country,2014,6346990.0,25.5697011047992,67.991318090046,6.43898080515482,46.594,8.84,19.772,2201139.0,2006558,31.6143,3.83707398999778,22.4291384985709,73.7338373480916,,,,,,,,,,,,,,,,,,0,,
LBN,Lebanon,"Middle East, North Africa, Afghanistan & Pakistan",country,2015,6472469.0,25.7961065553192,67.4143128379603,6.78958060672056,47.053,9.312,20.591,2259873.0,2049434,31.6639,3.80942482667022,21.9983536781436,74.1922702895506,,,,,,,,,,,,,,,,,,0,,
LBN,Lebanon,"Middle East, North Africa, Afghanistan & Pakistan",country,2016,6323060.0,26.3908318433505,66.2812994247484,7.32786873190107,47.513,9.794,21.37,2211422.0,1994835,31.5486,3.69536915843577,21.8982555327019,74.4063753088623,,,,,,,,,,,,,,,,,,0,,
LBN,Lebanon,"Middle East, North Africa, Afghanistan & Pakistan",country,2017,6160128.0,26.9464692941445,65.2063804518348,7.8471502540207,47.973,10.258,22.039,2158877.0,1937419,31.451,3.5993892883909,21.6515124299839,74.7490982816252,,,,,,,,,,,,,,,,,,0,,
LBN,Lebanon,"Middle East, North Africa, Afghanistan & Pakistan",country,2018,5984119.0,27.4621771841288,64.2077418407169,8.33008097515432,48.433,10.755,22.668,2102355.0,1876247,31.3538,3.54169786813783,21.2391012483964,75.2192008834658,,,,,,,,,,,,,,,,,,0,,
LBN,Lebanon,"Middle East, North Africa, Afghanistan & Pakistan",country,2019,5794594.0,27.9082883114848,63.3120025320152,8.77970915650001,48.894,11.301,23.28,2042509.0,1811685,31.2651,3.56322384711598,20.5348202822362,75.9019558706478,7.2005,16.6032,5.1714,4.5279,21.286,2.5173,17.4231,9.2989,15.9718,33.503,23.8037,66.4971,19.061,0.3649,82031,606969,ISCO-08,9,,
LBN,Lebanon,"Middle East, North Africa, Afghanistan & Pakistan",country,2020,5702398.0,27.9465523054119,62.9297413938611,9.12370630072702,47.448,13.252,26.576,1949531.0,1691179,29.6573,3.62280877071194,20.6958597991691,75.681331430119,,,,,,,,,,,,,,,,,,0,,
LBN,Lebanon,"Middle East, North Africa, Afghanistan & Pakistan",country,2021,5718122.0,27.5996234077922,63.0959048351806,9.3044717570272,45.518,12.715,25.203,1884419.0,1644815,28.765,3.57626845572298,21.0128798679487,75.4108516763283,,,,,,,,,,,,,,,,,,0,,
LBN,Lebanon,"Middle East, North Africa, Afghanistan & Pakistan",country,2022,5744489.0,27.1853795163834,63.3011537928921,9.51346669072451,43.4,11.105,22.9,1815347.0,1613753,28.0922,3.56999226029693,19.5326805708666,76.8972652016381,,,,,,,,,,,,,,,,,,0,,
LBN,Lebanon,"Middle East, North Africa, Afghanistan & Pakistan",country,2023,5773493.0,26.7158310156288,63.4597429545461,9.8244260298251,43.424,10.985,22.744,1837294.0,1635467,28.3272,3.51300056008433,20.123353070803,76.3636463691127,,,,,,,,,,,,,,,,,,0,,
LBN,Lebanon,"Middle East, North Africa, Afghanistan & Pakistan",country,2024,5805962.0,26.1864378535752,63.6749744206881,10.1385877257367,,,,,,,,,,,,,,,,,,,,,,,,,,,0,,
LBN,Lebanon,"Middle East, North Africa, Afghanistan & Pakistan",country,2025,5849421.0,25.5876800103532,63.9693196958571,10.4430002937898,,,,,,,,,,,,,,,,,,,,,,,,,,,0,,
LBR,Liberia,Sub-Saharan Africa,country,2013,4470239.0,42.4767269128929,54.3063418204644,3.21693126664271,76.981,2.08,1.954,1979511.0,1938337,43.3609,41.593493787442,8.44628268016006,49.960223532398,,,,,,,,,,,,,,,,,,0,,
LBR,Liberia,Sub-Saharan Africa,country,2014,4564293.0,42.4854470905519,54.317124873762,3.19742803568614,76.982,2.079,1.554,2020880.0,1978866,43.3554,41.3331904913747,8.49512122279454,50.1716882858308,,,,,,,,,,,,,,,,,,0,,
LBR,Liberia,Sub-Saharan Africa,country,2015,4659431.0,42.3992221367802,54.4159576566323,3.18482020658746,76.965,2.557,1.923,2065640.0,2012822,43.1989,41.0745123756719,8.40378175892529,50.5216561838615,,,,,,,,,,,,,,,,,,0,,
LBR,Liberia,Sub-Saharan Africa,country,2016,4755608.0,42.26653037845,54.550690469021,3.18277915252897,76.937,3.081,2.305,2112365.0,2047283,43.0499,41.3232530059278,8.2081270441677,50.4686199499045,,,,,,,,,,,,,,,,,,0,,
LBR,Liberia,Sub-Saharan Africa,country,2017,4848925.0,42.1337762631693,54.6785684124387,3.18765532439204,76.91,3.067,2.301,2158010.0,2091824,43.14,40.6293935959209,8.21465296059944,51.1559534434797,5.0962,9.0461,5.7532,1.0527,27.159,34.0982,4.9471,3.9114,8.9362,20.9482,14.1423,79.0519,13.0961,0.2835,22021,438199,ISCO-08,9,,
LBR,Liberia,Sub-Saharan Africa,country,2018,4944726.0,41.9566119538272,54.8464060495971,3.19698199657575,76.873,3.058,2.298,2206322.0,2138853,43.2552,40.5637154632524,8.39153842377545,51.0446993587661,,,,,,,,,,,,,,,,,,0,,
LBR,Liberia,Sub-Saharan Africa,country,2019,5043721.0,41.7171411461043,55.0727285542488,3.21013029964686,76.823,3.071,2.302,2258308.0,2188955,43.3996,41.3300349708652,8.3768356277967,50.2931750850288,,,,,,,,,,,,,,,,,,0,,
LBR,Liberia,Sub-Saharan Africa,country,2020,5149463.0,41.3767570155609,55.4018879830879,3.22135500135111,76.093,4.102,2.91,2297082.0,2202856,42.7784,43.2286982894533,8.26183925191898,48.5095078540971,,,,,,,,,,,,,,,,,,0,,
LBR,Liberia,Sub-Saharan Africa,country,2021,5259323.0,40.9559842588105,55.8111091484588,3.23290659273066,76.339,3.844,2.82,2370566.0,2279441,43.341,43.7763770463323,8.12952632308581,48.0941405009292,,,,,,,,,,,,,,,,,,0,,
LBR,Liberia,Sub-Saharan Africa,country,2022,5373294.0,40.4841052806714,56.2633554017331,3.2525393175955,76.686,2.956,2.232,2452391.0,2379898,44.2912,43.3215121580228,8.12770230807047,48.5507855339067,,,,,,,,,,,,,,,,,,0,,
LBR,Liberia,Sub-Saharan Africa,country,2023,5493031.0,39.9967704533253,56.7256674866754,3.2775620599993,76.647,2.905,2.215,2526283.0,2452894,44.6547,42.5856167455119,8.20136751969499,49.2130157347932,,,,,,,,,,,,,,,,,,0,,
LBR,Liberia,Sub-Saharan Africa,country,2024,5612817.0,39.5295891528265,57.1654126617704,3.30499818540316,76.611,2.914,2.218,2600249.0,2524478,44.977,41.8743597686334,8.28020683879994,49.8454333925667,,,,,,,,,,,,,,,,,,0,,
LBR,Liberia,Sub-Saharan Africa,country,2025,5731206.0,39.0803610967744,57.5847038127752,3.33493509045042,76.582,2.884,2.297,2673807.0,2596694,45.308,41.1209018295306,8.34797704912856,50.531159632099,,,,,,,,,,,,,,,,,,0,,
LBY,Libya,"Middle East, North Africa, Afghanistan & Pakistan",country,2013,6304628.0,31.3040094273596,64.3027737478901,4.39321682475026,49.312,19.311,50.576,2135716.0,1723288,27.3337,11.5257242964487,19.9086864508821,68.5655312242318,,,,,,,,,,,,,,,,,,0,,
LBY,Libya,"Middle East, North Africa, Afghanistan & Pakistan",country,2014,6427252.0,31.1424875780884,64.4401576630384,4.41735475887321,49.395,19.295,50.68,2186048.0,1764250,27.4495,11.8178757422342,18.8419219755729,69.3402022821929,,,,,,,,,,,,,,,,,,0,,
LBY,Libya,"Middle East, North Africa, Afghanistan & Pakistan",country,2015,6531819.0,31.0256506628819,64.4962096702152,4.47813966690292,49.401,19.69,51.538,2225653.0,1787422,27.3648,11.5956088614974,18.5774116630805,69.8269235287996,,,,,,,,,,,,,,,,,,0,,
LBY,Libya,"Middle East, North Africa, Afghanistan & Pakistan",country,2016,6632126.0,30.8644189558838,64.5940807362587,4.54150030785756,49.373,19.559,51.378,2263831.0,1821048,27.458,11.5015911281222,18.3231513946739,70.1752025633774,,,,,,,,,,,,,,,,,,0,,
LBY,Libya,"Middle East, North Africa, Afghanistan & Pakistan",country,2017,6738770.0,30.6110188217597,64.8017638828572,4.58721729538308,49.329,19.053,50.471,2306606.0,1867128,27.7073,10.7770749760327,19.156245146294,70.0667334358079,,,,,,,,,,,,,,,,,,0,,
LBY,Libya,"Middle East, North Africa, Afghanistan & Pakistan",country,2018,6849055.0,30.2697474520023,65.1208644930479,4.60938805494977,49.275,18.865,50.136,2353307.0,1909356,27.8777,10.4455278830054,19.4081974365138,70.1462746804808,,,,,,,,,,,,,,,,,,0,,
LBY,Libya,"Middle East, North Africa, Afghanistan & Pakistan",country,2019,6951033.0,29.8830137824848,65.4919610863566,4.62502513115857,49.201,19.087,50.569,2397985.0,1940282,27.9136,10.6903457965215,18.7493106643701,70.5602919999959,,,,,,,,,,,,,,,,,,0,,
LBY,Libya,"Middle East, North Africa, Afghanistan & Pakistan",country,2020,7045399.0,29.4627955066846,65.8907323772578,4.64647211605759,45.021,19.651,53.562,2237376.0,1797709,25.5161,10.96765724006,18.1800431993316,70.8522995606084,,,,,,,,,,,,,,,,,,0,,
LBY,Libya,"Middle East, North Africa, Afghanistan & Pakistan",country,2021,7135175.0,29.0094216329663,66.3183804181397,4.67219794889404,45.463,19.779,52.086,2302838.0,1847360,25.8909,10.8195844563305,18.4360626471354,70.7442987653212,,,,,,,,,,,,,,,,,,0,,
LBY,Libya,"Middle East, North Africa, Afghanistan & Pakistan",country,2022,7223805.0,28.5102123126394,66.7411265075072,4.74866117985336,48.725,19.238,50.841,2516297.0,2032212,28.1322,11.0324941012639,17.8845742207394,71.0829316779967,,,,,,,,,,,,,,,,,,0,,
LBY,Libya,"Middle East, North Africa, Afghanistan & Pakistan",country,2023,7305659.0,27.9611873480544,67.1606832456867,4.8781294062589,48.507,18.713,49.864,2552880.0,2075160,28.4048,10.5958299038723,18.2844566866298,71.1197134094979,,,,,,,,,,,,,,,,,,0,,
LBY,Libya,"Middle East, North Africa, Afghanistan & Pakistan",country,2024,7381023.0,27.4124264346555,67.5683777167474,5.01919584859714,48.266,19.085,50.586,2585950.0,2092421,28.3487,10.5200525897488,18.0846320270806,71.3953153831706,,,,,,,,,,,,,,,,,,0,,
LBY,Libya,"Middle East, North Africa, Afghanistan & Pakistan",country,2025,7458555.0,26.8472061174856,67.961224926358,5.19156895615632,47.963,18.758,50.057,2616929.0,2126045,28.5048,9.99748359042259,18.6273103344473,71.3751590394371,,,,,,,,,,,,,,,,,,0,,
LCA,St. Lucia,Latin America & Caribbean,country,2013,173369.0,22.0861921283278,70.1543244591722,7.75948341249996,69.25,22.21,48.479,93542.0,72766,41.9717,11.3651980320479,16.5915400049474,72.0432619630047,,,,,,,,,,,,,,,,,,0,,
LCA,St. Lucia,Latin America & Caribbean,country,2014,174138.0,21.4734248888098,70.6497988669938,7.87677624419643,69.28,21.583,47.855,94736.0,74289,42.661,11.0997442455243,16.457127473415,72.4431282810607,,,,,,,,,,,,,,,,,,0,,
LCA,St. Lucia,Latin America & Caribbean,country,2015,174905.0,20.8782507025262,71.1336758059398,7.98807349153395,69.31,20.84,46.991,95917.0,75928,43.411,10.8512123487034,16.5303515218565,72.6184361294401,,,,,,,,,,,,,,,,,,0,,
LCA,St. Lucia,Latin America & Caribbean,country,2016,175646.0,20.3309497512041,71.568951185908,8.10009906288786,69.339,19.932,45.88,97030.0,77690,44.231,10.5856609602265,16.4873214055863,72.9270176341872,,,,,,,,,,,,,,,,,,0,,
LCA,St. Lucia,Latin America & Caribbean,country,2017,176342.0,19.8616892175432,71.9145183790589,8.22379240339794,69.369,19.136,44.995,98031.0,79272,44.9536,10.3466545564638,16.3424664446463,73.3096175194268,5.6241,9.0366,7.567,6.6563,28.8954,8.7066,13.6886,6.0487,13.7768,28.884,14.6607,71.1161,34.6293,0.3537,5277,22897,ISCO-08,9,,
LCA,St. Lucia,Latin America & Caribbean,country,2018,177017.0,19.4537812752448,72.1803555590706,8.36586316568465,69.88,19.329,41.613,99636.0,80377,45.4064,11.3491589529213,14.826565143824,73.8242759032547,5.9286,8.4972,8.5969,6.2751,27.4427,9.0176,11.7191,6.0117,16.5111,29.2978,14.4258,70.7022,32.9643,0.3502,5044,23549,ISCO-08,9,,
LCA,St. Lucia,Latin America & Caribbean,country,2019,177661.0,19.0775716742232,72.3952572729601,8.52717105281673,68.799,15.613,35.883,98910.0,83467,46.981,9.97268414242584,14.6894618296832,75.3390520918196,6.5832,8.3727,7.6076,6.0649,28.8606,8.245,11.6717,6.0158,16.5784,28.6284,14.9559,71.3715,32.8672,0.3494,5062,23895,ISCO-08,9,,
LCA,St. Lucia,Latin America & Caribbean,country,2020,178250.0,18.7337482924312,72.5571597274622,8.70909198010665,53.739,25.224,51.641,77845.0,58209,32.6558,9.32330052053806,15.059526877287,75.6154546547785,4.5287,9.2046,7.5801,6.6683,32.1181,6.5168,11.3139,5.2458,16.8237,27.9817,13.7333,72.0183,26.763,0.3572,3882,16288,ISCO-08,9,,
LCA,St. Lucia,Latin America & Caribbean,country,2021,178522.0,18.4529077648693,72.7137271596778,8.83336507545289,65.499,20.514,45.012,95353.0,75792,42.4553,11.0814982913989,16.0542530312826,72.865568060375,6.4321,9.6649,7.2525,6.8622,30.3852,8.9498,11.7011,5.7003,13.0517,30.2117,16.097,69.7881,26.9778,0.3633,5201,22898,ISCO-08,9,,
LCA,St. Lucia,Latin America & Caribbean,country,2022,178781.0,18.1814622359199,72.8153439123844,9.00319385169565,69.156,15.934,30.854,101159.0,85040,47.5666,10.620884289746,16.9132173095014,72.4658984007526,6.4854,8.5034,7.1734,6.7328,28.9307,9.2559,11.9642,5.2854,15.6688,28.895,14.9888,71.105,29.8521,0.3518,5726,24572,ISCO-08,9,,
LCA,St. Lucia,Latin America & Caribbean,country,2023,179285.0,17.8702007145068,72.8317283423832,9.29807094310997,68.564,12.094,30.261,100958.0,88748,49.5011,9.92923784197954,15.0730157299319,74.9977464280885,5.8922,9.0847,7.4398,7.456,28.7694,8.3649,11.511,6.0241,15.4579,29.8727,14.9769,70.1273,32.5109,0.3595,6617,26511,ISCO-08,9,,
LCA,St. Lucia,Latin America & Caribbean,country,2024,179744.0,17.5369345762156,72.8463059860301,9.61675943775436,68.23,10.199,21.294,101133.0,90818,50.5263,7.67367343118579,16.228239206316,76.0980873624982,6.3477,9.7704,8.2569,7.9236,30.0112,7.2112,11.8058,6.2247,12.4484,32.2986,16.1181,67.7013,38.6946,0.3765,7196,29333,ISCO-08,9,,
LCA,St. Lucia,Latin America & Caribbean,country,2025,180149.0,17.2451692765433,72.7911340057397,9.963696717717,68.265,9.452,20.251,101771.0,92152,51.1532,7.47352200711867,16.2101744943137,76.3163034985676,6.9137,9.7666,9.3436,7.408,29.0959,6.7404,10.8817,5.714,14.1362,33.4319,16.6803,66.5682,35.8003,0.3781,6827,30808,ISCO-08,9,,
LCN,Latin America & Caribbean,AGGREGATE,region,2013,606683307.0,26.418,66.3022,7.2797,63.6082,6.3588,14.0725,283448287.0,265404400,43.7468,14.4501,21.6105,63.9395,5.1728,9.522,8.3566,7.3297,20.7823,7.0777,13.6248,9.072,20.4814,29.9698,14.6948,70.0302,25.0819,0.3452,18348285,79541168,,,94.32,42
LCN,Latin America & Caribbean,AGGREGATE,region,2014,612849401.0,26.0302,66.4944,7.4754,63.3297,6.1697,13.8909,286574900.0,268893011,43.8759,14.0323,21.8237,64.144,4.9157,9.2131,8.3442,7.4609,20.1909,7.1932,13.4998,9.0312,20.1511,29.9339,14.1288,70.0661,25.2758,0.3438,18168627,80490165,,,90.56,42
LCN,Latin America & Caribbean,AGGREGATE,region,2015,618868462.0,25.6548,66.6612,7.684,63.4423,6.6173,14.9055,291384309.0,271967673,43.946,13.974,21.5598,64.4662,4.8925,9.2495,8.4101,6.8483,20.4752,7.7363,13.5403,9.0029,19.8448,29.4005,14.142,70.5995,25.2816,0.3402,15449640,79959856,,,82.95,42
LCN,Latin America & Caribbean,AGGREGATE,region,2016,624737786.0,25.2847,66.8183,7.897,63.3725,7.6077,17.2743,295282438.0,272436952,43.6082,14.0508,21.0015,64.9477,4.9709,9.7738,8.3188,6.5669,21.7637,7.7063,13.4841,9.8795,18.7148,29.1806,14.7447,70.8193,24.3187,0.3421,15604236,79498737,,,87.22,42
LCN,Latin America & Caribbean,AGGREGATE,region,2017,630414986.0,24.9233,66.9569,8.1198,63.4755,7.8616,17.7847,299903478.0,275826608,43.7532,14.1439,20.7488,65.1073,4.8692,9.7334,7.9769,6.9478,22.4522,7.583,13.4508,9.8332,18.2187,29.1308,14.6026,70.8693,23.6708,0.3444,17548810,80350498,,,91.57,42
LCN,Latin America & Caribbean,AGGREGATE,region,2018,635778081.0,24.5789,67.0642,8.3569,63.5589,7.7837,17.7546,304225891.0,280192149,44.0707,14.1299,20.5791,65.291,4.6203,9.8816,8.0116,7.07,21.8039,7.7422,13.364,9.0514,18.455,29.5836,14.502,70.4164,24.1379,0.3453,17866195,82890925,,,90.19,42
LCN,Latin America & Caribbean,AGGREGATE,region,2019,640962372.0,24.238,67.1544,8.6076,63.6851,7.8627,17.8526,308772265.0,284249498,44.3473,13.7773,20.4052,65.8175,4.4778,10.0574,8.1314,7.0132,22.1022,7.3655,13.1467,9.0646,18.6412,29.6798,14.5352,70.3202,24.2623,0.3467,18137300,84364683,,,90.98,42
LCN,Latin America & Caribbean,AGGREGATE,region,2020,645498187.0,23.8969,67.2678,8.8353,59.4803,9.9811,21.1102,291695638.0,261994010,40.5879,14.7542,20.3037,64.9421,4.4311,10.8757,8.5523,7.3307,20.9773,7.4799,13.1034,9.1562,18.0934,31.1898,15.3068,68.8102,24.4652,0.3531,17037907,81715408,,,88.71,42
LCN,Latin America & Caribbean,AGGREGATE,region,2021,649236092.0,23.5699,67.4033,9.0268,61.9237,8.9852,18.9841,306628100.0,278684687,42.925,14.3942,20.7031,64.9027,4.1384,10.6945,8.5271,7.0471,20.9261,7.41,13.5239,8.9911,18.7418,30.4071,14.8329,69.5929,23.8869,0.3485,18019660,84739931,,,91.75,42
LCN,Latin America & Caribbean,AGGREGATE,region,2022,653108131.0,23.2355,67.5167,9.2478,62.7233,6.8498,15.0839,313902848.0,292144574,44.7314,13.6096,20.7779,65.6125,3.3733,10.8209,7.8849,6.986,21.8405,7.1316,13.4331,8.7545,19.7753,29.0651,14.1942,70.935,22.8723,0.3443,18719321,84912113,,,91.72,42
LCN,Latin America & Caribbean,AGGREGATE,region,2023,657616519.0,22.8762,67.5951,9.5287,62.6741,6.124,13.7392,317284228.0,297686430,45.2675,13.1412,20.6282,66.2306,3.3247,11.1275,7.9112,7.1152,21.8472,6.7476,13.2546,8.8246,19.8475,29.4787,14.4522,70.5213,23.3283,0.3471,19340506,87754090,,,91.31,42
LCN,Latin America & Caribbean,AGGREGATE,region,2024,662185614.0,22.5093,67.6527,9.838,62.8193,5.8088,13.123,321771274.0,302885125,45.7402,12.8646,20.5551,66.5804,3.4093,11.3513,8.1268,7.1408,21.9083,6.5349,13.2118,9.011,19.3057,30.0282,14.7606,69.9718,23.6197,0.3504,19761577,90950951,,,91.37,42
LCN,Latin America & Caribbean,AGGREGATE,region,2025,666592570.0,22.1427,67.6986,10.1588,62.7482,5.4184,12.42,325052801.0,307307921,46.1013,12.7203,20.4641,66.8155,3.4679,11.7533,8.2482,7.2317,21.9602,6.2671,13.0157,9.261,18.7949,30.7011,15.2212,69.2989,24.2594,0.3546,19700668,94346912,,,88.65,42
LCN,Latin America & Caribbean,AGGREGATE,region,2026,,,,,,,,,59443691,,,,,3.0002,10.668,7.7782,6.3591,20.9397,6.4733,13.8788,10.4957,20.407,27.8055,13.6682,72.1945,18.1101,0.3361,3780084,16528616,,,100.0,1
LIE,Liechtenstein,Europe & Central Asia,country,2013,36984.0,15.2912489840152,69.3429964779193,15.3657545380656,,,,,,,,,,,,,,,,,,,,,,,,,,,0,,
LIE,Liechtenstein,Europe & Central Asia,country,2014,37248.0,15.1173898419105,68.979482004709,15.9031281533804,,,,,,,,,,,,,,,,,,,,,,,,,,,0,,
LIE,Liechtenstein,Europe & Central Asia,country,2015,37494.0,14.9679144385027,68.6617647058824,16.370320855615,,,,,,,,,,,,,,,,,,,,,,,,,,,0,,
LIE,Liechtenstein,Europe & Central Asia,country,2016,37716.0,14.84647082281,68.289246311312,16.864282865878,,,,,,,,,,,,,,,,,,,,,,,,,,,0,,
LIE,Liechtenstein,Europe & Central Asia,country,2017,37962.0,14.7395675090157,67.8854968890768,17.3749356019075,,,,,,,,,,,,,,,,,,,,,,,,,,,0,,
LIE,Liechtenstein,Europe & Central Asia,country,2018,38246.0,14.6688172889046,67.4757727159474,17.855409995148,,,,,,,,,,,,,,,,,,,,,,,,,,,0,,
LIE,Liechtenstein,Europe & Central Asia,country,2019,38563.0,14.6488033298647,67.0720603537981,18.2791363163372,,,,,,,,,,,,,,,,,,,,,,,,,,,0,,
LIE,Liechtenstein,Europe & Central Asia,country,2020,38901.0,14.5755410529574,66.7694172878995,18.6550416591431,,,,,,,,,,,,,,,,,,,,,,,,,,,0,,
LIE,Liechtenstein,Europe & Central Asia,country,2021,39182.0,14.4939043130827,66.426339514394,19.0797561725233,,,,,,,,,,,,,,,,,,,,,,,,,,,0,,
LIE,Liechtenstein,Europe & Central Asia,country,2022,39493.0,14.4072538596536,65.9663758679452,19.6263702724012,,,,,,,,,,,,,,,,,,,,,,,,,,,0,,
LIE,Liechtenstein,Europe & Central Asia,country,2023,39846.0,14.3466841759685,65.4906813475428,20.1626344764887,,,,,,,,,,,,,,,,,,,,,,,,,,,0,,
LIE,Liechtenstein,Europe & Central Asia,country,2024,40450.0,14.2626034612491,65.0112866817156,20.7261098570354,,,,,,,,,,,,,,,,,,,,,,,,,,,0,,
LIE,Liechtenstein,Europe & Central Asia,country,2025,41024.0,14.2269736842105,64.3976774322169,21.3753488835726,,,,,,,,,,,,,,,,,,,,,,,,,,,0,,
LKA,Sri Lanka,South Asia,country,2013,20585000.0,25.0269759664236,66.6806889722923,8.29233506128403,52.053,4.186,17.939,8033442.0,7697162,37.3921,29.6272492366222,25.8347572911083,44.5379934722695,4.8751,6.458,6.0044,3.7841,11.2689,17.5162,16.9164,8.4499,24.727,21.1216,11.3331,78.8784,20.0104,0.2651,291268,1625764,ISCO-08,9,,
LKA,Sri Lanka,South Asia,country,2014,20778000.0,24.8722308563944,66.492093080501,8.63567606310462,51.599,4.157,18.781,8054629.0,7719798,37.1537,28.1264364829701,26.3452975293492,45.5282659876807,4.6972,6.5277,5.9904,4.3652,11.9887,18.4105,17.1202,8.3395,22.5606,21.5805,11.2249,78.4195,21.0855,0.2702,336985,1665971,ISCO-08,9,,
LKA,Sri Lanka,South Asia,country,2015,20970000.0,24.6928809823796,66.3165734018565,8.99054561576392,53.669,4.519,19.231,8475356.0,8092355,38.5902,28.6624218253517,25.7716398123391,45.5659383623092,6.2994,6.7079,6.1754,4.0866,11.1886,16.9131,16.6126,8.8355,23.181,23.2693,13.0073,76.7308,21.8606,0.276,330702,1883034,ISCO-08,9,,
LKA,Sri Lanka,South Asia,country,2016,21209000.0,24.4783427877771,66.1761491978432,9.34550801437968,53.725,4.242,20.07,8605342.0,8240303,38.8529,27.1006495741435,26.391378230045,46.5079604490188,6.218,6.7168,6.2759,4.1513,11.5308,16.2911,16.4889,9.0933,23.2339,23.362,12.9348,76.638,23.3021,0.2778,342080,1925100,ISCO-08,9,,
LKA,Sri Lanka,South Asia,country,2017,21453000.0,24.2290828278519,66.0772312982869,9.69368587386127,53.991,4.046,17.391,8776309.0,8421220,39.2543,26.0738102891425,28.4045085540248,45.5216696232903,7.0004,6.9647,6.9239,4.0928,10.2652,15.4972,17.069,9.2362,22.9506,24.9818,13.9651,75.0182,24.6012,0.2831,344664,2103772,ISCO-08,9,,
LKA,Sri Lanka,South Asia,country,2018,21670000.0,23.9530298630511,66.010996751107,10.0359733858419,51.721,4.318,20.496,8523299.0,8155263,37.6339,25.497887752547,27.9378114802282,46.5643007672248,7.9505,7.1708,8.5026,3.6779,9.0078,14.3895,16.6621,9.0657,23.5731,27.3018,15.1213,72.6982,25.6423,0.2905,299942,2226534,ISCO-08,9,,
LKA,Sri Lanka,South Asia,country,2019,21803000.0,23.6544870392859,65.9700520980039,10.3754608627101,52.249,4.67,20.425,8697166.0,8291008,38.0269,25.3271996274154,27.606710606587,47.0660897659976,7.851,7.6823,9.3562,3.896,8.9294,14.6071,16.4946,9.0124,22.1709,28.7855,15.5333,71.2144,27.8768,0.2986,323018,2386608,ISCO-08,9,,
LKA,Sri Lanka,South Asia,country,2020,21919000.0,23.3374525364923,65.9468366164111,10.7157108470966,50.495,5.364,25.449,8485010.0,8029874,36.6343,27.124059172471,26.9123676852588,45.9635610435397,6.5813,6.8281,8.9347,3.9384,9.7269,15.3426,15.7098,9.374,23.5641,26.2825,13.4094,73.7174,26.2093,0.2879,316249,2110452,ISCO-08,9,,
LKA,Sri Lanka,South Asia,country,2021,22156000.0,23.0159928656676,65.9383621554748,11.0456449788576,49.836,4.981,25.371,8500316.0,8076915,36.4548,27.2756790552661,25.9996246721168,46.7246841886543,4.0811,7.2397,8.57,3.5493,11.9106,14.8921,14.3528,10.266,25.1385,23.4401,11.3208,76.56,23.4719,0.2802,286674,1893237,ISCO-08,9,,
LKA,Sri Lanka,South Asia,country,2022,22181000.0,22.6903041016266,65.9272611103192,11.3824347880542,49.727,4.528,21.732,8527218.0,8141106,36.7031,26.4927667720376,26.4883401887705,47.0188930391918,4.2895,7.505,8.6615,3.7268,11.3448,14.5486,14.7681,9.8967,25.2589,24.1828,11.7945,75.8171,23.4702,0.2831,303403,1968747,ISCO-08,9,,
LKA,Sri Lanka,South Asia,country,2023,22037000.0,22.3612730440352,65.9000169644131,11.7387099915518,47.4,4.528,20.342,8109783.0,7742572,35.1344,26.456025466166,26.2644369729241,47.2795375609099,4.0838,7.502,8.8117,3.3559,12.566,13.6301,14.1099,9.6954,26.2453,23.7534,11.5858,76.2467,23.6617,0.2831,259833,1839124,ISCO-08,9,,
LKA,Sri Lanka,South Asia,country,2024,21916000.0,22.0302867118189,65.8657736558357,12.1039396323455,48.6,4.239,19.062,8304691.0,7952655,36.287,26.3174160851635,26.0673919010104,47.6151920138261,4.3654,7.5725,8.8137,3.6396,12.5759,13.9668,13.8487,10.0696,25.1478,24.3912,11.9379,75.6088,24.8457,0.2869,289445,1939748,ISCO-08,9,,
LKA,Sri Lanka,South Asia,country,2025,21756000.0,21.7008153500529,65.8244706869233,12.4747139630238,48.517,4.005,18.578,8264760.0,7933756,36.467,25.8567580565536,26.3039567814535,47.8392733572592,,,,,,,,,,,,,,,,,,0,,
LSO,Lesotho,Sub-Saharan Africa,country,2013,2056504.0,36.5339187280939,59.496042798847,3.97003847305913,65.24,15.926,23.291,851501.0,715891,34.8111,30.5964290802828,31.0085012585662,38.3950696611509,2.3582,2.0115,7.1737,5.9079,6.6637,0.6658,15.7138,11.6608,47.8447,17.4513,4.3697,82.5488,,0.2476,42294,124932,ISCO-08,9,,
LSO,Lesotho,Sub-Saharan Africa,country,2014,2080089.0,36.5848288222283,59.4751955324989,3.93997564527287,64.017,16.066,23.636,844443.0,708775,34.0743,30.2188693513775,31.8046951165314,37.9762944443896,,,,,,,,,,,,,,,,,,0,,
LSO,Lesotho,Sub-Saharan Africa,country,2015,2104611.0,36.6271637306933,59.4736368208574,3.89919944844927,62.776,16.223,23.997,837276.0,701445,33.329,29.8905830107849,32.7200279423191,37.3892464840436,,,,,,,,,,,,,,,,,,0,,
LSO,Lesotho,Sub-Saharan Africa,country,2016,2130422.0,36.6129809023752,59.5470287107437,3.8399903868811,61.517,16.138,24.045,830732.0,696668,32.7009,29.7518774975885,33.4507487024023,36.7973738000092,,,,,,,,,,,,,,,,,,0,,
LSO,Lesotho,Sub-Saharan Africa,country,2017,2157110.0,36.4940970803304,59.7050313370595,3.80087158261016,60.243,16.379,24.478,825264.0,690094,31.9916,30.1976087558198,33.2733904167651,36.5290008274151,,,,,,,,,,,,,,,,,,0,,
LSO,Lesotho,Sub-Saharan Africa,country,2018,2183603.0,36.2917847246042,59.926850256205,3.78136501919076,58.955,16.614,24.887,820144.0,683885,31.3191,30.2905438009037,33.5071429615874,36.202313237509,,,,,,,,,,,,,,,,,,0,,
LSO,Lesotho,Sub-Saharan Africa,country,2019,2209405.0,36.0717170297621,60.1484652771979,3.77981769304005,57.655,16.876,25.318,814339.0,676911,30.6377,29.8342908721852,34.3744875603663,35.7912215674485,2.1551,6.4183,3.6346,1.6721,15.4619,23.0684,11.6845,8.6394,27.2658,13.8801,8.5734,86.12,3.3692,0.2319,11319,93956,ISCO-08,9,,
LSO,Lesotho,Sub-Saharan Africa,country,2020,2235727.0,35.8421971560475,60.3689225851194,3.78888025883309,57.107,18.385,28.218,819139.0,668540,29.9026,31.4884203063088,33.2782880930265,35.2331420212074,,,,,,,,,,,,,,,,,,0,,
LSO,Lesotho,Sub-Saharan Africa,country,2021,2261542.0,35.5971058684738,60.6177776048378,3.78511652668843,56.797,18.214,27.188,827248.0,676573,29.9164,32.0326529888304,33.0245695560985,34.9426296504865,,,,,,,,,,,,,,,,,,0,,
LSO,Lesotho,Sub-Saharan Africa,country,2022,2286110.0,35.2967409055687,60.9102884571853,3.7929706372461,57.501,16.623,25.057,850547.0,709161,31.0204,31.6770475367232,33.087313528598,35.2356389346788,,,,,,,,,,,,,,,,,,0,,
LSO,Lesotho,Sub-Saharan Africa,country,2023,2311472.0,34.9236330788346,61.2495630490008,3.82680387216458,57.46,16.348,24.738,864326.0,723026,31.2799,31.5398786752197,32.975112652797,35.4850086719833,,,,,,,,,,,,,,,,,,0,,
LSO,Lesotho,Sub-Saharan Africa,country,2024,2337423.0,34.5192835270474,61.6243105386382,3.8564059343144,57.421,16.34,24.743,878864.0,735258,31.4559,31.1243641704975,33.1080162119522,35.7676196175503,1.6121,3.4615,3.5868,0.9452,11.2888,33.768,8.8337,7.3679,29.136,9.6056,5.0736,90.3944,2.3054,0.1914,6950,70626,ISCO-08,9,,
LSO,Lesotho,Sub-Saharan Africa,country,2025,2363325.0,34.1020668130847,62.0174673431431,3.88046584377219,57.117,16.315,24.672,889530.0,744403,31.4981,30.8762248152198,33.0372999390111,36.0864752457691,,,,,,,,,,,,,,,,,,0,,
LTU,Lithuania,Europe & Central Asia,country,2013,2961250.0,14.6486373111053,66.993627044439,18.3577356444558,57.991,11.77,21.896,1465703.0,1293190,43.6704,8.42282559729023,25.5250720246951,66.0521797823082,8.9003,23.058,11.0451,3.7963,14.0208,5.9914,14.2409,11.0071,7.9401,46.7997,31.9583,53.2003,32.3495,0.4157,49093,605209,ISCO-08,9,,
LTU,Lithuania,Europe & Central Asia,country,2014,2937253.0,14.5849641070679,66.8115157399781,18.6035201529541,58.934,10.698,19.258,1478569.0,1320392,44.9533,9.16603213799254,24.7236387463938,66.1102532755331,8.8691,23.2625,10.6679,3.6507,13.7437,6.4638,13.9194,11.5175,7.9054,46.4502,32.1316,53.5498,32.4055,0.4132,48204,613325,ISCO-08,9,,
LTU,Lithuania,Europe & Central Asia,country,2015,2911109.0,14.613488913759,66.5062097265986,18.8803013596424,59.15,9.12,16.302,1470288.0,1336198,45.9,9.06900215259184,25.0726340421416,65.8583638052665,8.959,23.3205,9.6741,4.1944,13.7209,6.1533,13.9641,11.3297,8.6841,46.148,32.2795,53.8521,33.6312,0.4129,56045,616629,ISCO-08,9,,
LTU,Lithuania,Europe & Central Asia,country,2016,2877325.0,14.7421177198012,66.0821066606207,19.1757756195781,60.305,7.862,14.455,1479370.0,1363062,47.3725,7.97552015621425,25.1374563240945,66.8870970946004,9.2754,23.4479,9.5415,4.2263,14.0181,5.3394,13.9945,10.7273,9.4295,46.4911,32.7233,53.5088,30.5353,0.4152,57607,633703,ISCO-08,9,,
LTU,Lithuania,Europe & Central Asia,country,2017,2842639.0,14.9087808434028,65.5868165853012,19.504402571296,60.612,7.073,13.266,1466105.0,1362407,47.9275,7.78408051774895,25.1338471885453,67.0821460387132,9.1042,23.3316,9.5315,4.4914,14.0655,5.0709,14.1301,11.0813,9.1936,46.4587,32.4358,53.5414,30.3,0.4161,61191,632957,ISCO-08,9,,
LTU,Lithuania,Europe & Central Asia,country,2018,2819200.0,15.0467907330584,65.2222782837189,19.7309309832227,61.544,6.147,11.117,1473979.0,1383374,49.0697,7.18259243207395,25.767322196787,67.050085371139,9.2108,23.4916,9.6209,4.5216,14.1678,4.544,14.2434,11.0705,9.1295,46.8449,32.7024,53.1552,33.0668,0.4187,62551,648040,ISCO-08,9,,
LTU,Lithuania,Europe & Central Asia,country,2019,2811089.0,15.1101157829283,65.0326934181688,19.8571907989029,62.069,6.255,11.85,1481171.0,1388524,49.3945,6.43624094961336,25.6996937572251,67.8640652931615,9.3089,23.8168,9.7034,4.6411,14.1385,4.129,14.1403,10.8789,9.2431,47.4702,33.1257,52.5298,33.1755,0.4222,64443,659135,ISCO-08,9,,
LTU,Lithuania,Europe & Central Asia,country,2020,2810369.0,15.1154362250468,64.9504098074069,19.9341539675463,62.658,8.487,19.556,1494750.0,1367891,48.673,5.6897956844091,25.3645133294189,68.9456174992853,9.3049,24.7498,10.0178,4.8716,13.5502,3.6769,13.9194,10.781,9.1283,48.9441,34.0547,51.0558,33.3452,0.4296,66638,669502,ISCO-08,9,,
LTU,Lithuania,Europe & Central Asia,country,2021,2808380.0,15.1100157005533,64.9429993871864,19.9469849122603,62.301,7.112,14.304,1485276.0,1379643,49.1259,5.3128209610804,26.2534326901364,68.4337463487832,9.2475,26.106,10.0886,4.7396,12.1994,3.3795,13.5936,10.6178,10.028,50.1817,35.3535,49.8183,33.4335,0.4334,65390,692328,ISCO-08,9,,
LTU,Lithuania,Europe & Central Asia,country,2022,2831639.0,15.0489745979606,65.0902697077428,19.8607556942966,62.748,5.955,11.873,1509407.0,1419522,50.1308,5.45557291305216,25.7271618699075,68.817194402231,9.3668,27.5299,9.8362,4.5494,12.0559,3.2366,13.3824,9.7927,10.2501,51.2823,36.8967,48.7177,39.7564,0.4387,64580,727964,ISCO-08,9,,
LTU,Lithuania,Europe & Central Asia,country,2023,2871585.0,14.8871500252794,65.2566711946572,19.8561787800633,62.886,6.841,13.712,1536989.0,1431844,49.8625,5.05918982976292,25.808480303668,69.132329866569,9.0164,29.093,9.6379,4.2227,12.0001,2.5816,13.387,9.3753,10.686,51.97,38.1094,48.03,40.9227,0.4427,60462,744129,ISCO-08,9,,
LTU,Lithuania,Europe & Central Asia,country,2024,2888278.0,14.7059775080318,65.1275335904414,20.1664889015269,63.104,6.851,13.688,1554585.0,1448080,50.1364,4.84518404625503,25.9892259481361,69.1655900056089,9.1581,29.8319,9.0498,4.4677,12.4524,2.6007,13.1383,8.1167,11.1844,52.5075,38.99,47.4925,39.4188,0.4467,64696,760351,ISCO-08,9,,
LTU,Lithuania,Europe & Central Asia,country,2025,2888774.0,14.5052134263816,64.7728411040496,20.7219454695688,62.918,6.731,13.756,1553918.0,1449324,50.1709,4.66290773768441,25.9018189910896,69.435273271226,9.932,31.3094,9.2421,4.4786,12.2566,2.0606,12.4371,7.3385,10.9451,54.9621,41.2414,45.0379,,0.4587,64909,796579,ISCO-08,9,,
LUX,Luxembourg,Europe & Central Asia,country,2013,543360.0,16.9137587224523,69.0605655434262,14.0256757341215,58.529,6.045,16.289,264233.0,248260,45.6898,1.53953362845761,12.1112395622279,86.3496296176946,2.5094,37.6829,19.6993,9.3636,10.3039,2.1703,6.9941,3.9816,7.2948,69.2552,40.1923,30.7447,45.4166,0.5435,23246,171933,ISCO-08,9,,
LUX,Luxembourg,Europe & Central Asia,country,2014,556319.0,16.746902183976,69.1279915294304,14.1251062865936,58.978,6.044,24.278,273158.0,256648,46.1332,1.54503193325774,11.1289059303508,87.3256724688168,2.8312,40.6814,18.6117,7.6327,10.6423,2.4058,6.5421,4.0436,6.6093,69.757,43.5126,30.2431,40.9466,0.5448,19589,179030,ISCO-08,9,,
LUX,Luxembourg,Europe & Central Asia,country,2015,569604.0,16.5619030228116,69.2426817619957,14.1954152151927,59.869,6.796,17.5,284538.0,265201,46.5588,1.07893049741675,12.6643285439529,86.2567409586303,2.2893,36.1346,18.6069,8.7571,11.3398,1.6172,7.1586,4.4862,9.6102,65.7879,38.4239,34.212,46.9904,0.5267,23224,174470,ISCO-08,9,,
LUX,Luxembourg,Europe & Central Asia,country,2016,582014.0,16.351674190154,69.4058844296374,14.2424413802086,59.107,6.669,21.98,287759.0,268568,46.1446,1.42763233639237,12.2678333339523,86.3045343296553,3.054,34.1051,18.74,9.4303,11.967,1.7098,5.9303,4.9103,10.1532,65.3294,37.1591,34.6706,40.3155,0.525,25327,175454,ISCO-08,9,,
LUX,Luxembourg,Europe & Central Asia,country,2017,596336.0,16.1825193987214,69.5106668868415,14.3068137144371,58.737,5.523,15.473,293587.0,277372,46.5127,1.07120330155526,11.0032619077655,87.9255347906792,2.4288,38.1806,17.5089,8.531,10.9525,1.4275,6.8051,4.3821,9.7833,66.6493,40.6094,33.3505,44.0664,0.531,23663,184866,ISCO-08,9,,
LUX,Luxembourg,Europe & Central Asia,country,2018,607950.0,16.0943659030326,69.5280060384706,14.3776280584969,59.291,5.589,14.18,302446.0,285542,46.968,1.07592765060536,12.3887484507062,86.5356740215816,2.4399,38.8444,17.6515,8.2428,10.885,1.5556,6.6537,4.91,8.817,67.1786,41.2843,32.8213,45.3602,0.5336,23537,191823,ISCO-08,9,,
LUX,Luxembourg,Europe & Central Asia,country,2019,620001.0,16.0193368517632,69.5105964077186,14.4700667405182,60.041,5.592,16.975,312622.0,295140,47.6031,0.749610459995935,10.5477271187589,88.7026624212452,3.6457,41.3831,16.057,6.9686,11.8528,1.465,5.925,4.0419,8.6609,68.0544,45.0288,31.9456,48.6985,0.5377,20567,200856,ISCO-08,9,,
LUX,Luxembourg,Europe & Central Asia,country,2020,630419.0,15.9743861769085,69.440387442376,14.5852263807154,60.103,6.766,23.182,318373.0,296832,47.0849,0.759476617887274,10.2615226579998,88.979000724113,3.5654,42.7243,16.5764,6.942,10.4828,1.2289,5.9677,4.0554,8.4571,69.8081,46.2897,30.1919,44.863,0.5445,20606,207213,ISCO-08,9,,
LUX,Luxembourg,Europe & Central Asia,country,2021,640064.0,15.9352870802188,69.3493722999841,14.7153406197971,61.482,5.571,18.666,330815.0,312385,48.8053,1.19588974901356,9.99241568449247,88.8113745531814,4.155,46.2896,15.6815,6.4214,9.4425,1.4757,5.743,3.931,6.8602,72.5475,50.4446,27.4524,47.5952,0.5568,20059,226628,ISCO-08,9,,
LUX,Luxembourg,Europe & Central Asia,country,2022,653103.0,15.8788481775567,69.2787142447144,14.8424375777289,60.942,4.588,17.599,334814.0,319453,48.9131,1.05865638573521,9.21559914381204,89.7257444704528,4.6177,44.8752,15.9888,6.2765,9.6972,1.5349,5.314,3.5884,8.1072,71.7582,49.4929,28.2417,47.9119,0.5513,20050,229234,ISCO-08,9,,
LUX,Luxembourg,Europe & Central Asia,country,2023,666430.0,15.8199242818352,69.0738808416203,15.1061948765445,61.538,5.184,18.848,345229.0,327332,49.1172,0.946506466671769,9.00283156041938,90.0506619729089,4.3157,46.3635,15.28,6.0644,9.7849,1.4348,5.0908,4.0504,7.6155,72.0236,50.6792,27.9764,44.4528,0.554,19851,235756,ISCO-08,9,,
LUX,Luxembourg,Europe & Central Asia,country,2024,677012.0,15.7772392561468,68.7463969237901,15.4763638200631,61.764,6.4,21.689,352177.0,329638,48.6901,0.897461718268427,7.82174048373217,91.2807977979994,3.6607,51.7522,12.904,5.9423,9.1837,1.5628,4.6293,3.2775,7.0875,74.2592,55.4129,25.7408,45.1444,0.5677,19588,244787,ISCO-08,9,,
LUX,Luxembourg,Europe & Central Asia,country,2025,686970.0,15.7458959355783,68.4417083606742,15.8123957037476,61.502,6.343,21.467,355974.0,333395,48.5312,0.878170498316335,7.64401996172388,91.4778095399598,5.0411,50.3061,15.9253,5.8878,9.3688,,3.5124,3.7373,6.2212,77.1603,55.3472,22.8397,,0.5809,19630,257249,ISCO-08,8,,
LVA,Latvia,Europe & Central Asia,country,2013,2012647.0,14.5728039105618,66.4975087058683,18.9296873835699,59.311,11.867,23.237,1019762.0,898747,44.655,8.05618347513438,23.9218076964152,68.0220088284504,9.9422,17.1217,12.5985,5.7285,15.6768,3.5428,12.8488,9.9372,12.6036,45.3909,27.0639,54.6092,32.9401,0.4113,51485,407949,ISCO-08,9,,
LVA,Latvia,Europe & Central Asia,country,2014,1993782.0,14.8463580203886,65.9121509977439,19.2414909818675,59.234,10.846,19.595,1005662.0,896588,44.9692,7.50368554752405,23.84755549509,68.6487589573859,9.9751,17.1577,12.6561,5.7222,15.4653,3.424,13.0937,9.7064,12.7995,45.5111,27.1328,54.4889,35.7453,0.4114,51305,408047,ISCO-08,9,,
LVA,Latvia,Europe & Central Asia,country,2015,1977527.0,15.1171438726669,65.3585402860759,19.5243158412573,60.036,9.873,16.316,1007753.0,908258,45.929,7.93915516028573,23.6455165019281,68.4152182552132,10.0431,17.1135,14.1379,5.5597,14.8676,3.9148,12.8694,9.2397,12.2544,46.8542,27.1566,53.1459,39.7454,0.4158,50496,425557,ISCO-08,9,,
LVA,Latvia,Europe & Central Asia,country,2016,1959537.0,15.4056431495467,64.8189694891939,19.7753873612594,60.347,9.643,17.271,1000347.0,903884,46.1274,7.69180567231539,24.114087872218,68.1942170700411,9.4064,17.9338,14.3086,5.6393,14.3372,4.3122,12.4385,9.1191,12.5048,47.2881,27.3402,52.7118,37.1322,0.4176,50973,427430,ISCO-08,9,,
LVA,Latvia,Europe & Central Asia,country,2017,1942248.0,15.6721888361644,64.3170163194162,20.0107948444194,60.786,8.715,16.971,995587.0,908822,46.7923,6.68976935813022,22.9565944432526,70.3536361986171,9.8429,18.4014,13.8008,5.1062,15.3542,3.1274,12.3548,9.0869,12.9255,47.1513,28.2443,52.8488,37.5712,0.4186,46406,428521,ISCO-08,9,,
LVA,Latvia,Europe & Central Asia,country,2018,1927174.0,15.8327920696746,63.9690120502929,20.1981958800325,61.339,7.412,12.192,994948.0,921202,47.8007,6.90191839339437,22.9990145388085,70.0990670677971,9.8377,16.075,14.4757,6.2679,14.9107,2.9899,12.2578,10.3249,12.8602,46.6563,25.9127,53.3435,37.9028,0.4166,57740,429799,ISCO-08,9,,
LVA,Latvia,Europe & Central Asia,country,2019,1913822.0,15.9402077979881,63.6525649819278,20.4072272200842,61.086,6.312,12.415,982724.0,920694,48.1076,6.81182695868122,23.9120307781517,69.2760336752766,9.1871,18.4932,13.7863,5.3644,16.2835,2.9398,11.3721,9.1553,13.4183,46.831,27.6803,53.169,41.4614,0.42,49390,431170,ISCO-08,9,,
LVA,Latvia,Europe & Central Asia,country,2020,1900449.0,15.9978297043827,63.329999339864,20.6721709557533,61.565,8.098,14.868,982835.0,903245,47.528,7.40152129716425,22.7531649422126,69.8453137606231,10.3762,19.1616,14.4587,4.8637,13.2791,3.2694,11.2586,9.6144,13.7183,48.8602,29.5378,51.1398,31.6906,0.4219,43931,441327,ISCO-08,9,,
LVA,Latvia,Europe & Central Asia,country,2021,1884490.0,16.0040878516876,63.1497512445726,20.8461609037398,60.077,7.513,14.785,950956.0,879511,46.671,5.6409265751152,24.1590200167043,70.2001670426072,11.3713,20.7339,14.0795,5.5881,13.5499,2.4488,12.0,9.2341,10.9944,51.7728,32.1052,48.2272,39.5863,0.4397,49148,455347,ISCO-08,9,,
LVA,Latvia,Europe & Central Asia,country,2022,1879383.0,15.9259950357856,63.0622419344807,21.0117630297337,60.935,6.815,15.27,962817.0,897201,47.7391,6.22889773810478,23.530636698114,70.2404655637812,9.7446,20.9047,13.7226,5.4193,14.6128,2.7343,11.1036,9.552,12.2062,49.7912,30.6493,50.2089,44.9355,0.4329,48622,446727,ISCO-08,9,,
LVA,Latvia,Europe & Central Asia,country,2023,1883710.0,15.6920488568824,62.9758563022871,21.3320948408305,60.985,6.465,12.323,968514.0,905900,48.0913,5.83522321186928,23.3245439712967,70.840232816834,11.1581,21.5977,13.1261,5.2908,14.2422,2.4324,10.3324,9.4661,12.3541,51.1727,32.7558,48.8272,46.5489,0.4381,47929,463573,ISCO-08,9,,
LVA,Latvia,Europe & Central Asia,country,2024,1866124.0,15.4132909230147,62.850868769571,21.7358403074143,60.838,6.9,13.614,960324.0,894062,47.9101,6.92469717969847,21.9775673798169,71.0977354404847,10.4401,22.7356,13.0278,5.3183,14.4719,2.7799,10.9106,8.5048,11.811,51.5218,33.1757,48.4782,49.675,0.4413,47549,460637,ISCO-08,9,,
LVA,Latvia,Europe & Central Asia,country,2025,1847785.0,15.1872424886394,62.6176992477714,22.1950582635891,60.519,6.568,12.95,948428.0,886135,47.9566,6.66365174505463,21.8361322605612,71.5002159943841,10.229,21.1891,14.045,5.2783,15.3774,2.8216,10.9572,8.1227,11.9797,50.7414,31.4181,49.2586,,0.438,46773,449637,ISCO-08,9,,
MAC,"Macao SAR, China",East Asia & Pacific,country,2013,591900.0,12.5334241903454,79.6751694800607,7.79140632959383,70.859,1.82,4.128,366847.0,360170,60.8498,0.399908874573536,14.1115408156824,85.4885503097441,,4.4743,11.1672,31.231,22.2898,,8.8818,4.4298,17.5262,46.8725,4.4743,53.1276,,0.4864,112485,168821,ISCO-88,7,,
MAC,"Macao SAR, China",East Asia & Pacific,country,2014,621700.0,12.8095998059983,79.0006291946309,8.18977099937081,71.403,1.67,3.886,387049.0,380585,61.2168,0.399883300455824,14.3516349980862,85.2484817014579,,5.4304,11.716,30.1697,21.3878,,10.6592,4.4083,16.2286,47.3161,5.4304,52.6839,,0.4853,114821,180078,ISCO-88,7,,
MAC,"Macao SAR, China",East Asia & Pacific,country,2015,642900.0,13.0709168904769,78.3187796438003,8.61030346572289,70.806,1.81,4.338,395711.0,388549,60.4369,0.39997234233803,14.5548446118088,85.0449171067958,,5.1345,11.7903,28.6743,21.5159,,11.7495,4.1089,17.0266,45.5991,5.1345,54.4009,,0.4735,111414,177175,ISCO-88,7,,
MAC,"Macao SAR, China",East Asia & Pacific,country,2016,652500.0,13.2822753489413,77.6817068585387,9.03601779251992,70.062,1.939,4.98,396434.0,388747,59.5781,0.40009631948432,13.8292551910645,85.7709131034191,,4.6621,11.6968,28.3738,22.6811,,9.0199,4.5238,19.0427,44.7327,4.6621,55.2675,,0.4702,110302,173897,ISCO-88,7,,
MAC,"Macao SAR, China",East Asia & Pacific,country,2017,648400.0,13.4803021245695,77.0198799946486,9.4998178807819,69.862,1.981,5.1,391922.0,384158,59.2471,0.399932126401525,13.1839243992534,86.4158824220433,,5.2891,11.8688,28.8717,23.0113,,7.7362,4.5063,18.7165,46.0296,5.2891,53.9703,,0.4787,110913,176826,ISCO-88,7,,
MAC,"Macao SAR, China",East Asia & Pacific,country,2018,658900.0,13.7627282276721,76.217568445532,10.0197033267959,70.082,1.803,5.053,398219.0,391039,59.3472,0.400037855244614,12.7375224765515,86.8624396682039,,5.2096,12.1814,29.057,22.7678,,6.9857,4.5201,19.2785,46.448,5.2096,53.5521,,0.4804,113624,181630,ISCO-88,7,,
MAC,"Macao SAR, China",East Asia & Pacific,country,2019,672000.0,14.1109789649077,75.2676705803802,10.6213504547121,69.789,1.73,4.936,402804.0,395835,58.904,0.400020241378438,12.5111960124484,87.0890367634036,,5.1173,12.5955,29.3293,22.2677,,6.7352,4.3188,19.6362,47.0421,5.1173,52.9579,,0.4826,116096,186209,ISCO-88,7,,
MAC,"Macao SAR, China",East Asia & Pacific,country,2020,685400.0,14.3725391305239,74.3158243011478,11.3116365683283,68.672,2.542,7.591,403030.0,392785,57.3074,0.400051092093499,12.1172563545791,87.4826925533274,,5.1194,12.9774,28.074,21.6679,,7.8786,4.0391,20.2436,46.1708,5.1194,53.8292,,0.4741,110270,181352,ISCO-88,7,,
MAC,"Macao SAR, China",East Asia & Pacific,country,2021,682500.0,14.4086566570949,73.557823854194,12.0335194887111,68.924,2.221,6.393,402627.0,393685,57.6828,0.394957920254451,12.067687099456,87.5376046376348,,,,,,,,,,,,,,,,,,0,,
MAC,"Macao SAR, China",East Asia & Pacific,country,2022,677300.0,14.2756544448727,72.9822895082249,12.7420560469024,66.648,2.446,6.949,386966.0,377501,55.7362,0.39991441322112,11.6718969698205,87.9281886169584,,,,,,,,,,,,,,,,,,0,,
MAC,"Macao SAR, China",East Asia & Pacific,country,2023,678800.0,14.0945341264288,72.4259939782452,13.479471895326,67.971,2.206,6.557,396357.0,387613,57.1027,0.389049698277977,11.3312564391895,88.2796938625325,,,,,,,,,,,,,,,,,,0,,
MAC,"Macao SAR, China",East Asia & Pacific,country,2024,687000.0,13.910146585548,71.8214344224741,14.2684189919779,68.278,2.262,6.692,403821.0,394687,57.4508,0.381106586594811,11.1013907852922,88.517502628113,,,,,,,,,,,,,,,,,,0,,
MAC,"Macao SAR, China",East Asia & Pacific,country,2025,685900.0,13.7089391100086,71.1962626401129,15.0947982498785,67.848,2.347,6.779,401572.0,392147,57.1726,0.373797814869546,10.992756607476,88.6334455776545,,,,,,,,,,,,,,,,,,0,,
MAF,St. Martin (French part),Latin America & Caribbean,country,2013,37419.0,27.204457688042,66.48449296471,6.31104934724802,,,,,,,,,,,,,,,,,,,,,,,,,,,0,,
MAF,St. Martin (French part),Latin America & Caribbean,country,2014,37450.0,26.8928318714036,66.4690725090453,6.63809561955114,,,,,,,,,,,,,,,,,,,,,,,,,,,0,,
MAF,St. Martin (French part),Latin America & Caribbean,country,2015,37369.0,26.4845192539271,66.4815756375605,7.0339051085124,,,,,,,,,,,,,,,,,,,,,,,,,,,0,,
MAF,St. Martin (French part),Latin America & Caribbean,country,2016,37175.0,26.0309347679892,66.418291862811,7.55077336919973,,,,,,,,,,,,,,,,,,,,,,,,,,,0,,
MAF,St. Martin (French part),Latin America & Caribbean,country,2017,36837.0,25.3749575839837,66.5137427892772,8.11129962673906,,,,,,,,,,,,,,,,,,,,,,,,,,,0,,
MAF,St. Martin (French part),Latin America & Caribbean,country,2018,36012.0,23.6768299455737,66.0446517827391,10.2785182716872,,,,,,,,,,,,,,,,,,,,,,,,,,,0,,
MAF,St. Martin (French part),Latin America & Caribbean,country,2019,34267.0,20.1377438606219,63.6525469481855,16.2097091911926,,,,,,,,,,,,,,,,,,,,,,,,,,,0,,
MAF,St. Martin (French part),Latin America & Caribbean,country,2020,31786.0,19.3811741018058,62.4756181966904,18.1432077015038,,,,,,,,,,,,,,,,,,,,,,,,,,,0,,
MAF,St. Martin (French part),Latin America & Caribbean,country,2021,29961.0,21.097426654651,63.0469610493642,15.8556122959848,,,,,,,,,,,,,,,,,,,,,,,,,,,0,,
MAF,St. Martin (French part),Latin America & Caribbean,country,2022,28870.0,20.96430612563,62.69028939575,16.34540447862,,,,,,,,,,,,,,,,,,,,,,,,,,,0,,
MAF,St. Martin (French part),Latin America & Caribbean,country,2023,27515.0,21.1306765523633,61.6656671936615,17.2036562539752,,,,,,,,,,,,,,,,,,,,,,,,,,,0,,
MAF,St. Martin (French part),Latin America & Caribbean,country,2024,26129.0,21.3364460943779,60.2568027861763,18.4067511194458,,,,,,,,,,,,,,,,,,,,,,,,,,,0,,
MAF,St. Martin (French part),Latin America & Caribbean,country,2025,24941.0,21.0581183216054,59.287103305868,19.6547783725266,,,,,,,,,,,,,,,,,,,,,,,,,,,0,,
MAR,Morocco,"Middle East, North Africa, Afghanistan & Pakistan",country,2013,33787571.0,28.511937126229,65.991953076473,5.49610979729795,48.31,9.23,19.162,11668836.0,10591802,31.3482,38.2710798408052,21.6090708644289,40.1198492947659,,,,,,,,,,,,,,,,,,0,,
MAR,Morocco,"Middle East, North Africa, Afghanistan & Pakistan",country,2014,34204780.0,28.2848084390544,66.0797555195502,5.63543604139538,48.06,9.7,19.97,11789129.0,10645583,31.1231,36.8121373144019,21.9181305600519,41.2697321255461,1.8432,5.2732,3.3608,2.6914,19.2136,10.5945,23.006,4.1271,29.8901,13.1686,7.1164,86.8313,5.0138,0.2443,286515,1401874,ISCO-08,9,,
MAR,Morocco,"Middle East, North Africa, Afghanistan & Pakistan",country,2015,34607588.0,28.0671448691087,66.1307172558412,5.80213787505015,47.47,9.46,20.826,11817289.0,10699373,30.9163,36.0537822119313,22.1057512336703,41.8404572080572,,,,,,,,,,,,,,,,,,0,,
MAR,Morocco,"Middle East, North Africa, Afghanistan & Pakistan",country,2016,35023457.0,27.8420355842938,66.1624198581765,5.99554455752977,46.55,9.3,22.265,11764216.0,10670144,30.4657,34.8158407998843,22.1866942176876,42.9974743543737,,,,,,,,,,,,,,,,,,0,,
MAR,Morocco,"Middle East, North Africa, Afghanistan & Pakistan",country,2017,35446392.0,27.6275847764703,66.1569857377868,6.21542948574287,45.5,9.22,22.167,11672302.0,10596116,29.8934,33.7945553125213,22.4674638195635,43.7379808679152,,,,,,,,,,,,,,,,,,0,,
MAR,Morocco,"Middle East, North Africa, Afghanistan & Pakistan",country,2018,35839760.0,27.4330324756639,66.1084881706797,6.45847935365639,45.83,9.272,22.431,11919387.0,10814221,30.1738,32.7739388412987,22.6132453896467,44.6127972748406,,,,,,,,,,,,,,,,,,0,,
MAR,Morocco,"Middle East, North Africa, Afghanistan & Pakistan",country,2019,36210898.0,27.2315933728017,66.0482046040394,6.72020202315888,46.161,9.191,22.475,12163466.0,11045522,30.5033,31.6221622583243,22.7880496508318,45.589788090844,,,,,,,,,,,,,,,,,,0,,
MAR,Morocco,"Middle East, North Africa, Afghanistan & Pakistan",country,2020,36584208.0,26.999138535403,66.0303401948732,6.97052126972381,44.539,11.189,26.795,11894936.0,10564012,28.8759,31.9915168601175,22.5886885977895,45.419794542093,,,,,,,,,,,,,,,,,,0,,
MAR,Morocco,"Middle East, North Africa, Afghanistan & Pakistan",country,2021,36954442.0,26.7273305503121,66.0542531523781,7.21841629730986,45.3,10.551,25.053,12266110.0,10971913,29.6904,31.2337647364311,22.9174818191935,45.8487443301613,,,,,,,,,,,,,,,,,,0,,
MAR,Morocco,"Middle East, North Africa, Afghanistan & Pakistan",country,2022,37329064.0,26.4042985379971,66.0858881969288,7.5098132650741,44.3,9.413,22.713,12170356.0,11024760,29.534,29.3042794898616,23.223536958406,47.4721835517324,,,,,,,,,,,,,,,,,,0,,
MAR,Morocco,"Middle East, North Africa, Afghanistan & Pakistan",country,2023,37712505.0,26.0351984043489,66.1390605052621,7.82574109038898,44.224,8.896,21.974,12335833.0,11238437,29.8003,29.0971569760556,23.2572707500458,47.6455722738986,,,,,,,,,,,,,,,,,,0,,
MAR,Morocco,"Middle East, North Africa, Afghanistan & Pakistan",country,2024,38081173.0,25.6329078938824,66.2284391817447,8.13865292437289,44.129,9.103,22.372,12497271.0,11359644,29.8301,28.2683963248285,23.6412350224086,48.0903598495352,,,,,,,,,,,,,,,,,,0,,
MAR,Morocco,"Middle East, North Africa, Afghanistan & Pakistan",country,2025,38430770.0,25.1994729743901,66.3502201491149,8.45030687649506,43.941,9.0,21.882,12631464.0,11494632,29.91,27.8922171629209,23.833218208613,48.2745559288651,,,,,,,,,,,,,,,,,,0,,
MCO,Monaco,Europe & Central Asia,country,2013,35447.0,12.7895167433069,55.6521003187858,31.5583829379073,,,,,,,,,,,,,,,,,,,,,,,,,,,0,,
MCO,Monaco,Europe & Central Asia,country,2014,36128.0,12.5345992028344,54.5795504871568,32.8858503100089,,,,,,,,,,,,,,,,,,,,,,,,,,,0,,
MCO,Monaco,Europe & Central Asia,country,2015,36757.0,12.2724923143891,53.6115569823435,34.1159507032674,,,,,,,,,,,,,,,,,,,,,,,,,,,0,,
MCO,Monaco,Europe & Central Asia,country,2016,37276.0,12.1861251207211,52.8047537289409,35.009121150338,,,,,,,,,,,,,,,,,,,,,,,,,,,0,,
MCO,Monaco,Europe & Central Asia,country,2017,37678.0,12.2551621635968,52.1670470831785,35.5777907532247,,,,,,,,,,,,,,,,,,,,,,,,,,,0,,
MCO,Monaco,Europe & Central Asia,country,2018,38154.0,12.2986803653566,51.4670615523726,36.2342580822708,,,,,,,,,,,,,,,,,,,,,,,,,,,0,,
MCO,Monaco,Europe & Central Asia,country,2019,38109.0,12.5469049305938,51.1677031672308,36.2853919021753,,,,,,,,,,,,,,,,,,,,,,,,,,,0,,
MCO,Monaco,Europe & Central Asia,country,2020,38050.0,12.7961524815705,50.7404633316251,36.4633841868044,,,,,,,,,,,,,,,,,,,,,,,,,,,0,,
MCO,Monaco,Europe & Central Asia,country,2021,38527.0,12.7845407117087,49.8961767072443,37.3192825810471,,,,,,,,,,,,,,,,,,,,,,,,,,,0,,
MCO,Monaco,Europe & Central Asia,country,2022,38931.0,12.9008643386461,50.0378870580378,37.0612486033161,,,,,,,,,,,,,,,,,,,,,,,,,,,0,,
MCO,Monaco,Europe & Central Asia,country,2023,38956.0,13.1788019970993,50.4639790535597,36.3572189493409,,,,,,,,,,,,,,,,,,,,,,,,,,,0,,
MCO,Monaco,Europe & Central Asia,country,2024,38631.0,13.4723408661438,50.3611089539489,36.1665501799073,,,,,,,,,,,,,,,,,,,,,,,,,,,0,,
MCO,Monaco,Europe & Central Asia,country,2025,38341.0,13.7711588117159,50.2177825304504,36.0110586578337,,,,,,,,,,,,,,,,,,,,,,,,,,,0,,
MDA,Moldova,Europe & Central Asia,country,2013,2859558.0,17.4347394013179,71.9494974312337,10.6157631674484,65.249,1.894,2.953,1540530.0,1511352,52.8526,56.3452103487838,10.8500041352063,32.8047300098856,4.841,8.6616,4.9435,1.2746,9.1869,40.88,5.9684,4.3902,19.8539,19.7207,13.5026,80.2794,10.6608,0.2343,19264,298049,ISCO-08,9,,
MDA,Moldova,Europe & Central Asia,country,2014,2857815.0,17.752382872694,71.1653482250474,11.0822689022586,69.265,1.45,2.298,1628063.0,1604456,56.1428,58.7577536490973,10.6152991132825,30.6270005227269,4.441,8.256,4.3358,1.1888,8.1997,48.8022,6.4116,4.2656,14.0994,18.2216,12.697,81.7785,9.6062,0.2212,19074,292358,ISCO-08,9,,
MDA,Moldova,Europe & Central Asia,country,2015,2835978.0,18.2318834363172,70.0589368131714,11.7091797505114,70.215,1.781,3.341,1628234.0,1599235,56.391,59.5608239514084,10.5205774759354,29.9185985726563,4.2874,8.4533,3.9396,1.4357,7.9973,54.7012,6.8224,3.8739,8.4892,18.116,12.7407,81.884,8.8529,0.2185,22960,289717,ISCO-08,9,,
MDA,Moldova,Europe & Central Asia,country,2016,2803186.0,18.7172191930679,68.983696924511,12.2990838824212,69.907,1.591,3.02,1592836.0,1567494,55.9183,60.3905852150274,10.2369271930513,29.3724875919214,4.2162,8.2972,3.7564,1.4474,7.9974,55.6186,6.7393,3.9774,7.9501,17.7172,12.5134,82.2828,9.3013,0.2162,22688,277716,ISCO-08,9,,
MDA,Moldova,Europe & Central Asia,country,2017,2755189.0,19.1468131727048,68.0235384558779,12.8296483714172,68.331,1.622,3.925,1522181.0,1497491,54.3517,59.3616787145771,9.8861617932499,30.7521594921729,4.0024,8.4084,4.0532,1.47,8.4755,54.7833,6.6287,4.237,7.9416,17.934,12.4108,82.0661,10.601,0.2191,22013,268560,ISCO-08,9,,
MDA,Moldova,Europe & Central Asia,country,2018,2707203.0,19.4953790269623,67.1972110865303,13.3074098865074,67.053,1.239,3.208,1461369.0,1443263,53.312,59.1537702070967,10.4929996312465,30.3531706852867,4.1123,9.0825,3.8124,1.5304,8.0743,55.1065,6.9882,4.1954,7.0981,18.5376,13.1948,81.4625,12.7024,0.2217,22088,267546,ISCO-08,9,,
MDA,Moldova,Europe & Central Asia,country,2019,2664224.0,19.779429293296,66.4191106875943,13.8014600191097,69.332,1.502,3.256,1481802.0,1459545,54.7831,57.2971793716924,11.3676669293998,31.3351536989078,4.1079,10.1238,4.1211,1.7682,8.3199,49.2681,9.0152,5.137,8.1388,20.121,14.2317,79.879,13.5218,0.2351,25808,293675,ISCO-08,9,,
MDA,Moldova,Europe & Central Asia,country,2020,2635130.0,19.9923691755093,65.7164519859204,14.2911788385703,69.68,1.206,4.053,1469067.0,1451350,55.077,55.9071612639111,12.1951854384715,31.8976532976173,4.0529,9.8262,3.6177,1.7298,7.6529,51.8245,8.3766,4.9769,7.9427,19.2266,13.8791,80.7736,11.058,0.2275,25105,279045,ISCO-08,9,,
MDA,Moldova,Europe & Central Asia,country,2021,2595809.0,20.1461350426296,65.1563102257656,14.6975547316048,72.51,0.794,1.797,1503026.0,1491092,57.4423,56.5983758747449,12.2415058709739,31.1600606816029,4.1855,9.2253,3.9407,1.6937,7.8655,52.2677,8.3562,4.9915,7.4739,19.0452,13.4108,80.9548,10.5502,0.2263,25255,283981,ISCO-08,9,,
MDA,Moldova,Europe & Central Asia,country,2022,2528654.0,20.1457277167038,64.7372708643745,15.1170014189217,72.531,0.909,2.905,1464574.0,1451261,57.3926,55.38075674486,12.679740659905,31.9395599104965,4.6677,8.973,4.0828,1.9496,7.9841,51.2465,8.3639,4.9558,7.7766,19.6731,13.6407,80.3269,13.7519,0.2301,28294,285508,ISCO-08,9,,
MDA,Moldova,Europe & Central Asia,country,2023,2457783.0,19.9922238488199,64.3930689550613,15.6147071961188,70.787,1.57,4.031,1391968.0,1370114,55.7459,51.1234637436782,13.3162782781413,35.5602579781805,4.6701,10.0337,4.3178,1.9328,9.2757,46.3863,8.5842,5.5508,9.2487,20.9544,14.7038,79.0457,18.1306,0.2427,26482,287099,ISCO-08,9,,
MDA,Moldova,Europe & Central Asia,country,2024,2402306.0,19.7887254216323,63.9997621056353,16.2115124727323,72.159,1.427,4.496,1390446.0,1370604,57.0537,50.8388654194327,12.5705359024928,36.5905409268494,4.9978,10.7344,4.4338,2.0626,9.1331,46.9332,8.2261,4.9479,8.5311,22.2286,15.7322,77.7714,18.9949,0.2486,28270,304666,ISCO-08,9,,
MDA,Moldova,Europe & Central Asia,country,2025,2360527.0,19.5343421651874,63.607990439589,16.8576673952236,72.29,1.505,4.197,1373086.0,1352421,57.2932,50.5020476881222,12.5538719656058,36.9441386019795,5.0395,9.6006,3.9283,1.5717,8.75,49.7108,7.8629,4.7291,8.807,20.1401,14.6401,79.8598,15.8451,0.2339,21256,272379,ISCO-08,9,,
MDG,Madagascar,Sub-Saharan Africa,country,2013,24109290.0,42.8208494978316,54.5107020051046,2.66844849706382,86.268,0.995,1.782,11892464.0,11774134,48.8365,71.2150986086793,8.20697864331478,20.5779312412493,,,,,,,,,,,,,,,,,,0,,
MDG,Madagascar,Sub-Saharan Africa,country,2014,24764348.0,42.3854910292813,54.9016796242728,2.71282934644595,86.16,1.385,2.538,12293186.0,12122925,48.9531,73.0918326371816,8.70788815422398,18.2002792085944,,,,,,,,,,,,,,,,,,0,,
MDG,Madagascar,Sub-Saharan Africa,country,2015,25426702.0,41.9714963039348,55.2402498908382,2.78825380522701,86.042,1.785,3.305,12695269.0,12468658,49.0377,74.6442748738112,9.21127092212961,16.1444622241955,0.7574,2.058,0.8604,0.6921,6.6486,32.9334,8.3793,1.5319,46.139,4.3679,2.8154,95.6322,2.325,0.1501,86296,544619,ISCO-08,9,,
MDG,Madagascar,Sub-Saharan Africa,country,2016,26099952.0,41.5878734183113,55.5455025357901,2.86662404589863,85.83,1.949,3.583,13085244.0,12830213,49.158,73.8172225208227,9.23814736204138,16.9446301171359,,,,,,,,,,,,,,,,,,0,,
MDG,Madagascar,Sub-Saharan Africa,country,2017,26788375.0,41.2409159055171,55.8156972159696,2.94338687851329,85.647,2.123,3.878,13481355.0,13195146,49.257,72.8504587478575,9.36578631619983,17.7837549359426,,,,,,,,,,,,,,,,,,0,,
MDG,Madagascar,Sub-Saharan Africa,country,2018,27494926.0,40.9322941985732,56.0492179538872,3.01848784753958,85.496,2.303,4.183,13885082.0,13565309,49.3375,72.0046330175778,9.52277958054708,18.472572658311,,,,,,,,,,,,,,,,,,0,,
MDG,Madagascar,Sub-Saharan Africa,country,2019,28219554.0,40.6510269439411,56.2569911629362,3.09198189312276,85.366,2.479,4.485,14297110.0,13942685,49.4079,70.880430904178,9.65894522431869,19.4606238715033,,,,,,,,,,,,,,,,,,0,,
MDG,Madagascar,Sub-Saharan Africa,country,2020,28953556.0,40.3891452851397,56.4572904886486,3.15356422621173,84.589,3.292,5.874,14599606.0,14118987,48.7643,71.4401687596838,9.59116686068402,18.9686714622808,,,,,,,,,,,,,,,,,,0,,
MDG,Madagascar,Sub-Saharan Africa,country,2021,29691083.0,40.1348984137763,56.6577985720494,3.20730301417432,85.032,3.498,6.056,15114095.0,14585404,49.1239,71.0617201574972,9.59801779821283,19.3402757566352,,,,,,,,,,,,,,,,,,0,,
MDG,Madagascar,Sub-Saharan Africa,country,2022,30437261.0,39.8661354559159,56.8662396538611,3.26762489022296,85.448,3.186,5.584,15639635.0,15141356,49.7461,70.06644883383,9.85946096741925,20.0740968032148,0.4839,2.4552,1.2632,0.8845,6.405,52.7689,9.0525,1.3267,25.36,5.0868,2.9391,94.9131,1.581,0.1462,133925,770210,ISCO-08,9,,
MDG,Madagascar,Sub-Saharan Africa,country,2023,31195932.0,39.5721333221887,57.0927043132947,3.33516236451659,85.465,3.044,5.43,16111038.0,15620618,50.0726,69.8915361196731,9.83592011719846,20.2725437631284,,,,,,,,,,,,,,,,,,0,,
MDG,Madagascar,Sub-Saharan Africa,country,2024,31964956.0,39.2568567902925,57.3379907045704,3.40515250513719,85.475,3.051,5.46,16596270.0,16089918,50.3361,69.5182428982195,9.86446790283117,20.6172891989493,,,,,,,,,,,,,,,,,,0,,
MDG,Madagascar,Sub-Saharan Africa,country,2025,32740678.0,38.9376603624397,57.5894396566864,3.47289998087395,85.495,3.041,5.247,17092352.0,16572574,50.6177,69.2089003209287,9.90283557256148,20.8882641065098,,,,,,,,,,,,,,,,,,0,,
MDV,Maldives,South Asia,country,2013,400070.0,23.8514211870158,71.972814791393,4.17576402159119,54.849,8.295,19.636,167096.0,153235,38.302,11.15672007048,17.5860606258361,71.2572193036839,,,,,,,,,,,,,,,,,,0,,
MDV,Maldives,South Asia,country,2014,413617.0,23.5287717864595,72.3732341755779,4.09799403796266,55.532,7.461,18.374,175647.0,162542,39.2977,10.4162565213112,17.9625209174131,71.6212225612757,8.1083,9.8355,12.3395,7.0694,17.3765,7.8327,16.0465,4.7199,16.6718,37.3527,17.9438,62.6474,35.8202,0.3697,11491,60714,ISCO-08,9,,
MDV,Maldives,South Asia,country,2015,428154.0,23.2102234242819,72.7749828332796,4.01479374243847,56.214,6.611,16.833,184820.0,172602,40.3131,9.83835457705678,18.3968713789108,71.7647740440324,,,,,,,,,,,,,,,,,,0,,
MDV,Maldives,South Asia,country,2016,443308.0,22.8470950219712,73.2207629909679,3.93214198706091,56.893,5.771,15.126,194588.0,183358,41.3613,9.23657544257682,18.7583852354411,72.005584703149,10.0206,13.2534,13.9716,10.3866,15.0726,8.5733,13.7146,4.0425,10.9649,47.6322,23.274,52.3679,51.8067,0.4234,19045,87337,ISCO-08,9,,
MDV,Maldives,South Asia,country,2017,458287.0,22.4629980776238,73.6693382094626,3.86766371291352,59.181,5.377,14.589,210295.0,198987,43.4197,10.5020880551186,18.0210966435331,71.4773178416897,,,,,,,,,,,,,,,,,,0,,
MDV,Maldives,South Asia,country,2018,473099.0,22.0713022763758,74.097043216159,3.83165450746515,61.431,4.962,14.024,226484.0,215246,45.497,11.7999869916282,17.4024139821414,70.7971344415227,,,,,,,,,,,,,,,,,,0,,
MDV,Maldives,South Asia,country,2019,487731.0,21.6703469740492,74.4968025407448,3.83285048520598,63.632,4.562,13.496,243098.0,232008,47.5688,13.2520149993535,16.7130727123831,70.0349122882634,8.1439,13.6035,15.8499,7.782,12.4354,21.8716,8.9744,3.2681,8.071,45.3793,21.7474,54.6205,50.466,0.3945,18055,105284,ISCO-08,9,,
MDV,Maldives,South Asia,country,2020,502118.0,21.2431925929835,74.8871033431351,3.86970406388133,58.304,5.42,16.149,230564.0,218067,43.4294,13.3164273693189,16.5974989567522,70.0860736739289,,,,,,,,,,,,,,,,,,0,,
MDV,Maldives,South Asia,country,2021,516154.0,20.7675623627467,75.3045363443239,3.92790129292933,59.784,5.016,15.319,244493.0,232229,44.9922,13.028575365589,16.6616428682157,70.3097817661953,,,,,,,,,,,,,,,,,,0,,
MDV,Maldives,South Asia,country,2022,524106.0,20.3824031947705,75.5359836216494,4.08161318358005,63.424,4.303,14.27,264656.0,253268,48.3238,12.3903833473501,16.9483829446162,70.6616285451437,,,,,,,,,,,,,,,,,,0,,
MDV,Maldives,South Asia,country,2023,525994.0,20.0489929542923,75.6059004475336,4.34510659817412,63.327,4.019,14.124,266313.0,255610,48.5956,12.0213918806311,16.9472362300527,71.0313718893162,,,,,,,,,,,,,,,,,,0,,
MDV,Maldives,South Asia,country,2024,527799.0,19.5920227207706,75.767763864653,4.64021341457638,63.204,4.278,14.809,268233.0,256758,48.6469,11.6326530612245,16.930986134912,71.4367502726281,,,,,,,,,,,,,,,,,,0,,
MDV,Maldives,South Asia,country,2025,529676.0,19.0365430942689,76.0052371638511,4.95821974187994,63.501,4.514,15.694,272320.0,260027,49.0917,11.305066820498,16.9291414287088,71.7657917507932,,,,,,,,,,,,,,,,,,0,,
MEA,"Middle East, North Africa, Afghanistan & Pakistan",AGGREGATE,region,2013,667464006.0,34.0825,61.825,4.0925,48.013,8.2586,19.133,211785854.0,194991765,29.2138,26.5215,25.7158,47.7627,5.3731,8.2479,5.117,3.0464,14.7797,25.3764,16.7281,7.5595,13.7719,21.7845,13.621,78.2156,9.0038,0.2722,3965400,42477981,,,66.75,23
MEA,"Middle East, North Africa, Afghanistan & Pakistan",AGGREGATE,region,2014,680716578.0,34.078,61.7758,4.1462,47.8933,7.994,18.6238,215604730.0,199121318,29.2517,26.1256,25.7851,48.0894,2.2765,6.9283,3.7945,3.2468,17.5129,26.2703,16.0453,7.4569,16.4684,16.2461,9.2048,83.7538,7.408,0.2517,4255503,32349448,,,65.82,23
MEA,"Middle East, North Africa, Afghanistan & Pakistan",AGGREGATE,region,2015,694232973.0,34.0396,61.7531,4.2073,48.072,8.9095,20.6801,221047296.0,202556712,29.1771,25.2622,26.1188,48.619,5.3205,8.2852,5.0285,2.7113,14.212,25.5042,15.4992,8.6398,14.7992,21.3455,13.6058,78.6544,8.5964,0.2682,3362834,43236743,,,61.23,23
MEA,"Middle East, North Africa, Afghanistan & Pakistan",AGGREGATE,region,2016,707023525.0,33.9694,61.7473,4.2834,48.133,8.6319,20.4206,225854005.0,207616035,29.3648,25.3372,25.9737,48.6891,5.1535,8.2299,5.4321,2.7036,14.4503,25.3408,15.6856,8.6401,14.364,21.5191,13.3835,78.4808,11.282,0.2698,3582994,44677102,,,63.83,23
MEA,"Middle East, North Africa, Afghanistan & Pakistan",AGGREGATE,region,2017,718887744.0,33.9,61.7239,4.3761,47.7538,9.118,21.4271,228174468.0,208734362,29.0357,24.4572,26.3156,49.2272,6.6408,11.9827,6.8289,3.5869,14.3491,16.4728,17.088,10.7236,12.3271,29.0394,18.6236,70.9607,13.8816,0.3163,2644566,60615206,,,35.32,23
MEA,"Middle East, North Africa, Afghanistan & Pakistan",AGGREGATE,region,2018,730362334.0,33.8136,61.7066,4.4798,47.3171,9.1141,20.8299,230131010.0,210488509,28.8197,23.0843,26.5246,50.3911,4.9972,9.144,5.7691,2.6283,15.8192,22.3549,16.2102,9.2399,13.8373,22.5385,14.1412,77.4615,10.6485,0.2804,3538048,47440953,,,63.95,23
MEA,"Middle East, North Africa, Afghanistan & Pakistan",AGGREGATE,region,2019,742714463.0,33.6585,61.756,4.5855,47.2512,8.9095,20.3045,234232780.0,214719248,28.9101,23.2869,26.2943,50.4189,4.7341,9.3832,5.6499,2.6191,15.798,22.7414,15.7415,9.451,13.8819,22.3863,14.1174,77.6137,10.2236,0.2798,3747285,48067695,,,66.63,23
MEA,"Middle East, North Africa, Afghanistan & Pakistan",AGGREGATE,region,2020,756405281.0,33.4617,61.8717,4.6666,46.1781,9.7743,21.599,233528038.0,212164443,28.049,23.4997,26.1504,50.35,4.0215,9.2529,5.4188,2.9239,17.447,20.7272,15.0199,9.3044,15.8844,21.6171,13.2744,78.3829,10.671,0.2813,4242211,45863800,,,68.38,23
MEA,"Middle East, North Africa, Afghanistan & Pakistan",AGGREGATE,region,2021,767578451.0,33.2481,62.019,4.7329,46.6305,9.698,20.945,239918912.0,218317417,28.4424,23.0356,26.4128,50.5516,3.1162,9.5483,5.258,2.7565,16.6929,23.7811,15.944,9.5158,13.3871,20.679,12.6645,79.321,10.4158,0.2746,4476240,45145859,,,74.38,23
MEA,"Middle East, North Africa, Afghanistan & Pakistan",AGGREGATE,region,2022,782349366.0,32.9055,62.2777,4.8168,46.7641,8.9235,19.2377,246671299.0,226348081,28.9318,22.4373,26.2861,51.2766,4.1917,14.1695,7.0196,4.5189,17.4982,12.0902,18.1575,11.9683,10.386,29.8997,18.3613,70.1002,13.7629,0.3363,3162868,67677397,,,30.92,23
MEA,"Middle East, North Africa, Afghanistan & Pakistan",AGGREGATE,region,2023,797801454.0,32.5243,62.5396,4.9361,47.2425,8.5195,18.7243,254188925.0,234380689,29.3783,22.1106,26.6437,51.2456,3.9928,13.9676,6.9439,4.4756,17.9189,11.8443,18.5523,12.0986,10.2061,29.3799,17.9604,70.6202,13.5933,0.3349,3268854,68860812,,,31.16,23
MEA,"Middle East, North Africa, Afghanistan & Pakistan",AGGREGATE,region,2024,813173936.0,32.1336,62.8057,5.0606,47.1927,8.5857,18.7133,258287643.0,238684985,29.3523,21.947,26.6651,51.3879,4.0069,13.9636,7.4104,4.5743,17.935,11.2696,18.3236,12.3387,10.1779,29.9551,17.9704,70.0449,16.4768,0.3383,3533830,71498326,,,32.37,23
MEA,"Middle East, North Africa, Afghanistan & Pakistan",AGGREGATE,region,2025,828025185.0,31.7286,63.0826,5.1887,47.1321,8.556,18.8291,264222503.0,244347294,29.5096,21.7015,26.6483,51.6502,2.3536,6.1837,4.4242,1.7825,16.8641,29.2106,13.2929,8.1661,17.7223,14.744,8.5373,85.2561,10.9384,0.2371,1453526,36026565,,,33.37,23
MEX,Mexico,Latin America & Caribbean,country,2013,118343573.0,28.6828647635981,64.9234762415024,6.39365899489954,61.033,4.921,9.398,51511392.0,48976516,41.385,14.0156537837076,23.075612081066,62.9087402606413,3.3437,9.3851,7.6037,5.8649,22.7824,7.9426,13.1444,9.1538,20.7793,26.1974,12.7288,73.8025,18.4091,0.3283,2872424,12830574,ISCO-08,9,,
MEX,Mexico,Latin America & Caribbean,country,2014,119784261.0,28.3445326761251,65.1410033743916,6.51446394948331,60.476,4.819,9.418,51907743.0,49406309,41.2461,14.1220607305036,23.5190521269727,62.3588932146471,3.0938,9.2112,7.5996,5.9503,22.6464,8.107,12.8875,9.7514,20.7529,25.8549,12.305,74.1452,18.2477,0.3267,2939824,12773952,ISCO-08,9,,
MEX,Mexico,Latin America & Caribbean,country,2015,121072306.0,27.9777528149171,65.3713988069245,6.65084837815842,60.552,4.311,8.516,52800736.0,50524496,41.7308,13.7787551676292,23.8165576943265,62.4046930758004,3.0639,9.2603,7.4986,5.8994,22.4606,7.7832,13.0352,9.9216,21.0773,25.7222,12.3242,74.2779,18.1186,0.3259,2980642,12996012,ISCO-08,9,,
MEX,Mexico,Latin America & Caribbean,country,2016,122251351.0,27.5802572831292,65.6181532325894,6.8015894842814,60.427,3.853,7.621,53498509.0,51437211,42.075,13.441409136793,24.2217315993296,62.3368592638773,3.0736,9.2969,7.4582,5.9196,22.5234,7.491,13.3609,10.046,20.8303,25.7483,12.3705,74.2516,18.4621,0.3265,3044877,13244207,ISCO-08,9,,
MEX,Mexico,Latin America & Caribbean,country,2017,123400057.0,27.1658495783116,65.8682302477857,6.96592017390268,60.209,3.419,6.849,54114274.0,52264107,42.3534,13.4862998492633,24.5597068589505,61.9539894650594,3.1878,9.4101,7.3327,5.9488,22.1851,7.5932,13.6613,10.1862,20.4948,25.8794,12.5979,74.1206,18.6413,0.3266,3109087,13525637,ISCO-08,9,,
MEX,Mexico,Latin America & Caribbean,country,2018,124573711.0,26.7483787169189,66.1073972501309,7.14422403295026,60.429,3.275,6.815,55142830.0,53336902,42.8155,13.1977173116429,24.6869937272567,62.1152945857021,3.1561,9.7436,7.2853,6.123,22.0143,7.5326,13.9089,10.2695,19.9666,26.308,12.8997,73.6919,18.9431,0.3292,3265819,14031872,ISCO-08,9,,
MEX,Mexico,Latin America & Caribbean,country,2019,125762982.0,26.3467733838135,66.3185850415085,7.33464157467799,61.12,3.477,7.16,56614536.0,54646049,43.4516,12.8908860045255,24.3069433097959,62.8021706856786,2.9807,9.5388,7.2607,6.2229,22.9755,7.4543,13.311,10.1848,20.0712,26.0031,12.5195,73.9968,18.482,0.3298,3400569,14209667,ISCO-08,9,,
MEX,Mexico,Latin America & Caribbean,country,2020,126799054.0,25.9842947015035,66.5296254239814,7.48607987451515,56.426,4.44,8.053,52956486.0,50605218,39.9098,13.117613506291,24.4085247331538,62.4738617605553,3.0529,10.0066,7.3108,6.7872,22.0663,7.5865,13.384,10.3102,19.4954,27.1575,13.0595,72.8424,18.4683,0.3352,3434677,13743112,ISCO-08,9,,
MEX,Mexico,Latin America & Caribbean,country,2021,127648148.0,25.6612568545109,66.7529844097424,7.58575873574664,59.925,4.019,7.626,56864048.0,54578682,42.7571,13.3118150499106,24.4649126235191,62.2232668299208,3.084,10.3398,7.7215,6.0656,20.9992,7.4876,13.6868,9.9771,20.6384,27.2109,13.4238,72.7891,17.5799,0.3315,3310525,14851351,ISCO-08,9,,
MEX,Mexico,Latin America & Caribbean,country,2022,128613117.0,25.3113209855908,66.943409174418,7.74526983999124,60.946,3.256,6.465,58544385.0,56638180,44.0376,12.6495520357881,24.97213923646,62.3783104933543,3.0369,10.443,8.0439,5.7334,20.2865,7.3288,13.878,10.0998,21.1498,27.2572,13.4799,72.7429,18.2679,0.3297,3247293,15437982,ISCO-08,9,,
MEX,Mexico,Latin America & Caribbean,country,2023,129739759.0,24.9179721383635,67.0953820717364,7.98664578990007,61.743,2.765,5.844,60144623.0,58481624,45.0761,11.9647587557082,25.0311265830107,63.0041249209599,3.0502,10.4621,7.9588,5.7996,20.4625,7.0368,13.9395,10.1454,21.1452,27.2707,13.5123,72.7294,18.5573,0.3304,3391700,15948348,ISCO-08,9,,
MEX,Mexico,Latin America & Caribbean,country,2024,130861007.0,24.5094927322392,67.2419370882573,8.24857017950351,61.635,2.678,5.76,60887761.0,59257187,45.2825,11.6058237945043,24.69599770817,63.6981717471195,3.259,10.7665,8.0346,6.0167,20.61,6.8156,13.6876,10.2838,20.5263,28.0768,14.0255,71.9233,19.2052,0.3355,3565327,16637522,ISCO-08,9,,
MEX,Mexico,Latin America & Caribbean,country,2025,131946900.0,24.0910608737303,67.3875047462275,8.52143438004228,61.609,2.673,5.714,61707262.0,60057827,45.5167,11.4004255375265,24.5203195301158,64.0792516022262,3.296,10.5657,7.8901,6.2463,20.9411,6.6364,13.7947,10.4418,20.1881,27.9981,13.8617,72.0021,18.7779,0.3364,3751392,16815050,ISCO-08,9,,
MEX,Mexico,Latin America & Caribbean,country,2026,,,,,,,,,59443691,,,,,3.0002,10.668,7.7782,6.3591,20.9397,6.4733,13.8788,10.4957,20.407,27.8055,13.6682,72.1945,18.1101,0.3361,3780084,16528616,ISCO-08,9,,
MHL,Marshall Islands,East Asia & Pacific,country,2013,50681.0,38.8192813875022,58.7991555020619,2.38156311043586,,,,,,,,,,,,,,,,,,,,,,,,,,,0,,
MHL,Marshall Islands,East Asia & Pacific,country,2014,49796.0,38.1606956382039,59.2537553217126,2.58554904008354,,,,,,,,,,,,,,,,,,,,,,,,,,,0,,
MHL,Marshall Islands,East Asia & Pacific,country,2015,48800.0,37.4617063349761,59.7381174373213,2.80017622770259,,,,,,,,,,,,,,,,,,,,,,,,,,,0,,
MHL,Marshall Islands,East Asia & Pacific,country,2016,47709.0,36.8148567356264,60.1815171141713,3.00362615020227,,,,,,,,,,,,,,,,,,,,,,,,,,,0,,
MHL,Marshall Islands,East Asia & Pacific,country,2017,46529.0,36.2386898493413,60.566528401642,3.19478174901674,,,,,,,,,,,,,,,,,,,,,,,,,,,0,,
MHL,Marshall Islands,East Asia & Pacific,country,2018,45285.0,35.6652313127967,60.942917080711,3.39185160649222,,,,,,,,,,,,,,,,,,,,,,,,,,,0,,
MHL,Marshall Islands,East Asia & Pacific,country,2019,44007.0,35.0879983638781,61.3386658789042,3.57333575721768,,,,,16239,36.9009,,,,9.2801,15.0194,10.0006,6.626,17.2855,4.9326,16.3495,5.5545,14.9517,40.9261,24.2995,59.0738,31.123,0.3914,1076,6646,ISCO-08,9,,
MHL,Marshall Islands,East Asia & Pacific,country,2020,42706.0,34.5497757952537,61.7458700666175,3.70435413812886,,,,,,,,,,,,,,,,,,,,,,,,,,,0,,
MHL,Marshall Islands,East Asia & Pacific,country,2021,41367.0,34.4272004254599,61.7049822322141,3.86781734232601,,,,,12354,29.8644,,,,9.2844,13.1132,10.4258,6.1923,19.2326,11.7128,14.0036,5.1724,10.8629,39.0157,22.3976,60.9843,28.7095,0.3802,765,4820,ISCO-08,9,,
MHL,Marshall Islands,East Asia & Pacific,country,2022,40077.0,34.618359657659,61.2695561044988,4.11208423784215,,,,,,,,,,,,,,,,,,,,,,,,,,,0,,
MHL,Marshall Islands,East Asia & Pacific,country,2023,38827.0,34.705230896026,60.9125093362866,4.38225976768743,,,,,,,,,,,,,,,,,,,,,,,,,,,0,,
MHL,Marshall Islands,East Asia & Pacific,country,2024,37548.0,34.4745392564185,60.8847342068819,4.64072653669969,,,,,,,,,,,,,,,,,,,,,,,,,,,0,,
MHL,Marshall Islands,East Asia & Pacific,country,2025,36282.0,33.8942175183287,61.2300865442919,4.87569593737942,,,,,,,,,,,,,,,,,,,,,,,,,,,0,,
MKD,North Macedonia,Europe & Central Asia,country,2013,1922716.0,18.5822389334817,68.9591860049273,12.458575061591,54.665,29.017,51.588,855743.0,607432,31.5924,18.7358795812259,30.384232611741,50.8798878070331,5.2266,13.6332,9.2483,5.6954,15.1322,2.5463,11.9821,14.1099,22.426,33.8035,18.8598,66.1965,20.5209,0.3552,34596,205333,ISCO-08,9,,
MKD,North Macedonia,Europe & Central Asia,country,2014,1917557.0,18.3345859402197,68.7390615884657,12.9263524713146,54.613,28.215,53.073,855229.0,613926,32.016,18.4641818042534,30.3581897744488,51.1774720816468,4.1291,13.5537,8.8574,5.6846,16.1669,4.087,11.5522,14.6444,21.3248,32.2248,17.6828,67.7753,14.143,0.35,34899,197836,ISCO-08,9,,
MKD,North Macedonia,Europe & Central Asia,country,2015,1912430.0,18.0456541871553,68.5500811466163,13.4042646662284,54.004,26.395,47.478,846415.0,623004,32.5766,17.8195368678202,30.5090919800536,51.6713711521262,4.8793,13.7635,8.9598,6.3383,16.2903,4.1683,11.9537,13.44,20.2068,33.9409,18.6428,66.0591,19.9917,0.3593,39488,211453,ISCO-08,9,,
MKD,North Macedonia,Europe & Central Asia,country,2016,1906313.0,17.7836742154723,68.3122503676847,13.9040754168431,53.44,24.312,48.48,837565.0,633936,33.2546,16.3886090680356,30.3840982025535,53.2274460559059,4.7924,15.5114,8.8542,6.1028,16.3976,5.8372,12.475,13.4136,16.6159,35.2608,20.3038,64.7393,20.357,0.3666,38688,223531,ISCO-08,9,,
MKD,North Macedonia,Europe & Central Asia,country,2017,1898657.0,17.5458175254144,67.9961161917142,14.4580662828714,53.157,22.857,46.759,832185.0,641972,33.8119,15.7093616476597,30.7101540261973,53.580484326143,4.6341,15.6778,9.275,5.6509,16.6436,5.7017,12.2331,13.9065,16.2773,35.2378,20.3119,64.7622,17.8765,0.3665,36277,226217,ISCO-08,9,,
MKD,North Macedonia,Europe & Central Asia,country,2018,1889051.0,17.3522714279649,67.562678785047,15.0850497869881,52.796,21.208,45.495,824281.0,649467,34.3806,14.7729975833883,31.6385233668932,53.5884790497186,3.9682,15.2266,10.0791,5.3448,17.1233,7.1563,12.8478,14.4656,13.7881,34.6187,19.1948,65.3811,20.9662,0.3638,34713,224837,ISCO-08,9,,
MKD,North Macedonia,Europe & Central Asia,country,2019,1876262.0,17.2420652799976,66.9991320803039,15.7588026396984,53.023,17.414,35.353,823317.0,679945,36.2393,13.4221619884512,31.2806187662773,55.2972192452715,2.9467,14.8966,10.2185,5.9864,18.071,7.9441,13.1658,14.8455,11.9254,34.0482,17.8433,65.9518,22.0151,0.3651,40704,231509,ISCO-08,9,,
MKD,North Macedonia,Europe & Central Asia,country,2020,1856124.0,17.2117164628178,66.4419445244978,16.3463390126845,52.107,16.575,35.622,800704.0,667987,35.9883,11.5263757093217,30.9763740023482,57.4972502883301,2.8882,15.9431,11.4049,6.8231,17.4296,6.9264,12.1979,15.5423,10.8445,37.0593,18.8313,62.9407,24.59,0.382,45577,247551,ISCO-08,9,,
MKD,North Macedonia,Europe & Central Asia,country,2021,1837114.0,17.2219873778265,66.0536192522584,16.724393369915,51.617,15.801,36.097,784953.0,660923,35.9762,11.0754228532987,30.8651374273221,58.0592895584066,2.9389,16.1711,12.4534,6.6063,17.9384,7.0026,11.8356,14.4313,10.6224,38.1697,19.11,61.8303,22.7504,0.3876,43663,252272,ISCO-08,9,,
MKD,North Macedonia,Europe & Central Asia,country,2022,1831712.0,17.1987731988286,65.7535485995523,17.047678201619,52.925,14.476,32.595,802703.0,686504,37.4788,9.51758875572349,30.4285039045849,60.0539073396916,3.1683,17.4726,12.9271,6.1077,18.5629,6.6822,11.8315,13.0506,10.1972,39.6757,20.6409,60.3244,26.3915,0.3956,41930,272375,ISCO-08,9,,
MKD,North Macedonia,Europe & Central Asia,country,2023,1827816.0,17.0678427766327,65.4304246393509,17.5017325840163,51.751,13.174,29.685,784466.0,681120,37.2641,7.77077360538756,31.0401708738092,61.1889090240533,3.1258,20.9537,12.0919,6.3163,17.5491,4.9534,11.9535,13.5703,9.486,42.4877,24.0795,57.5123,28.8844,0.4117,43022,289392,ISCO-08,9,,
MKD,North Macedonia,Europe & Central Asia,country,2024,1824359.0,16.8227364757936,65.1525033612012,18.0247601630052,52.202,12.265,28.656,792140.0,694984,38.0947,8.76252215721652,30.660835832845,60.5766420099385,3.0583,20.1964,11.4465,6.3261,17.4599,4.712,11.6637,13.7843,11.3527,41.0273,23.2547,58.9726,28.6175,0.4037,43965,285133,ISCO-08,9,,
MKD,North Macedonia,Europe & Central Asia,country,2025,1820909.0,16.5297710706471,64.9465125805564,18.5237163487965,51.935,12.256,28.75,789369.0,692624,38.0373,8.50272495361781,30.6260146103896,60.8712604359926,2.4291,20.2107,11.5267,6.3252,17.948,5.6405,11.3172,13.2487,11.354,40.4917,22.6398,59.5084,26.012,0.4018,43810,280455,ISCO-08,9,,
MLI,Mali,Sub-Saharan Africa,country,2013,17459615.0,47.8751994245005,49.4139790596757,2.7108215158238,70.597,1.517,2.28,6424884.0,6327419,36.2403,67.2053032883201,7.97268070035141,24.8220002070362,0.0923,1.4956,1.7194,1.2229,13.0396,73.6863,5.8718,0.2439,2.6282,4.5302,1.5879,95.4698,1.7634,0.149,77378,286645,ISCO-08,9,,
MLI,Mali,Sub-Saharan Africa,country,2014,18020267.0,47.9549289684478,49.3753963072633,2.6696747242889,70.617,1.476,2.243,6622929.0,6525175,36.2102,66.7015268067018,7.99617233210352,25.3023008611946,0.124,1.6864,1.8707,1.8053,16.826,67.6753,7.7497,0.091,2.1716,5.4864,1.8104,94.5136,2.1621,0.1669,117799,357997,ISCO-08,9,,
MLI,Mali,Sub-Saharan Africa,country,2015,18593022.0,47.9908241920006,49.3759056489042,2.63327015909517,70.561,1.404,2.171,6823303.0,6727504,36.183,62.2658721328548,8.26061279824933,29.4735150688959,0.1549,1.7383,1.9035,2.2954,18.1322,64.0222,9.7376,0.091,1.9248,6.0921,1.8932,93.9078,3.5467,0.1761,154423,409846,ISCO-08,9,,
MLI,Mali,Sub-Saharan Africa,country,2016,19191289.0,47.9672952669491,49.4281689617574,2.60453577129353,69.865,1.367,2.134,6976542.0,6881173,35.8557,64.9026823658392,6.71762052931155,28.3796825723461,0.2308,1.4025,2.0701,2.2585,16.6226,67.7162,7.8083,0.108,1.7829,5.9619,1.6333,94.038,2.8266,0.1695,155411,410249,ISCO-08,9,,
MLI,Mali,Sub-Saharan Africa,country,2017,19813011.0,47.8892998113538,49.5343526921363,2.57634749650993,69.159,1.498,2.234,7140459.0,7033495,35.4994,63.1261070232154,8.23976448716443,28.6341284896201,0.2305,1.658,1.8842,2.1915,17.1323,65.9713,8.8447,0.2403,1.8472,5.9642,1.8885,94.0358,1.6037,0.1718,154139,419492,ISCO-08,9,,
MLI,Mali,Sub-Saharan Africa,country,2018,20442030.0,47.7693714315401,49.6819285971581,2.54869997130177,68.284,1.62,2.335,7290683.0,7172574,35.0874,63.0028699475295,7.6573992294292,29.3397168811053,0.1797,1.9965,2.1451,2.2346,16.2244,65.9558,8.9227,0.2215,2.1198,6.5559,2.1762,93.4442,2.0905,0.1731,160278,470227,ISCO-08,9,,
MLI,Mali,Sub-Saharan Africa,country,2019,21068405.0,47.5809167229536,49.8960730509992,2.52301022604725,67.394,3.29,4.669,7442902.0,7198031,34.165,57.3529863277698,8.75778217373914,33.8892453911985,,,,,,,,,,,,,,,,,,0,,
MLI,Mali,Sub-Saharan Africa,country,2020,21713836.0,47.3193439270552,50.1900573945124,2.49059867843247,65.916,3.528,6.733,7540126.0,7274110,33.4999,68.0618344651753,9.30610130612165,22.6320917233962,0.0977,1.5239,1.9439,1.9365,15.3076,68.8459,8.5681,0.1258,1.6506,5.502,1.6216,94.498,2.548,0.1634,140863,400222,ISCO-08,9,,
MLI,Mali,Sub-Saharan Africa,country,2021,22388630.0,47.032655704421,50.5136301213243,2.45371417425465,66.766,4.006,4.433,7917555.0,7600378,33.9475,66.6278660210681,8.79237891639494,24.5797550625369,,,,,,,,,,,,,,,,,,0,,
MLI,Mali,Sub-Saharan Africa,country,2022,23072640.0,46.7500728135142,50.8237180487365,2.4262091377493,67.236,2.387,3.205,8260725.0,8063541,34.9485,64.210840659374,8.62230419291067,27.1668551477153,0.1317,2.1135,2.4537,2.6007,20.6698,59.5021,10.1917,0.3968,1.94,7.2996,2.2452,92.7004,3.8406,0.1911,209709,588606,ISCO-08,9,,
MLI,Mali,Sub-Saharan Africa,country,2023,23769127.0,46.4602013683506,51.1344831651898,2.40531546645959,67.208,2.947,3.861,8552851.0,8300798,34.9226,63.8459121625936,8.64283764374913,27.5112501936573,0.1538,2.0419,1.9983,1.9064,19.5115,62.2155,9.7567,0.3608,2.0551,6.1004,2.1957,93.8996,2.089,0.1795,158246,506382,ISCO-08,9,,
MLI,Mali,Sub-Saharan Africa,country,2024,24478595.0,46.1422817334434,51.4737007684939,2.38401749806275,67.173,2.924,3.841,8855828.0,8596884,35.12,63.5357326228165,8.66832291605356,27.795932829076,0.1455,2.4586,2.31,2.6843,23.7068,55.9196,9.7397,0.3846,2.6509,7.5984,2.6041,92.4016,3.4546,0.2013,230766,653226,ISCO-08,9,,
MLI,Mali,Sub-Saharan Africa,country,2025,25198821.0,45.7939034966377,51.8430177379526,2.36307876540972,67.036,2.831,3.877,9156646.0,8897421,35.3089,63.0137141803861,8.58986261093178,28.3964232086821,,,,,,,,,,,,,,,,,,0,,
MLT,Malta,"Middle East, North Africa, Afghanistan & Pakistan",country,2013,424810.0,14.4818853898624,68.1661327685099,17.3519818416277,54.08,6.115,12.729,196467.0,184453,43.4201,1.26428502316781,21.5965898706688,77.1391251061634,9.8183,16.8662,14.6155,11.4463,19.6645,1.0616,10.6192,6.5478,9.3605,52.7463,26.6845,47.2536,47.3154,0.4686,21113,97292,ISCO-08,9,,
MLT,Malta,"Middle East, North Africa, Afghanistan & Pakistan",country,2014,433481.0,14.3422837868785,67.7141532091479,17.9435630039737,55.172,5.737,11.696,204859.0,193106,44.5477,1.26890309114299,20.7116397059203,78.0194572029367,10.1687,16.3153,14.3373,11.1041,20.7242,0.9709,10.1974,6.701,9.4811,51.9254,26.484,48.0746,43.2084,0.4655,21443,100271,ISCO-08,9,,
MLT,Malta,"Middle East, North Africa, Afghanistan & Pakistan",country,2015,444220.0,14.2302864957004,67.4423935430878,18.3273199612118,55.634,5.389,11.653,211969.0,200546,45.1456,1.41621201863725,20.0315598741587,78.5517303173908,9.5825,16.6935,14.95,11.2412,21.0398,1.1867,10.2992,5.9647,9.0425,52.4672,26.276,47.5329,44.8226,0.4694,22544,105221,ISCO-08,9,,
MLT,Malta,"Middle East, North Africa, Afghanistan & Pakistan",country,2016,454505.0,14.1552576608555,67.1891782660361,18.6555640731084,56.576,4.694,10.713,220741.0,210379,46.2875,1.13887649833439,19.8876308521643,78.9734926495013,9.9389,17.0516,14.7542,10.931,21.741,1.0505,10.0099,5.8284,8.6945,52.6757,26.9905,47.3243,46.7537,0.4713,22997,110819,ISCO-08,9,,
MLT,Malta,"Middle East, North Africa, Afghanistan & Pakistan",country,2017,467106.0,14.0299528213677,67.1569397470627,18.8131074315696,57.657,4.008,10.589,231534.0,222254,47.5811,0.9733551331345,19.8188041251931,79.2078407416724,10.3587,17.6318,14.7699,10.4445,20.9582,1.0334,10.1616,5.8348,8.8072,53.2049,27.9905,46.7952,50.1513,0.4712,23213,118250,ISCO-08,9,,
MLT,Malta,"Middle East, North Africa, Afghanistan & Pakistan",country,2018,483903.0,13.7973305541654,67.4529854558025,18.7496839900321,59.255,3.956,9.355,247175.0,237397,49.0588,0.997408672533611,18.7787107304515,80.2243012670582,10.6413,18.2439,15.2721,11.2453,20.3019,1.0997,9.8596,5.1457,8.1904,55.4026,28.8852,44.5973,52.524,0.4823,26696,131524,ISCO-08,9,,
MLT,Malta,"Middle East, North Africa, Afghanistan & Pakistan",country,2019,503912.0,13.5549402746543,67.8634883252598,18.5815714000859,60.283,4.08,10.07,262597.0,251883,49.9855,1.01693704278518,19.3622907677835,79.6207721894313,10.9646,19.0299,14.9453,11.0079,19.5296,0.8282,10.0245,5.3074,8.3624,55.9477,29.9945,44.0521,51.962,0.4834,27727,140923,ISCO-08,9,,
MLT,Malta,"Middle East, North Africa, Afghanistan & Pakistan",country,2020,515490.0,13.3328123055191,68.1674197448314,18.4997679496494,61.478,4.856,11.536,274659.0,261322,50.6939,1.13170486598833,18.5549350782829,80.3129793948253,11.651,20.8881,13.8954,10.7677,19.5313,0.8806,9.4274,5.3815,7.577,57.2022,32.5391,42.7978,54.5428,0.49,28138,149482,ISCO-08,9,,
MLT,Malta,"Middle East, North Africa, Afghanistan & Pakistan",country,2021,518150.0,13.2261838583537,68.00171251,18.7721036316463,62.413,3.754,9.871,280621.0,270086,52.1251,0.883909984597429,18.2518631256608,80.8645927465234,10.9442,21.8041,15.2416,10.3819,18.8126,0.6938,9.3246,5.3262,7.4709,58.3718,32.7483,41.6281,58.8335,0.4945,28040,157654,ISCO-08,9,,
MLT,Malta,"Middle East, North Africa, Afghanistan & Pakistan",country,2022,531113.0,13.2114837028959,67.5041462195565,19.2843700775476,64.001,3.471,9.064,295009.0,284769,53.6174,0.826971560935304,17.1555991836216,82.0174292554431,11.8762,20.5122,12.9359,10.4805,19.6021,0.7674,10.2388,5.0997,8.4872,55.8048,32.3884,44.1952,57.046,0.4821,29845,158915,ISCO-08,9,,
MLT,Malta,"Middle East, North Africa, Afghanistan & Pakistan",country,2023,552747.0,13.1518361740932,67.0481240477638,19.800039778143,64.284,3.479,9.323,308595.0,297859,53.887,1.110399242324,18.0198750670279,80.8697256906481,11.4415,20.4006,13.0707,10.3709,18.9525,0.92,10.1432,6.0249,8.6757,55.2837,31.8421,44.7163,51.6914,0.4785,30891,164667,ISCO-08,9,,
MLT,Malta,"Middle East, North Africa, Afghanistan & Pakistan",country,2024,568847.0,13.0305018281824,66.7571955145133,20.2123026573043,64.164,3.1,9.119,317434.0,307594,54.0732,0.907523741958922,17.9342182375258,81.1579153000689,11.2224,21.7993,12.9388,9.5713,19.1102,0.8941,10.7557,5.6795,8.0287,55.5318,33.0217,44.4682,52.4599,0.4795,29441,170812,ISCO-08,9,,
MLT,Malta,"Middle East, North Africa, Afghanistan & Pakistan",country,2025,579704.0,12.8992216793025,66.5599875322009,20.5407907884966,63.98,2.896,8.431,323052.0,313696,54.1131,0.876548020397445,17.7373066562759,81.3861453233266,11.4575,21.6394,13.5733,9.3679,18.4705,0.8479,10.452,6.0134,8.1781,56.0381,33.0969,43.9619,,0.4799,29387,175789,ISCO-08,9,,
MMR,Myanmar,East Asia & Pacific,country,2013,50262658.0,27.145420036734,67.4581949830249,5.39638498024105,64.991,0.775,1.57,23798826.0,23614385,46.982,52.1571358946131,17.2545632474144,30.5883008579725,,,,,,,,,,,,,,,,,,0,,
MMR,Myanmar,East Asia & Pacific,country,2014,50681634.0,26.8121872985803,67.6970652494853,5.49074745193444,64.84,0.763,1.575,24050959.0,23867450,47.0929,52.1713288544488,16.8272696611089,31.0014014844423,0.7542,2.5001,2.589,2.3587,13.4519,45.2227,12.3309,3.9846,16.8078,8.202,3.2543,91.7979,5.2388,0.1868,562962,1957608,ISCO-08,9,,
MMR,Myanmar,East Asia & Pacific,country,2015,51089056.0,26.5026567187174,67.8674858258047,5.62985745547791,64.711,0.766,1.588,24298397.0,24112271,47.1965,51.6899994587835,16.7657106764191,31.5442898647975,0.6811,2.8509,1.9017,1.5365,15.9889,42.7286,11.948,4.5251,17.8393,6.9702,3.532,93.0299,5.0401,0.1862,370485,1680674,ISCO-08,9,,
MMR,Myanmar,East Asia & Pacific,country,2016,51495696.0,26.2057454277344,68.0094410220225,5.78481355024311,63.378,1.058,2.551,24084188.0,23829377,46.2745,51.5439005791487,16.2117313875149,32.2443680333365,,,,,,,,,,,,,,,,,,0,,
MMR,Myanmar,East Asia & Pacific,country,2017,51894938.0,25.9085442977117,68.1401536697086,5.95130203257975,62.023,1.356,3.586,23847667.0,23524293,45.3306,51.3367756648574,15.7039131256502,32.9593197113155,0.6002,3.1603,1.4812,1.8471,16.7856,38.3549,10.5609,5.1995,22.0103,7.0888,3.7605,92.9112,5.4259,0.1914,434517,1667590,ISCO-08,9,,
MMR,Myanmar,East Asia & Pacific,country,2018,52272247.0,25.6259533440944,68.2443282784871,6.1297183774185,62.361,0.767,1.843,24244077.0,24058125,46.0247,48.9375237522185,17.0167741424896,34.0457021052919,0.6059,3.0733,1.7289,1.8386,18.1169,35.0695,12.6528,5.0686,21.8455,7.2467,3.6792,92.7533,5.2502,0.197,442333,1743420,ISCO-08,9,,
MMR,Myanmar,East Asia & Pacific,country,2019,52640713.0,25.3740911526027,68.3076557112743,6.31825313612298,60.502,0.407,1.313,23767370.0,23670637,44.9664,49.7566078402761,16.6405595636955,33.6028325960284,0.7312,2.6575,1.411,2.0224,19.2279,36.7238,12.9566,5.8457,18.4237,6.8221,3.3887,93.1777,4.808,0.1973,478715,1614835,ISCO-08,9,,
MMR,Myanmar,East Asia & Pacific,country,2020,53016522.0,25.145748198512,68.3464361199178,6.50781568157013,60.151,1.476,4.955,23870997.0,23518661,44.361,46.4675606772375,18.5772975274998,34.955133291378,0.6299,3.2457,1.2861,3.0358,19.9437,36.3622,12.9805,5.653,16.8631,8.1975,3.8756,91.8025,6.9279,0.2087,713980,1927942,ISCO-08,9,,
MMR,Myanmar,East Asia & Pacific,country,2021,53387102.0,24.9363048400717,68.3772458748557,6.68644928507264,55.191,4.34,12.818,22117425.0,21157529,39.6304,46.5899395765067,18.4501769325382,34.9598787644986,,,,,,,,,,,,,,,,,,0,,
MMR,Myanmar,East Asia & Pacific,country,2022,53756787.0,24.7280913131202,68.3947473609728,6.87716132590698,55.218,3.063,10.148,22343279.0,21658904,40.2905,45.8193782127211,18.9517852035284,35.2288458177807,,,,,,,,,,,,,,,,,,0,,
MMR,Myanmar,East Asia & Pacific,country,2023,54133798.0,24.5157260581987,68.3951241366357,7.08914980516562,55.192,2.977,10.069,22552833.0,21881435,40.421,45.2453969645892,18.7442239550243,36.0103699401709,,,,,,,,,,,,,,,,,,0,,
MMR,Myanmar,East Asia & Pacific,country,2024,54500091.0,24.3005300670048,68.3950435972666,7.3044263357285,55.129,2.887,9.967,22744175.0,22087551,40.5275,45.3568178680874,18.1296238420573,36.5135582898552,,,,,,,,,,,,,,,,,,0,,
MMR,Myanmar,East Asia & Pacific,country,2025,54850648.0,24.0786362268683,68.3991436163161,7.52222015681565,55.088,3.047,9.806,22940495.0,22241498,40.5492,44.9546145963458,18.1597725910001,36.8856128126541,,,,,,,,,,,,,,,,,,0,,
MNE,Montenegro,Europe & Central Asia,country,2013,622587.0,18.7105230949025,67.5955164422124,13.6939604628851,49.42,19.585,41.825,250114.0,201129,32.3054,4.51314541597004,17.7773541000596,77.7099893428759,4.8209,17.0455,17.8163,9.1613,26.2223,2.8417,8.0992,7.2999,6.6928,48.844,21.8664,51.1559,34.773,0.4615,18426,98239,ISCO-08,9,,
MNE,Montenegro,Europe & Central Asia,country,2014,623744.0,18.6493615922696,67.347085846695,14.0035525610354,51.638,18.054,36.008,262021.0,214716,34.4237,5.67633350357273,17.5604234819937,76.7632430144335,4.5971,15.7152,17.7345,8.7294,26.6679,4.0348,9.2044,7.1721,6.1446,46.7762,20.3123,53.2238,33.5488,0.4501,18743,100436,ISCO-08,9,,
MNE,Montenegro,Europe & Central Asia,country,2015,624651.0,18.6079647215213,66.9715591145357,14.420476163943,52.374,17.555,37.722,266278.0,219533,35.1449,7.71969559702845,17.4637615510056,74.8165428519659,5.9718,17.8769,13.914,8.6357,24.1497,6.1499,8.3886,7.5524,7.3611,46.3984,23.8487,53.6017,33.0805,0.4421,18958,101860,ISCO-08,9,,
MNE,Montenegro,Europe & Central Asia,country,2016,625353.0,18.5531082573687,66.6210651687589,14.8258265738724,52.748,17.732,36.061,268662.0,221023,35.3437,7.74282735802021,17.4649866291982,74.7926392603,6.2595,20.1118,11.231,8.6071,24.5459,6.3231,7.9671,7.2125,7.7419,46.2094,26.3713,53.7905,28.2073,0.4432,19024,102133,ISCO-08,9,,
MNE,Montenegro,Europe & Central Asia,country,2017,625982.0,18.4919373630795,66.2702069863017,15.2378556506188,52.64,16.082,31.846,268583.0,225389,36.0057,7.93636575359644,17.0842365502786,74.979397696125,6.3662,19.8412,11.3581,8.202,24.6497,6.7301,7.6585,6.8496,8.3447,45.7675,26.2074,54.2326,24.1757,0.4395,18486,103155,ISCO-08,9,,
MNE,Montenegro,Europe & Central Asia,country,2018,626438.0,18.4355183137245,65.856413254411,15.7080684318645,53.566,15.19,29.61,273696.0,232122,37.0543,8.01873975580468,18.8984038776744,73.0824181121756,5.4223,19.0043,12.2818,8.5462,23.2791,6.8067,9.3094,7.2485,8.1018,45.2546,24.4266,54.7455,29.2952,0.4353,19838,105046,ISCO-08,9,,
MNE,Montenegro,Europe & Central Asia,country,2019,626753.0,18.417143982873,65.3815437006931,16.2013123164339,54.558,15.128,25.305,278968.0,236766,37.7766,7.14950338649298,19.4127193646809,73.4377772488261,5.1227,18.3023,13.1048,8.3288,23.6949,5.497,10.5621,7.3124,8.075,44.8586,23.425,55.1414,30.8036,0.4344,19720,106210,ISCO-08,9,,
MNE,Montenegro,Europe & Central Asia,country,2020,626590.0,18.4380731492676,64.9212498046666,16.6406770460658,50.373,17.878,36.216,257436.0,211412,33.7401,7.50498495980343,18.4343569767499,74.0601705368156,5.2635,18.7204,12.9018,8.6807,22.1175,6.0151,10.3612,8.1151,7.8247,45.5664,23.9839,54.4336,35.8283,0.4355,18352,96333,ISCO-08,9,,
MNE,Montenegro,Europe & Central Asia,country,2021,625053.0,18.4866949683738,64.6004267612596,16.9128782703666,48.102,16.543,37.399,245080.0,204536,32.723,6.38417392888592,16.9267907569915,76.6885292361259,4.3483,20.6196,13.9031,7.6149,23.4224,4.7497,9.4985,7.4593,8.3841,46.4859,24.9679,53.514,35.3728,0.4427,15575,95080,ISCO-08,9,,
MNE,Montenegro,Europe & Central Asia,country,2022,623591.0,18.4714002741409,64.3826746224462,17.1459251034129,55.484,14.851,29.795,282083.0,240191,38.5174,4.26951864429689,19.0481017791069,76.6828019666481,3.4829,21.6502,13.4458,8.5943,24.3248,3.299,9.0382,7.7089,8.4559,47.1732,25.1331,52.8268,36.9112,0.4525,20643,113306,ISCO-08,9,,
MNE,Montenegro,Europe & Central Asia,country,2023,623529.0,18.3327493244438,64.2011231911508,17.4661274844054,58.564,13.146,23.335,298219.0,259015,41.5402,4.45928847447194,18.4340814876454,77.1062500712437,3.793,21.7864,12.576,9.626,24.4334,3.5847,8.5053,7.6452,8.05,47.7814,25.5794,52.2186,27.7933,0.4577,24933,123761,ISCO-08,9,,
MNE,Montenegro,Europe & Central Asia,country,2024,623525.0,18.1268437386694,64.0410757762399,17.8320804850907,58.234,13.206,23.952,297284.0,258025,41.3817,4.34649317028307,18.2909243678396,77.3622039793651,4.7487,19.5924,13.618,10.3733,23.739,3.4072,8.675,8.1705,7.6759,48.3324,24.3411,51.6676,28.6058,0.4586,26766,124710,ISCO-08,9,,
MNE,Montenegro,Europe & Central Asia,country,2025,623129.0,17.8804827975326,63.8255082349631,18.2940089675043,57.966,13.572,24.438,296618.0,256361,41.1409,4.1927094337883,18.2279521645429,77.5793384016688,,,,,,,,,,,,,,,,,,0,,
MNG,Mongolia,East Asia & Pacific,country,2013,2899011.0,28.4503155023501,67.7570641546867,3.79262034296318,59.497,4.231,10.581,1234106.0,1181891,40.7688,36.1044478943136,19.6253499443099,44.2701161535584,6.4299,15.9443,3.422,2.7631,16.4245,29.4015,10.2466,8.6608,6.7072,28.5593,22.3742,71.4406,27.7148,0.3117,32657,337540,ISCO-08,9,,
MNG,Mongolia,East Asia & Pacific,country,2014,2963113.0,28.933894969119,67.2583455385159,3.8077594923651,59.643,4.798,11.961,1255944.0,1195684,40.3523,34.2900723615594,19.8410699914759,45.8688576469647,5.9363,16.4681,2.7383,2.8051,17.9034,27.617,10.4408,8.999,7.0919,27.9478,22.4044,72.0521,25.0097,0.3139,33540,334167,ISCO-08,9,,
MNG,Mongolia,East Asia & Pacific,country,2015,3026864.0,29.5319492475371,66.6300187920446,3.83803196041828,59.674,4.861,12.738,1272830.0,1210958,40.007,34.8259880467816,19.393538342421,45.7805575873209,6.6033,15.3294,2.7917,3.0821,17.5072,28.0721,10.6582,8.6011,7.3549,27.8065,21.9327,72.1935,23.5365,0.3112,37323,336725,ISCO-08,9,,
MNG,Mongolia,East Asia & Pacific,country,2016,3088856.0,30.2067178109005,65.9081521646192,3.8851300244803,58.397,7.235,20.14,1258931.0,1167847,37.8084,36.7430120171734,18.1135229731892,45.1434650096374,6.4567,15.9891,2.5374,3.0242,16.6329,29.9914,10.1347,8.1524,7.0812,28.0074,22.4458,71.9926,21.2107,0.3095,35318,327084,ISCO-08,9,,
MNG,Mongolia,East Asia & Pacific,country,2017,3148917.0,30.904816574345,65.1412012251141,3.95398220054092,59.138,6.359,17.435,1286695.0,1204874,38.2631,35.0813284987755,18.5330983964972,46.3854889180923,6.5891,14.7141,2.6298,2.8067,18.1715,28.311,10.5969,8.808,7.3728,26.7397,21.3032,73.2602,22.4755,0.3062,33817,322180,ISCO-08,9,,
MNG,Mongolia,East Asia & Pacific,country,2018,3208189.0,31.6053636290742,64.3450654827184,4.04957088820743,59.746,5.377,16.46,1310964.0,1240473,38.6658,32.8251535520469,19.9470293404222,47.2278171075309,6.2627,16.453,2.5251,2.9136,18.4009,26.3014,10.5287,9.1844,7.4303,28.1544,22.7157,71.8457,24.5696,0.3167,36142,349248,ISCO-08,9,,
MNG,Mongolia,East Asia & Pacific,country,2019,3267673.0,32.3050691134454,63.5207736361981,4.17415725035646,65.598,9.024,21.128,1451060.0,1320116,40.3993,32.2994495143044,20.0843802364301,47.6162468332521,5.7,16.01,2.6942,3.218,14.7004,31.8819,9.1572,8.2014,8.4369,27.6222,21.71,72.3778,22.6858,0.3031,42481,364645,ISCO-08,9,,
MNG,Mongolia,East Asia & Pacific,country,2020,3327204.0,32.7657940634538,62.9278480776094,4.30635785893672,63.432,6.413,14.889,1418986.0,1327986,39.913,29.5268324697018,19.7765267852656,50.6966407450325,6.4542,16.5631,2.7379,3.0375,15.8601,29.3403,9.4814,8.5004,8.0251,28.7927,23.0173,71.2073,23.0352,0.3124,40338,382363,ISCO-08,9,,
MNG,Mongolia,East Asia & Pacific,country,2021,3383741.0,32.9207581338777,62.6443179783416,4.43492388778066,61.199,7.871,16.508,1389087.0,1279752,37.8206,29.6458744199708,21.8759178929651,48.478286858425,6.7152,16.981,3.0687,3.2485,14.4855,29.4168,10.6469,8.573,6.8645,30.0134,23.6962,69.9867,22.8943,0.3163,41573,384097,ISCO-08,9,,
MNG,Mongolia,East Asia & Pacific,country,2022,3433748.0,32.8847775334722,62.4988814284639,4.61634103806392,62.614,5.954,11.434,1442982.0,1357067,39.5215,28.8276904130636,22.8866324514496,48.2856771354869,5.6339,16.3424,3.6439,3.1257,14.423,28.7063,9.9866,9.4821,8.656,28.7459,21.9763,71.254,22.1309,0.3104,42418,390101,ISCO-08,9,,
MNG,Mongolia,East Asia & Pacific,country,2023,3481145.0,32.6374717451465,62.498927353612,4.8636009012415,60.833,5.178,11.605,1426526.0,1352660,38.8568,28.3916817018137,22.6331829068751,48.9751353913113,5.2064,17.7334,3.5713,3.0179,14.4681,27.4475,10.8215,9.7626,7.9713,29.529,22.9398,70.471,28.239,0.3165,40822,399427,ISCO-08,9,,
MNG,Mongolia,East Asia & Pacific,country,2024,3524788.0,32.1932994585014,62.6690528666049,5.13764767489369,60.312,5.158,11.542,1441482.0,1367130,38.7862,27.2597520518923,22.9334937656896,49.8067541824181,7.8848,19.016,3.5201,2.7948,15.6847,22.8644,10.3279,10.1577,7.7497,33.2157,26.9008,66.7844,31.3929,0.3383,38209,454102,ISCO-08,9,,
MNG,Mongolia,East Asia & Pacific,country,2025,3568978.0,31.5602200676694,63.0087145659776,5.43106536635296,59.689,5.233,11.71,1457964.0,1381669,38.7133,27.0038543570098,23.0902277948495,49.9059178481407,8.1209,17.6844,3.3476,2.7426,14.3799,23.3132,11.0394,10.7958,8.5763,31.8955,25.8053,68.1046,29.9216,0.3278,37894,440690,ISCO-08,9,,
MNP,Northern Mariana Islands,East Asia & Pacific,country,2013,52758.0,25.7032108874483,70.406383865954,3.89040524659767,,,,,,,,,,,,,,,,,,,,,,,,,,,0,,
MNP,Northern Mariana Islands,East Asia & Pacific,country,2014,52178.0,25.4721772377512,70.326858763667,4.20096399858179,,,,,,,,,,,,,,,,,,,,,,,,,,,0,,
MNP,Northern Mariana Islands,East Asia & Pacific,country,2015,51514.0,25.2574567831733,70.2330457064653,4.50949751036136,,,,,,,,,,,,,,,,,,,,,,,,,,,0,,
MNP,Northern Mariana Islands,East Asia & Pacific,country,2016,50773.0,25.0182183443956,70.1544127784452,4.82736887715912,,,,,,,,,,,,,,,,,,,,,,,,,,,0,,
MNP,Northern Mariana Islands,East Asia & Pacific,country,2017,49959.0,24.7285246754806,70.1382147182161,5.13326060630323,,,,,,,,,,,,,,,,,,,,,,,,,,,0,,
MNP,Northern Mariana Islands,East Asia & Pacific,country,2018,49077.0,24.3647737229252,70.2029463903662,5.43227988670864,,,,,,,,,,,,,,,,,,,,,,,,,,,0,,
MNP,Northern Mariana Islands,East Asia & Pacific,country,2019,48129.0,23.9107398865549,70.3764881879948,5.71277192545035,,,,,,,,,,,,,,,,,,,,,,,,,,,0,,
MNP,Northern Mariana Islands,East Asia & Pacific,country,2020,47528.0,23.4998316781687,70.3122369971385,6.18793132469281,,,,,,,,,,,,,,,,,,,,,,,,,,,0,,
MNP,Northern Mariana Islands,East Asia & Pacific,country,2021,46979.0,23.2263351710339,69.8461014495839,6.92756337938228,,,,,,,,,,,,,,,,,,,,,,,,,,,0,,
MNP,Northern Mariana Islands,East Asia & Pacific,country,2022,46078.0,22.9480446199922,69.2716697773341,7.78028560267373,,,,,,,,,,,,,,,,,,,,,,,,,,,0,,
MNP,Northern Mariana Islands,East Asia & Pacific,country,2023,45143.0,22.5860044746694,68.6806370865915,8.73335843873912,,,,,,,,,,,,,,,,,,,,,,,,,,,0,,
MNP,Northern Mariana Islands,East Asia & Pacific,country,2024,44278.0,22.002145559257,68.2457229970075,9.75213144373553,,,,,,,,,,,,,,,,,,,,,,,,,,,0,,
MNP,Northern Mariana Islands,East Asia & Pacific,country,2025,43541.0,21.2250663175664,67.9861278579713,10.7888058244623,,,,,,,,,,,,,,,,,,,,,,,,,,,0,,
MOZ,Mozambique,Sub-Saharan Africa,country,2013,25051611.0,45.8410000059477,51.4435359067327,2.71546408731957,80.373,3.345,6.986,10904768.0,10540004,42.0732,74.0390460380286,6.58871412365012,19.3722493260621,,,,,,,,,,,,,,,,,,0,,
MOZ,Mozambique,Sub-Saharan Africa,country,2014,25788475.0,45.782612194013,51.4890275597917,2.72836024619525,79.721,3.377,7.027,11146461.0,10770045,41.763,73.1010644031846,7.14238427167578,19.7565420401514,,,,,,,,,,,,,,,,,,0,,
MOZ,Mozambique,Sub-Saharan Africa,country,2015,26547572.0,45.6923754516538,51.5651798295306,2.74244471881563,79.053,3.426,7.097,11397352.0,11006879,41.461,72.1161985263635,7.74582646682029,20.1379750068162,0.3453,2.0467,1.4697,0.7644,11.2312,71.2879,5.6051,2.9118,4.3381,4.6261,2.392,95.3741,1.7053,0.147,84137,509189,ISCO-08,9,,
MOZ,Mozambique,Sub-Saharan Africa,country,2016,27337105.0,45.5899361982539,51.6509731306766,2.75909067106942,79.019,3.65,7.401,11753394.0,11324395,41.425,71.8186115418181,7.59828133986401,20.5830894573427,,,,,,,,,,,,,,,,,,0,,
MOZ,Mozambique,Sub-Saharan Africa,country,2017,28166393.0,45.4748777119797,51.7484906258943,2.776631662126,78.983,3.935,7.798,12130020.0,11652704,41.3709,71.9473675990191,7.44186820857504,20.610772774074,,,,,,,,,,,,,,,,,,0,,
MOZ,Mozambique,Sub-Saharan Africa,country,2018,29018644.0,45.3724880223127,51.8335272345336,2.79398474315366,78.949,4.21,8.173,12515124.0,11988237,41.3122,71.8528341063374,7.28056052012071,20.8665970320715,,,,,,,,,,,,,,,,,,0,,
MOZ,Mozambique,Sub-Saharan Africa,country,2019,29884380.0,45.2864707248402,51.9043292850646,2.80919999009516,78.917,4.462,8.511,12903560.0,12327803,41.2517,71.7705840243514,7.07962677925749,21.1497973081221,,,,,,,,,,,,,,,,,,0,,
MOZ,Mozambique,Sub-Saharan Africa,country,2020,30783688.0,45.1844236467054,52.004506412617,2.81106994067767,78.149,5.019,9.707,13187062.0,12525203,40.6878,73.1793099285632,6.71284505248461,20.1078370350452,,,,,,,,,,,,,,,,,,0,,
MOZ,Mozambique,Sub-Saharan Africa,country,2021,31707800.0,45.079379521758,52.1299790587805,2.79064141946146,78.074,5.413,9.836,13595901.0,12859955,40.5577,73.5138779786709,6.50954190252048,19.976564566726,,,,,,,,,,,,,,,,,,0,,
MOZ,Mozambique,Sub-Saharan Africa,country,2022,32656246.0,44.9533222526557,52.2735788430795,2.77309890426475,78.817,6.789,11.619,14168284.0,13206399,40.4407,73.4794529510011,6.37630430636052,20.1442503147539,0.2995,2.6227,1.5219,0.4809,10.5457,73.0388,4.7802,2.514,4.1963,4.925,2.9222,95.075,1.4702,0.1456,63510,650415,ISCO-08,9,,
MOZ,Mozambique,Sub-Saharan Africa,country,2023,33635160.0,44.7548651470663,52.47836490149,2.76676995144367,78.811,6.661,11.471,14644495.0,13669025,40.6391,73.051175428303,6.40173501323427,20.5470822426707,,,,,,,,,,,,,,,,,,0,,
MOZ,Mozambique,Sub-Saharan Africa,country,2024,34631766.0,44.4790889381731,52.7671675767271,2.75374348509978,78.783,6.668,11.498,15148294.0,14138206,40.8244,73.0731985547994,6.42812365191465,20.4986707202032,,,,,,,,,,,,,,,,,,0,,
MOZ,Mozambique,Sub-Saharan Africa,country,2025,35631653.0,44.1685262258251,53.0975927499069,2.73388102426795,78.709,6.628,11.61,15658114.0,14620294,41.0318,73.0060812164895,6.43994738868829,20.5539713948222,,,,,,,,,,,,,,,,,,0,,
MRT,Mauritania,Sub-Saharan Africa,country,2013,3734318.0,44.17474031741,52.0748966645454,3.75036301804466,43.058,9.926,16.199,897627.0,808529,21.6513,37.5563825616328,13.7376180988177,48.7061230194214,,,,,,,,,,,,,,,,,,0,,
MRT,Mauritania,Sub-Saharan Africa,country,2014,3848514.0,44.2277518319736,52.1390271854315,3.63322098259497,42.567,10.026,17.358,913659.0,822056,21.3603,36.9489294564016,13.7308879289686,49.3201826146299,,,,,,,,,,,,,,,,,,0,,
MRT,Mauritania,Sub-Saharan Africa,country,2015,3965959.0,44.2531105658317,52.2134686986765,3.53342073549181,42.077,10.104,18.503,930280.0,836285,21.0866,36.3004238985513,13.8457583240163,49.8538177774323,,,,,,,,,,,,,,,,,,0,,
MRT,Mauritania,Sub-Saharan Africa,country,2016,4086657.0,44.245265047356,52.3037720444574,3.45096290818668,41.589,10.287,19.825,947607.0,850127,20.8025,36.1025829233922,13.6910937488972,50.2063233277106,,,,,,,,,,,,,,,,,,0,,
MRT,Mauritania,Sub-Saharan Africa,country,2017,4210600.0,44.2001786206453,52.4143770976081,3.38544428174658,41.102,10.336,20.967,965695.0,865881,20.5643,35.3647832735101,13.8847697844053,50.7504469420846,,,,,,,,,,,,,,,,,,0,,
MRT,Mauritania,Sub-Saharan Africa,country,2018,4337685.0,44.1137841959478,52.5508076312595,3.33540817279263,41.079,10.411,22.196,995824.0,892149,20.5674,34.748587697274,14.0382890961263,51.2131232065997,,,,,,,,,,,,,,,,,,0,,
MRT,Mauritania,Sub-Saharan Africa,country,2019,4467708.0,43.9837384179987,52.7171314687531,3.29913011324822,41.045,10.416,23.371,1027210.0,920216,20.597,34.0103128073331,14.1590823883549,51.830604804312,,,,,,,,,,,,,,,,,,0,,
MRT,Mauritania,Sub-Saharan Africa,country,2020,4600131.0,43.8157848113456,52.9241015092831,3.2601136793713,40.548,11.051,25.518,1047982.0,932170,20.264,35.2203302190912,14.188521609279,50.5911481716298,,,,,,,,,,,,,,,,,,0,,
MRT,Mauritania,Sub-Saharan Africa,country,2021,4734874.0,43.6141760462711,53.1643552537665,3.22146869996237,40.703,11.131,24.854,1086687.0,965728,20.3961,35.267475308936,14.302074898471,50.430449792593,,,,,,,,,,,,,,,,,,0,,
MRT,Mauritania,Sub-Saharan Africa,country,2022,4875637.0,43.3523205939736,53.4391759026384,3.20850350338802,40.939,10.52,23.509,1130709.0,1011758,20.7513,34.4594768231427,14.5119012554584,51.0287207608264,,,,,,,,,,,,,,,,,,0,,
MRT,Mauritania,Sub-Saharan Africa,country,2023,5022441.0,43.0360811569433,53.7485902025937,3.21532864046301,40.926,10.37,23.24,1170884.0,1049463,20.8955,33.4051155296335,14.8268032180022,51.7680812523643,,,,,,,,,,,,,,,,,,0,,
MRT,Mauritania,Sub-Saharan Africa,country,2024,5169395.0,42.7112125586057,54.0603732099817,3.22841423141255,40.896,10.257,23.038,1211128.0,1086903,21.0257,32.7961762635765,14.9223246035726,52.2814991328509,,,,,,,,,,,,,,,,,,0,,
MRT,Mauritania,Sub-Saharan Africa,country,2025,5315065.0,42.3845750131537,54.368691104313,3.24673388253332,40.772,10.319,22.921,1248560.0,1119721,21.0669,32.1227244148495,15.0426181017976,52.8346574833529,,,,,,,,,,,,,,,,,,0,,
MUS,Mauritius,Sub-Saharan Africa,country,2013,1258927.0,19.7401825817294,72.2340370732856,8.02578034498505,59.708,7.322,22.175,603297.0,559124,44.4127,6.75173188410852,26.6682247228637,66.579868983752,4.4297,9.292,10.3389,8.2686,19.8527,4.655,18.1793,8.9828,16.0011,32.3292,13.7217,67.6709,34.2701,0.3596,46232,180760,ISCO-08,9,,
MUS,Mauritius,Sub-Saharan Africa,country,2014,1261208.0,19.3293831406934,72.2508706432524,8.4197462160542,59.973,7.467,24.728,610180.0,564618,44.768,6.93958914672393,25.9367987192387,67.1236121340373,4.7338,9.4167,10.6464,8.351,20.0301,4.9279,17.7245,8.0694,16.1,33.1479,14.1505,66.8519,34.5371,0.3634,47151,187159,ISCO-08,9,,
MUS,Mauritius,Sub-Saharan Africa,country,2015,1262879.0,18.8617287877082,72.2583535786293,8.87991763366248,60.342,7.41,25.564,618312.0,572495,45.3325,7.12128790193592,25.0040541394044,67.8746579586597,4.7577,9.6297,10.2065,8.8232,20.7962,5.1254,16.6114,7.626,16.4239,33.4171,14.3874,66.5829,37.4782,0.3671,50512,191311,ISCO-08,9,,
MUS,Mauritius,Sub-Saharan Africa,country,2016,1263747.0,18.3973800968955,72.2217039975507,9.38091590555375,59.658,6.814,22.979,615224.0,573303,45.3653,6.80907193695854,25.8261138138686,67.3648142491728,4.4096,9.2245,11.0553,8.4809,21.2666,4.3435,17.9667,7.8639,15.389,33.1703,13.6341,66.8297,35.6722,0.3669,48621,190166,ISCO-08,9,,
MUS,Mauritius,Sub-Saharan Africa,country,2017,1264887.0,17.9120679035064,72.1965591114589,9.89137298503473,59.887,6.752,24.231,621819.0,579834,45.8408,6.56810564407493,24.2639614499862,69.1679329059388,3.7733,9.5765,10.583,9.4074,20.9258,4.5558,17.5617,8.0311,15.5853,33.3402,13.3498,66.6597,36.4128,0.3698,54547,193318,ISCO-08,9,,
MUS,Mauritius,Sub-Saharan Africa,country,2018,1265577.0,17.3975924741249,72.2057581526241,10.3966493732511,59.274,6.426,24.196,619649.0,579830,45.8155,5.84972793735362,23.6979859065961,70.4524555072152,4.1221,9.7895,11.1251,9.03,20.7496,4.3239,16.7943,7.9935,16.0719,34.0667,13.9116,65.9332,37.6052,0.3719,52359,197529,ISCO-08,9,,
MUS,Mauritius,Sub-Saharan Africa,country,2019,1265985.0,16.872312966951,72.2329293227705,10.8947577102786,59.747,6.331,22.083,628768.0,588961,46.522,5.262929212073,23.5062910161048,71.2307797718222,3.5562,10.4941,10.1099,8.6721,22.4386,3.9405,17.1643,7.5921,16.0322,32.8323,14.0503,67.1677,35.0723,0.3698,51075,193369,ISCO-08,9,,
MUS,Mauritius,Sub-Saharan Africa,country,2020,1266014.0,16.3546398404642,72.2441851494245,11.4011750101113,55.714,8.626,25.032,589990.0,539097,42.5822,5.31785814286734,23.4043954957972,71.2777463613354,,,,,,,,,,,,,,,,,,0,,
MUS,Mauritius,Sub-Saharan Africa,country,2021,1266334.0,15.8821325178851,72.2163589524575,11.9015085296574,52.584,7.719,25.369,560132.0,516895,40.8182,5.3394164147472,22.1313248698602,72.5292587153926,2.8424,9.1839,10.8712,10.7103,21.856,4.1668,16.0626,7.7112,16.5955,33.6078,12.0263,66.3921,37.7617,0.3761,55361,173717,ISCO-08,9,,
MUS,Mauritius,Sub-Saharan Africa,country,2022,1262523.0,15.4755453893982,72.1286907010613,12.3957639095405,55.559,6.322,22.321,592892.0,555409,43.992,5.46711483755587,22.7952610737932,71.7376240886509,2.1018,8.5626,9.9692,10.8458,21.6445,3.61,17.7115,8.0318,17.5229,31.4794,10.6644,68.5207,33.8434,0.3662,60239,174839,ISCO-08,9,,
MUS,Mauritius,Sub-Saharan Africa,country,2023,1248647.0,15.1242395499958,71.9341733747491,12.9415870752551,58.996,5.571,16.448,625239.0,590407,47.2837,5.07173696446363,21.1577548987047,73.7705081368316,6.0447,12.4467,12.1048,8.8494,21.5611,4.1996,15.0263,6.8336,12.9339,39.4456,18.4914,60.5545,39.6072,0.3998,52247,232890,ISCO-08,9,,
MUS,Mauritius,Sub-Saharan Africa,country,2024,1245779.0,14.8108552049334,71.6632485531035,13.5258962419631,58.664,5.548,16.499,622583.0,588042,47.2028,4.89392197056814,20.9826175357899,74.1236271519757,4.7733,13.1166,12.4006,9.2857,21.16,4.2704,14.7686,6.8101,13.4147,39.5762,17.8899,60.4238,38.6126,0.4019,54604,232725,ISCO-08,9,,
MUS,Mauritius,Sub-Saharan Africa,country,2025,1243741.0,14.5371347561795,71.3483108415771,14.1145544022434,58.548,5.635,17.374,622328.0,587260,47.2172,4.71100587289368,20.6210873119113,74.6679068151951,,,,,,,,,,,,,,,,,,0,,
MWI,Malawi,Sub-Saharan Africa,country,2013,16161816.0,45.951684697799,50.7835676010532,3.26474770114781,70.268,4.978,6.751,6138043.0,5832491,36.0881,66.05838433643,7.43262439071895,26.5089912728511,0.5815,3.1035,0.2431,1.0386,18.6357,45.8888,4.1163,5.1612,21.2313,4.9667,3.685,95.0333,1.9692,0.1781,60576,289682,ISCO-08,9,,
MWI,Malawi,Sub-Saharan Africa,country,2014,16621538.0,45.7217647368132,51.1134469024467,3.16478836074014,68.636,4.967,6.753,6192255.0,5884686,35.404,65.5944369192202,7.45700723560081,26.9485388518235,,,,,,,,,,,,,,,,,,0,,
MWI,Malawi,Sub-Saharan Africa,country,2015,17085587.0,45.4289835052199,51.5010809988559,3.06993549592414,66.956,4.953,6.75,6242829.0,5933622,34.7288,65.3424897402481,7.4618491939916,27.1956442126505,,,,,,,,,,,,,,,,,,0,,
MWI,Malawi,Sub-Saharan Africa,country,2016,17557739.0,45.0660446655461,51.9561943596496,2.97776097480433,65.232,5.011,6.819,6291731.0,5976452,34.0388,65.1682407735085,7.46328269252168,27.3684598015027,,,,,,,,,,,,,,,,,,0,,
MWI,Malawi,Sub-Saharan Africa,country,2017,18039715.0,44.6414563644714,52.4613637188836,2.89717991664502,63.467,5.046,6.865,6338147.0,6018324,33.3615,64.8075806603302,7.47607864197338,27.7163573137893,,,,,,,,,,,,,,,,,,0,,
MWI,Malawi,Sub-Saharan Africa,country,2018,18528081.0,44.1768929011051,52.9962331231173,2.82687397577763,63.373,5.021,6.853,6554638.0,6225530,33.6005,64.3619273476322,7.50319005806998,28.1348825942979,,,,,,,,,,,,,,,,,,0,,
MWI,Malawi,Sub-Saharan Africa,country,2019,19025752.0,43.668681269471,53.5661428783472,2.76517585218182,63.271,4.964,6.812,6781042.0,6444431,33.8721,63.8845220843414,7.52470380341047,28.5907896294689,,,,,,,,,,,,,,,,,,0,,
MWI,Malawi,Sub-Saharan Africa,country,2020,19533888.0,43.1180685360249,54.174280465166,2.70765099880912,68.264,5.72,7.831,7584986.0,7151125,36.6088,64.9198495688403,7.41322618455309,27.6669242466066,,,,,,,,,,,,,,,,,,0,,
MWI,Malawi,Sub-Saharan Africa,country,2021,20047258.0,42.536827230936,54.8094108431188,2.65376192594518,62.931,5.652,7.632,7249519.0,6839776,34.1183,65.2502232184304,7.35444601257392,27.3953307689957,,,,,,,,,,,,,,,,,,0,,
MWI,Malawi,Sub-Saharan Africa,country,2022,20568728.0,41.9334292329599,55.4533513205095,2.61321944653068,63.07,5.02,6.848,7532800.0,7154653,34.7841,65.4157246269858,7.31760770001431,27.2666676729999,,,,,,,,,,,,,,,,,,0,,
MWI,Malawi,Sub-Saharan Africa,country,2023,21104482.0,41.3160806004127,56.0913516832265,2.59256771636073,62.998,5.009,6.842,7802263.0,7411448,35.1179,65.2994551680775,7.3286639879322,27.3718673513721,,,,,,,,,,,,,,,,,,0,,
MWI,Malawi,Sub-Saharan Africa,country,2024,21655286.0,40.705553369279,56.7083274725626,2.58611915815843,62.926,5.051,6.889,8079939.0,7671821,35.427,65.2386199205111,7.32680541012683,27.4345746693621,12.2575,5.3506,2.3889,0.6497,18.5893,25.4906,7.0261,2.2982,25.9492,20.6467,17.6081,79.3534,16.3677,0.2565,49844,1583978,ISCO-08,9,,
MWI,Malawi,Sub-Saharan Africa,country,2025,22216120.0,40.1264766333292,57.284943484392,2.58857988227872,62.577,5.072,6.947,8323726.0,7901547,35.5667,64.9775164281121,7.34349868449811,27.6789722316402,,,,,,,,,,,,,,,,,,0,,
MYS,Malaysia,East Asia & Pacific,country,2013,30174265.0,26.5645232214359,68.0468847881943,5.38859199036981,63.964,3.14,10.072,14173536.0,13728487,45.4973,12.6929814785273,27.9426283781274,59.3643901433453,5.1347,9.4845,9.5429,8.7906,21.491,8.713,11.0157,12.5092,13.3184,32.9527,14.6192,67.0473,,0.3657,1206816,4523907,ISCO-08,9,,
MYS,Malaysia,East Asia & Pacific,country,2014,30696137.0,26.1736652102782,68.2812916863332,5.5450431033886,64.962,2.88,9.77,14721580.0,14297598,46.5778,12.5700018051896,27.7466386648955,59.6833595299149,4.7962,9.9368,9.8696,8.9355,22.8787,7.2362,11.2261,11.9768,13.1441,33.5381,14.733,66.4619,,0.3731,1277562,4795143,ISCO-08,9,,
MYS,Malaysia,East Asia & Pacific,country,2015,31232798.0,25.8167043794268,68.4748204191443,5.70847520142888,65.185,3.1,10.979,15103051.0,14634856,46.8573,12.4690778902687,27.5188412788598,60.0120876639206,,,,,,,,,,,,,,,,,,0,,
MYS,Malaysia,East Asia & Pacific,country,2016,31789685.0,25.5019415023782,68.6181245800623,5.87993391755952,65.09,3.44,10.836,15415068.0,14884790,46.8227,11.3671005610583,27.4867972058341,61.1460887965168,,,,,,,,,,,,,,,,,,0,,
MYS,Malaysia,East Asia & Pacific,country,2017,32355644.0,25.2040737436091,68.7308114044831,6.06511485190783,65.202,3.41,11.277,15779343.0,15241267,47.1054,11.2939340883286,27.7174531720201,60.9886193008338,,,,,,,,,,,,,,,,,,0,,
MYS,Malaysia,East Asia & Pacific,country,2018,32910967.0,24.8758172313807,68.8574738627401,6.26670890587931,65.574,3.3,11.395,16212579.0,15677564,47.6363,10.6274389987205,27.1110391043493,62.2615155183785,,,,,,,,,,,,,,,,,,0,,
MYS,Malaysia,East Asia & Pacific,country,2019,33440596.0,24.4741126096274,69.0435656266947,6.48232176367792,65.871,3.33,11.211,16636582.0,16082584,48.093,10.2240384296119,27.9242134883929,61.8517542998961,,,,,,,,,,,,,,,,,,0,,
MYS,Malaysia,East Asia & Pacific,country,2020,33889558.0,23.9610306519632,69.314063209174,6.7249061388628,65.473,4.54,12.365,16871915.0,16105930,47.5248,10.470225235867,26.1668675751684,63.3629009801003,,,,,,,,,,,,,,,,,,0,,
MYS,Malaysia,East Asia & Pacific,country,2021,34282399.0,23.3932786237229,69.6481154899357,6.95860588634135,65.619,4.64,11.579,17233270.0,16433646,47.9361,10.2892948363062,25.9296867517211,63.7810123268587,,,,,,,,,,,,,,,,,,0,,
MYS,Malaysia,East Asia & Pacific,country,2022,34695493.0,22.8336703559739,69.9806902873523,7.18563935667379,66.223,3.93,12.159,17730042.0,17033251,49.0936,10.0105928565176,26.0718420292351,63.9175651142473,,,,,,,,,,,,,,,,,,0,,
MYS,Malaysia,East Asia & Pacific,country,2023,35126298.0,22.2879920337748,70.2608342046179,7.45117376160733,66.178,3.858,12.146,18064842.0,17367900,49.4442,9.74966658350567,25.9966868796068,64.2536465368875,,,,,,,,,,,,,,,,,,0,,
MYS,Malaysia,East Asia & Pacific,country,2024,35557673.0,21.7863930270916,70.4757553949642,7.73785157794421,66.107,3.846,12.25,18384977.0,17677891,49.7161,9.43694338106628,26.0022237887699,64.5608215166271,,,,,,,,,,,,,,,,,,0,,
MYS,Malaysia,East Asia & Pacific,country,2025,35977838.0,21.3091653811994,70.6576531919455,8.03318142685505,66.12,3.764,11.953,18719406.0,18014808,50.072,9.18230248992663,25.9558514796811,64.8618460303923,,,,,,,,,,,,,,,,,,0,,
NAC,North America,AGGREGATE,region,2013,351870848.0,19.0958,67.0505,13.8537,63.1145,7.3519,15.3272,179677425.0,166507485,47.3206,1.7375,19.8683,78.3942,10.0142,20.7375,14.6636,10.9494,18.3358,0.5862,9.7131,6.2565,8.7438,56.3647,30.7517,43.6354,33.5155,0.4852,18231623,93851444,,,100.0,3
NAC,North America,AGGREGATE,region,2014,354755155.0,18.9995,66.83,14.1705,62.8041,6.2534,13.3902,180471162.0,169172165,47.687,1.7647,19.8792,78.3561,9.9912,21.0103,14.7397,10.7405,18.0087,0.5606,9.8086,6.2944,8.8459,56.4817,31.0015,43.5183,34.4528,0.4849,18170017,95551315,,,100.0,3
NAC,North America,AGGREGATE,region,2015,357583083.0,18.8955,66.6242,14.4803,62.6285,5.4463,11.7464,181633364.0,171715018,48.021,1.8696,19.7174,78.413,10.5581,21.4669,14.606,10.3914,18.0348,0.4138,9.6703,6.0015,8.8572,57.0224,32.025,42.9776,35.0692,0.4866,15938085,97916024,,,89.32,3
NAC,North America,AGGREGATE,region,2016,360527592.0,18.7815,66.4258,14.7927,62.7523,5.0863,10.6489,183743933.0,174366732,48.3643,1.9018,19.5911,78.5071,10.6006,21.7318,14.3408,10.2176,18.189,0.4132,9.5755,6.0101,8.9213,56.8908,32.3324,43.1091,35.0134,0.4861,15929936,99198629,,,89.41,3
NAC,North America,AGGREGATE,region,2017,363217262.0,18.6598,66.2176,15.1225,62.8745,4.5634,9.4391,185752733.0,177245783,48.7988,1.8435,19.5765,78.5799,10.6161,21.9936,14.4531,10.1073,17.7751,0.4471,9.6302,6.017,8.9606,57.1701,32.6097,42.83,35.84,0.4865,16008503,101331591,,,89.36,3
NAC,North America,AGGREGATE,region,2018,365666028.0,18.5119,66.0099,15.4783,62.8916,4.0928,8.8201,187393348.0,179696707,49.1423,1.787,19.7031,78.5099,10.7578,22.2461,14.4124,9.8718,17.6703,0.4194,9.5876,5.9999,9.0348,57.2881,33.0039,42.712,36.3547,0.4864,15843806,102944829,,,89.31,3
NAC,North America,AGGREGATE,region,2019,367908829.0,18.3393,65.7972,15.8634,63.1508,3.8757,8.6173,189719949.0,182338767,49.5609,1.7614,19.7045,78.5341,11.0695,22.4656,14.4581,9.9121,17.4011,0.4428,9.291,5.8764,9.0835,57.9053,33.5351,42.0948,36.1428,0.4887,16129249,105583810,,,89.24,3
NAC,North America,AGGREGATE,region,2020,369671124.0,18.1333,65.5975,16.2692,61.8174,8.2198,15.4295,187070586.0,171673555,46.4395,1.7253,19.4263,78.8484,11.521,23.0941,17.378,8.9462,14.517,0.4456,8.4632,5.6851,9.9499,60.9393,34.6151,39.0608,36.8497,0.4948,13700964,104616663,,,89.21,3
NAC,North America,AGGREGATE,region,2021,370404678.0,17.8974,65.421,16.6816,61.8824,5.5739,10.1018,188188052.0,177664370,47.9649,1.6299,19.2003,79.1698,11.4312,22.4429,17.0869,8.8033,14.7498,0.4353,8.6201,5.8073,10.6232,59.7643,33.8741,40.2357,36.3461,0.4888,13930325,106179867,,,89.07,3
NAC,North America,AGGREGATE,region,2022,373011185.0,17.6375,65.2313,17.1312,62.1546,3.8201,8.3115,190945914.0,183626765,49.2282,1.5858,19.2872,79.1271,11.7165,22.6828,17.0568,8.6055,14.5963,0.4233,8.4593,5.8884,10.5711,60.0616,34.3993,39.9384,36.1623,0.4895,14052548,110289173,,,88.93,3
NAC,North America,AGGREGATE,region,2023,376868838.0,17.3506,65.0122,17.6371,62.4287,3.8269,8.2562,194444913.0,186977041,49.6133,1.5362,19.322,79.1418,11.8599,22.9206,17.1785,8.4279,14.741,0.4167,8.3317,5.8417,10.2819,60.3869,34.7805,39.613,36.9327,0.4911,13990927,112909639,,,88.78,3
NAC,North America,AGGREGATE,region,2024,381330762.0,17.0845,64.7837,18.1318,62.2599,4.2741,9.3914,196842646.0,188397507,49.4053,1.5195,19.0312,79.4493,11.6867,23.232,17.3802,8.3151,14.5751,0.3953,8.2408,5.6802,10.4946,60.614,34.9187,39.386,37.5529,0.4918,13899647,114195265,,,88.73,3
NAC,North America,AGGREGATE,region,2025,383501065.0,16.8683,64.5403,18.5914,62.0095,4.4923,9.8245,197680392.0,188762858,49.2209,1.4776,18.8938,79.6286,11.6979,23.001,17.7732,8.2726,14.7149,0.3987,8.1486,5.6138,10.3794,60.7447,34.6989,39.2554,37.1995,0.4925,13856141,114663432,,,88.73,3
NAM,Namibia,Sub-Saharan Africa,country,2013,2252508.0,36.6062266163376,59.8920536335617,3.50171975010072,61.701,19.028,40.505,881059.0,713411,31.6719,31.392291152122,14.4430863425725,54.1644823342407,2.9991,7.3879,4.7966,5.0529,14.5666,27.5051,12.8868,4.4159,20.3891,20.2365,10.387,79.7635,17.9719,0.2656,36048,144369,ISCO-88,9,,
NAM,Namibia,Sub-Saharan Africa,country,2014,2312139.0,36.5482214841369,59.9350774185889,3.51670109727423,60.825,18.521,38.733,892359.0,727085,31.4464,29.3209753440785,14.8319252028987,55.8470994530228,3.259,7.5274,5.6383,5.4245,14.7593,24.1871,14.0468,4.8771,20.2805,21.8492,10.7864,78.1508,15.9238,0.2769,39441,158862,ISCO-88,9,,
NAM,Namibia,Sub-Saharan Africa,country,2015,2374300.0,36.5083891059237,59.9581897734469,3.53342112062947,60.639,20.791,41.224,914121.0,724066,30.496,24.4087539223052,17.0031930879038,58.5881910991294,,,,,,,,,,,,,,,,,,0,,
NAM,Namibia,Sub-Saharan Africa,country,2016,2439213.0,36.5439180588165,59.9115575392555,3.544524401928,60.453,23.352,44.21,935710.0,717203,29.403,20.0712772884513,19.3335461984749,60.5951765130738,4.8176,9.4915,6.2523,8.4116,14.7729,12.5897,13.9318,4.388,25.3446,28.973,14.3091,71.027,25.821,0.3242,60328,207795,ISCO-88,9,,
NAM,Namibia,Sub-Saharan Africa,country,2017,2506853.0,36.66658954474,59.7812875346101,3.55212292064991,59.668,21.748,41.466,947334.0,741308,29.5713,21.3871873284294,17.6271021822091,60.9858453851477,,,,,,,,,,,,,,,,,,0,,
NAM,Namibia,Sub-Saharan Africa,country,2018,2577327.0,36.8285702257747,59.6109379234645,3.56049185076086,58.879,19.877,37.974,958630.0,768083,29.8015,22.5906155608791,16.2205759816686,61.1888084574523,5.3688,8.2259,5.877,6.1131,14.2944,17.4772,13.306,5.012,24.3256,25.5848,13.5947,74.4152,16.0054,0.2977,46954,196512,ISCO-88,9,,
NAM,Namibia,Sub-Saharan Africa,country,2019,2650494.0,36.9756851032892,59.4533208803112,3.57099401639958,58.923,19.929,38.157,984283.0,788125,29.735,22.8546922006225,16.2156606739777,60.9296471253998,,,,,,,,,,,,,,,,,,0,,
NAM,Namibia,Sub-Saharan Africa,country,2020,2728762.0,37.1394861734893,59.2853021416492,3.57521168486143,55.981,21.003,41.505,960250.0,758569,27.799,23.592595082635,16.0325187818771,60.3747543097141,,,,,,,,,,,,,,,,,,0,,
NAM,Namibia,Sub-Saharan Africa,country,2021,2810548.0,37.3547680656527,59.0999440500472,3.54528788430012,56.482,20.931,40.1,994464.0,786313,27.9772,23.4867406996678,16.1656382421317,60.3476210582005,,,,,,,,,,,,,,,,,,0,,
NAM,Namibia,Sub-Saharan Africa,country,2022,2889662.0,37.4728882698239,59.003897513983,3.52321421619307,58.908,19.615,37.809,1064363.0,855588,29.6086,23.2315546610377,16.2814318206788,60.4870135182835,,,,,,,,,,,,,,,,,,0,,
NAM,Namibia,Sub-Saharan Africa,country,2023,2963095.0,37.2923244107934,59.1364941049815,3.57118148422511,58.898,19.154,37.129,1094377.0,884760,29.8593,22.9420926400213,16.3923920439261,60.6654022907959,,,,,,,,,,,,,,,,,,0,,
NAM,Namibia,Sub-Saharan Africa,country,2024,3030131.0,36.9797378397172,59.3473021463429,3.67296001393999,58.871,19.157,37.24,1124198.0,908835,29.9933,22.6411731113925,16.4717092616779,60.8871176269295,,,,,,,,,,,,,,,,,,0,,
NAM,Namibia,Sub-Saharan Africa,country,2025,3092816.0,36.6506386654365,59.5563138000589,3.79304753450455,58.838,19.291,38.05,1152801.0,930414,30.0831,22.3382039197562,16.5470247147778,61.1148788443866,,,,,,,,,,,,,,,,,,0,,
NCL,New Caledonia,East Asia & Pacific,country,2013,276822.0,24.8641726452377,66.8687821054685,8.26704524929377,64.064,14.39,37.577,133249.0,114074,41.2084,1.84618621409098,25.4600124481692,72.6938013377399,,,,,,,,,,,,,,,,,,0,,
NCL,New Caledonia,East Asia & Pacific,country,2014,281224.0,24.5659606470987,66.9189562075851,8.51508314531629,63.898,14.59,38.207,135552.0,115775,41.1683,1.70244007773699,25.3889008853379,72.9086590369251,,,,,,,,,,,,,,,,,,0,,
NCL,New Caledonia,East Asia & Pacific,country,2015,283168.0,24.2011809243982,67.0022742682789,8.79654480732286,62.693,13.621,37.587,134563.0,116234,41.0477,1.56235213145782,25.4389813739407,72.9986664946015,,,,,,,,,,,,,,,,,,0,,
NCL,New Caledonia,East Asia & Pacific,country,2016,283423.0,23.7775339333787,67.1305786756897,9.09188739093157,61.452,12.679,37.053,132756.0,115924,40.9014,1.44406200667685,24.9113635775472,73.644574415776,,,,,,,,,,,,,,,,,,0,,
NCL,New Caledonia,East Asia & Pacific,country,2017,283546.0,23.360759806169,67.2546958870871,9.38454430674388,60.205,11.676,36.413,130830.0,115554,40.7532,1.32492168163802,25.0895685134223,73.5855098049397,,,,,,,,,,,,,,,,,,0,,
NCL,New Caledonia,East Asia & Pacific,country,2018,283541.0,22.9596425208347,67.3595705735679,9.68078690559743,58.939,11.702,39.948,128747.0,113681,40.0933,1.05911330049261,22.1384588318086,76.8024278676988,,,,,,,,,,,,,,,,,,0,,
NCL,New Caledonia,East Asia & Pacific,country,2019,283606.0,22.5959605932174,67.4121845094956,9.99185489728708,57.647,10.88,32.409,126548.0,112780,39.7664,1.90283652098352,22.2089218737531,75.8891282951613,,,,,,,,,,,,,,,,,,0,,
NCL,New Caledonia,East Asia & Pacific,country,2020,284176.0,22.3026886459647,67.4425928956124,10.2547184584228,57.677,13.558,46.146,127349.0,110083,38.7376,1.9058173758221,22.0131899276916,76.0809926964863,,,,,,,,,,,,,,,,,,0,,
NCL,New Caledonia,East Asia & Pacific,country,2021,285214.0,22.029598827547,67.4616253059106,10.5087758665423,57.367,11.574,34.404,127574.0,112809,39.5524,1.8810555895363,22.1932647217864,75.9265661427723,,,,,,,,,,,,,,,,,,0,,
NCL,New Caledonia,East Asia & Pacific,country,2022,287123.0,21.7617536735127,67.4451367532382,10.7931095732491,57.592,10.71,33.324,129375.0,115519,40.2333,1.84127149015738,22.0857355563635,76.0729929534791,,,,,,,,,,,,,,,,,,0,,
NCL,New Caledonia,East Asia & Pacific,country,2023,289870.0,21.5262385314771,67.3834259899714,11.0903354785516,57.247,10.922,31.752,130221.0,115998,40.0172,1.80951395713719,21.8814117484784,76.3090742943844,,,,,,,,,,,,,,,,,,0,,
NCL,New Caledonia,East Asia & Pacific,country,2024,292639.0,21.3062488146679,67.2677475187048,11.4260036666274,56.883,10.991,31.829,130995.0,116597,39.8433,1.80020240484399,21.092986157567,77.106811437589,,,,,,,,,,,,,,,,,,0,,
NCL,New Caledonia,East Asia & Pacific,country,2025,295333.0,21.0894143221381,67.1328635811101,11.7777220967518,56.421,11.174,33.109,131488.0,116796,39.5472,1.78173910065413,20.6479673961437,77.5702935032022,,,,,,,,,,,,,,,,,,0,,
NER,Niger,Sub-Saharan Africa,country,2013,18519898.0,49.4002059460531,48.1725183321064,2.42727572184048,75.666,1.401,2.328,7090684.0,6991344,37.7504,74.5481103106886,7.2788239339477,18.1730657553637,,,,,,,,,,,,,,,,,,0,,
NER,Niger,Sub-Saharan Africa,country,2014,19215909.0,49.3246975722044,48.241566402089,2.43373602570662,73.565,0.524,0.674,7163554.0,7126017,37.0839,74.3687514348791,7.3853261476647,18.2459364505035,,,,,,,,,,,,,,,,,,0,,
NER,Niger,Sub-Saharan Africa,country,2015,19939498.0,49.1922991240803,48.3639658330415,2.44373504287821,73.342,0.556,0.704,7430131.0,7388819,37.0562,74.4956625879551,7.50446652545395,17.9998708865909,,,,,,,,,,,,,,,,,,0,,
NER,Niger,Sub-Saharan Africa,country,2016,20685753.0,49.0136097773765,48.52866249228,2.45772773034349,73.118,0.55,0.716,7711696.0,7669282,37.0752,74.5654231807336,7.61469756040317,17.8198792588633,,,,,,,,,,,,,,,,,,0,,
NER,Niger,Sub-Saharan Africa,country,2017,21435446.0,48.8152696049509,48.711024050747,2.47370634430218,72.892,0.556,0.734,7997473.0,7953007,37.1021,74.6338392347905,7.73738272444432,17.6287906145355,4.4303,6.0199,5.1537,1.1934,27.1901,27.2934,15.2299,3.4475,10.0418,16.7973,10.4502,83.2027,7.3822,0.2667,94911,1335890,ISCO-08,9,,
NER,Niger,Sub-Saharan Africa,country,2018,22188069.0,48.5876170657302,48.9209628832505,2.49142005101931,72.666,0.536,0.739,8289312.0,8244881,37.1591,74.4860810587904,7.85954434752234,17.6543745936872,,,,,,,,,,,,,,,,,,0,,
NER,Niger,Sub-Saharan Africa,country,2019,22947757.0,48.3222707055363,49.1669828740346,2.5107464204291,72.438,0.531,0.75,8590335.0,8544720,37.2355,74.4532544571212,7.99170526468054,17.5550402781983,,1.0559,0.899,0.8629,12.137,78.2662,3.4322,0.4721,2.8747,2.8178,1.0559,97.1822,,0.1348,73732,240773,ISCO-08,8,,
NER,Niger,Sub-Saharan Africa,country,2020,23717613.0,48.0192473833845,49.4543791262978,2.52637349031765,74.144,0.591,0.743,9140912.0,9086889,38.3128,75.3290339222675,8.35878274643691,16.3121833312956,,,,,,,,,,,,,,,,,,0,,
NER,Niger,Sub-Saharan Africa,country,2021,24502140.0,47.681035207537,49.7819108861512,2.53705390631186,76.515,0.806,0.718,9808662.0,9729604,39.7092,74.9532795384677,8.71036109420693,16.3363593673253,,,,,,,,,,,,,,,,,,0,,
NER,Niger,Sub-Saharan Africa,country,2022,25311973.0,47.3266584157624,50.1226158861658,2.55072569807182,79.612,0.403,0.397,10614399.0,10571623,41.7653,73.8667727620227,9.27599378789745,16.8572334500798,0.062,1.2904,0.6838,0.5556,16.5398,73.082,3.8909,0.2821,3.6133,2.5918,1.3524,97.4081,,0.1454,58736,273995,ISCO-08,9,,
NER,Niger,Sub-Saharan Africa,country,2023,26159867.0,46.9657223410195,50.4632420340669,2.57103562491354,79.56,0.407,0.398,11037913.0,10992989,42.0223,74.1907785749458,9.21317430646188,16.5960471185924,,,,,,,,,,,,,,,,,,0,,
NER,Niger,Sub-Saharan Africa,country,2024,27032412.0,46.6010183145881,50.8045998484227,2.59438183698921,79.561,0.376,0.391,11484657.0,11441475,42.325,73.4613577431522,9.2078007844415,17.3308414724063,,,,,,,,,,,,,,,,,,0,,
NER,Niger,Sub-Saharan Africa,country,2025,27917831.0,46.2263651499287,51.1556359804599,2.61799886961133,79.741,0.394,0.457,11971064.0,11923898,42.7107,72.9925082692836,9.2704538186894,17.7370462985117,,,,,,,,,,,,,,,,,,0,,
NGA,Nigeria,Sub-Saharan Africa,country,2013,181049443.0,44.4528313185697,52.549360231945,2.99780844948526,80.844,3.711,7.713,81303065.0,78285908,43.2401,41.5548815821678,13.8414585365112,44.603659881321,1.193,6.3249,20.8323,0.9963,9.9059,37.8978,13.2164,5.3863,4.2471,29.3465,7.5179,70.6535,17.1854,0.2881,779963,22974174,ISCO-88,9,,
NGA,Nigeria,Sub-Saharan Africa,country,2014,185896915.0,44.4126646749356,52.6058463638302,2.98148896123424,80.765,3.9,8.044,83458627.0,80203741,43.1442,40.6032716139277,14.0370747834518,45.3596536026205,,,,,,,,,,,,,,,,,,0,,
NGA,Nigeria,Sub-Saharan Africa,country,2015,190671878.0,44.3206336384855,52.709081986385,2.97028437512951,80.793,4.134,8.457,85773802.0,82227913,43.1253,40.074203975853,13.938221168355,45.9875760719237,,,,,,,,,,,,,,,,,,0,,
NGA,Nigeria,Sub-Saharan Africa,country,2016,195443700.0,44.1420861864568,52.8926220185148,2.96529179502844,80.843,4.499,9.1,88256929.0,84286250,43.1256,39.9847799215982,13.5681320668665,46.4470868250992,,,,,,,,,,,,,,,,,,0,,
NGA,Nigeria,Sub-Saharan Africa,country,2017,200254579.0,43.8805787404257,53.1559836470855,2.96343761248884,80.89,4.83,9.707,90905566.0,86514827,43.2024,39.7413292288828,13.4438107400148,46.8148611869818,,,,,,,,,,,,,,,,,,0,,
NGA,Nigeria,Sub-Saharan Africa,country,2018,204938755.0,43.5736689811882,53.4598457316183,2.96648528719345,80.955,5.069,10.138,93615892.0,88870502,43.3644,39.4078695397661,13.4019739714929,47.190165490605,,,,,,,,,,,,,,,,,,0,,
NGA,Nigeria,Sub-Saharan Africa,country,2019,209485641.0,43.2268011629494,53.7983137946911,2.97488504235954,81.001,5.206,10.418,96335866.0,91320621,43.5928,38.9891158285411,13.3243434475115,47.6865407239473,,,,,,,,,,,,,,,,,,0,,
NGA,Nigeria,Sub-Saharan Africa,country,2020,213996181.0,42.8257357546021,54.1929528639579,2.98131138144003,79.314,5.714,10.842,97041268.0,91496330,42.7561,38.8248640318208,14.4746578466774,46.7004693779891,,,,,,,,,,,,,,,,,,0,,
NGA,Nigeria,Sub-Saharan Africa,country,2021,218529286.0,42.3946991196532,54.6149618714835,2.99033900886324,80.143,5.404,8.991,100887576.0,95435611,43.6718,37.2704903104597,15.5896562208614,47.1398608035123,,,,,,,,,,,,,,,,,,0,,
NGA,Nigeria,Sub-Saharan Africa,country,2022,223150896.0,41.9524339305195,55.0396238495041,3.00794221997644,81.268,3.827,6.024,105269418.0,101240757,45.3687,35.2524058960797,16.8172145604476,47.9303795434726,,,,,,,,,,,,,,,,,,0,,
NGA,Nigeria,Sub-Saharan Africa,country,2023,227882945.0,41.4922288282697,55.4796081821744,3.02816298955589,82.559,3.074,5.131,110075281.0,106691567,46.8186,34.7048013096805,16.8218871130116,48.473302204451,,,,,,,,,,,,,,,,,,0,,
NGA,Nigeria,Sub-Saharan Africa,country,2024,232679478.0,41.0138455377957,55.9374923815531,3.04866208065127,82.566,3.045,5.088,113320742.0,109870125,47.2195,34.1011433730147,16.8388618656675,49.0599947613178,0.7761,4.6119,2.1842,0.9261,29.5076,37.7699,12.1747,5.5448,6.5047,8.4983,5.388,91.5017,3.3482,0.2275,1017507,9337093,ISCO-08,9,,
NGA,Nigeria,Sub-Saharan Africa,country,2025,237527782.0,40.5197233739162,56.4107403158649,3.06953631021894,82.517,3.064,5.34,116581818.0,113009751,47.5775,33.5336954038865,17.0098988828439,49.4564057132697,,,,,,,,,,,,,,,,,,0,,
NIC,Nicaragua,Latin America & Caribbean,country,2013,5983845.0,32.9480152768007,62.5413060115449,4.51067871165435,64.637,5.28,9.007,2593422.0,2456489,41.052,31.7692077533233,17.5973490684899,50.6334838865945,,,,,,,,,,,,,,,,,,0,,
NIC,Nicaragua,Latin America & Caribbean,country,2014,6066492.0,32.5607643231677,62.846399768301,4.59283590853132,64.971,4.52,8.437,2658091.0,2537945,41.8355,31.3902792394901,17.6450562643793,50.9646644961305,2.0253,5.241,6.7464,2.8384,17.5919,12.5652,11.328,5.9332,35.7306,16.8511,7.2663,83.1489,11.8303,0.256,72037,427672,ISCO-88,9,,
NIC,Nicaragua,Latin America & Caribbean,country,2015,6149417.0,32.1822946793168,63.1222358152,4.6954695054832,65.096,4.7,8.793,2714759.0,2587165,42.0717,30.9904895531965,17.7292431261366,51.2802673206669,,,,,,,,,,,,,,,,,,0,,
NIC,Nicaragua,Latin America & Caribbean,country,2016,6232666.0,31.8200856439352,63.3800979693199,4.79981638674496,65.213,3.9,7.338,2771179.0,2663103,42.7282,30.5348424506459,17.7419415403541,51.7232535591953,,,,,,,,,,,,,,,,,,0,,
NIC,Nicaragua,Latin America & Caribbean,country,2017,6316231.0,31.4804959254581,63.6177363036804,4.90176777086147,65.333,3.3,6.251,2827514.0,2734206,43.2886,30.2003027564442,17.7333424523565,52.0663182175772,,,,,,,,,,,,,,,,,,0,,
NIC,Nicaragua,Latin America & Caribbean,country,2018,6400080.0,31.1421029112136,63.8501706228672,5.00772646591918,65.155,5.2,9.714,2871355.0,2722045,42.5314,30.4254306142227,17.3222896634218,52.2522797223555,,,,,,,,,,,,,,,,,,0,,
NIC,Nicaragua,Latin America & Caribbean,country,2019,6483657.0,30.7866147145045,64.0979157287315,5.11546955676403,64.995,5.457,10.056,2916688.0,2757524,42.5304,30.6465182735337,16.8994828724153,52.4540351182576,,,,,,,,,,,,,,,,,,0,,
NIC,Nicaragua,Latin America & Caribbean,country,2020,6565267.0,30.4224413112216,64.4168622540409,5.16069643473754,64.363,6.18,11.424,2940072.0,2758376,42.0147,31.6903507035605,16.8331038523085,51.476545444131,,,,,,,,,,,,,,,,,,0,,
NIC,Nicaragua,Latin America & Caribbean,country,2021,6644741.0,30.0544671342344,64.7815844138997,5.16394845186592,65.258,6.076,11.057,3032996.0,2848711,42.8717,31.6590005886902,16.8761016001351,51.4648627074062,,,,,,,,,,,,,,,,,,0,,
NIC,Nicaragua,Latin America & Caribbean,country,2022,6730654.0,29.6469354721648,65.1136995835546,5.23936494428067,65.64,4.969,9.503,3108200.0,2953754,43.8851,31.4756358327883,16.8221293238052,51.7022348434066,,,,,,,,,,,,,,,,,,0,,
NIC,Nicaragua,Latin America & Caribbean,country,2023,6823613.0,29.2038763042394,65.4168400230201,5.37928367274053,65.891,4.698,9.203,3183098.0,3033556,44.4567,31.0024502588875,16.9165438460527,52.0810058950598,,,,,,,,,,,,,,,,,,0,,
NIC,Nicaragua,Latin America & Caribbean,country,2024,6916140.0,28.758876248809,65.7075381432084,5.5335856079826,66.033,4.98,9.581,3253536.0,3091510,44.6999,30.6693669582386,16.9126299766005,52.4180030651609,,,,,,,,,,,,,,,,,,0,,
NIC,Nicaragua,Latin America & Caribbean,country,2025,7007502.0,28.3126497859009,65.989799218038,5.69755099606108,66.074,5.04,9.543,3319222.0,3151933,44.9794,30.4723373460185,16.8782149044979,52.6494477494836,,,,,,,,,,,,,,,,,,0,,
NLD,Netherlands,Europe & Central Asia,country,2013,16804432.0,17.0822699249717,66.0375664309138,16.8801636441145,66.735,7.241,12.942,9298757.0,8625434,51.3283,2.18670322673616,16.6916352191509,81.121661554113,6.9448,24.1609,16.0468,9.8785,19.4335,1.9611,8.3985,4.0628,9.113,57.031,31.1057,42.9689,24.9937,0.4912,852063,4919171,ISCO-08,9,,
NLD,Netherlands,Europe & Central Asia,country,2014,16865008.0,16.8645600403075,65.7829993073729,17.3524406523196,66.158,7.419,12.529,9275880.0,8587702,50.9202,2.29610722801036,16.0389858395593,81.6649184641095,6.7688,24.9829,15.4982,9.5971,19.2188,2.1471,8.398,4.2619,9.1274,56.847,31.7517,43.1532,24.5079,0.49,824170,4881851,ISCO-08,9,,
NLD,Netherlands,Europe & Central Asia,country,2015,16939923.0,16.6382472460947,65.6050618465085,17.7566909073968,66.465,6.872,11.104,9385800.0,8740808,51.5989,2.23642780577583,16.4736572245656,81.2899036410405,6.1486,25.7571,15.4633,9.4331,19.7061,2.026,8.7273,4.1289,8.6095,56.8021,31.9057,43.1978,25.0086,0.4916,824529,4964963,ISCO-08,9,,
NLD,Netherlands,Europe & Central Asia,country,2016,17030314.0,16.4165469270507,65.4890558058781,18.0943972670713,66.281,6.007,10.64,9434786.0,8868038,52.0721,2.19257165723739,16.108550312849,81.6988780299136,5.843,26.5936,16.0186,8.9117,19.2808,1.9302,8.3767,4.3098,8.7356,57.3669,32.4366,42.6331,23.9052,0.4932,790293,5087318,ISCO-08,9,,
NLD,Netherlands,Europe & Central Asia,country,2017,17131296.0,16.2134912508367,65.3662757423029,18.4202330068604,66.126,4.837,8.716,9491538.0,9032432,52.7247,2.22472155518779,16.5827943051282,81.192484139684,5.372,26.4978,16.2865,9.1971,19.137,1.9198,8.1253,4.6086,8.856,57.3534,31.8698,42.6467,25.8158,0.4938,830722,5180407,ISCO-08,9,,
NLD,Netherlands,Europe & Central Asia,country,2018,17231624.0,16.0002168612242,65.248775211947,18.7510079268288,66.382,3.832,7.046,9608481.0,9240284,53.624,2.05594941559686,16.0815177889983,81.8625434997393,5.117,27.6537,16.0848,9.3996,18.8397,1.8811,7.7484,4.4528,8.8228,58.2551,32.7707,41.7448,26.1534,0.499,868550,5382937,ISCO-08,9,,
NLD,Netherlands,Europe & Central Asia,country,2019,17344874.0,15.7938725270359,65.1412740704822,19.0648534024819,66.707,3.379,6.606,9742856.0,9413645,54.2734,2.0101474461133,15.9324443540451,82.0574187059669,5.7936,27.3134,16.7541,9.0247,18.614,1.8012,7.6043,4.412,8.6828,58.8858,33.107,41.1143,27.2521,0.5,849553,5543300,ISCO-08,9,,
NLD,Netherlands,Europe & Central Asia,country,2020,17441500.0,15.6195584090952,65.0100463629003,19.3703952280046,66.544,3.82,8.879,9793423.0,9419314,54.0052,2.05038103102265,15.6766299397941,82.2729995280748,5.007,29.8717,16.8327,9.0549,17.5564,1.8077,7.513,4.0457,8.3108,60.7663,34.8787,39.2336,28.1193,0.5094,852909,5723769,ISCO-08,9,,
NLD,Netherlands,Europe & Central Asia,country,2021,17533044.0,15.4869781775407,64.8512129916232,19.6618088308361,66.534,4.209,9.335,9858813.0,9443856,53.8632,2.14689767197521,14.0985962700882,83.7545060579366,5.3839,30.152,17.2929,9.4358,17.1789,1.4673,6.956,4.1347,7.9984,62.2646,35.5359,37.7353,32.6098,0.5169,891103,5880179,ISCO-08,9,,
NLD,Netherlands,Europe & Central Asia,country,2022,17700982.0,15.3509962706976,64.74772068865,19.9012830406524,67.229,3.526,7.647,10073395.0,9718207,54.9021,1.84526703405779,14.2719050370143,83.8828279289279,5.7094,31.1382,16.7651,8.7321,17.539,1.3199,6.921,3.9466,7.9287,62.3448,36.8476,37.6552,32.4033,0.517,848604,6058797,ISCO-08,9,,
NLD,Netherlands,Europe & Central Asia,country,2023,17877117.0,15.1712741911722,64.6719699066872,20.1567559021407,67.721,3.535,8.272,10269843.0,9906804,55.4161,1.81273534650406,14.3319176387723,83.855356988618,6.0658,31.064,16.8558,8.3552,17.4732,1.4169,6.947,4.024,7.798,62.3408,37.1298,37.6591,31.8693,0.5156,827733,6175981,ISCO-08,9,,
NLD,Netherlands,Europe & Central Asia,country,2024,17993485.0,15.0256450781311,64.4782773402102,20.4960775816586,67.462,3.7,8.778,10314837.0,9933188,55.2044,1.74627745051382,14.0210093089947,84.2327132404915,6.3344,31.8075,17.0684,8.3612,17.0068,1.422,6.6695,3.9297,7.4004,63.5715,38.1419,36.4284,31.8846,0.521,830534,6314677,ISCO-08,9,,
NLD,Netherlands,Europe & Central Asia,country,2025,18087633.0,14.9340629566357,64.1971668222159,20.8687702211484,67.248,3.874,8.833,10347056.0,9946211,54.989,1.70416434849209,13.7561644115326,84.5396712399754,6.0377,33.2231,17.3368,8.2224,16.3474,1.384,6.3502,3.8659,7.2326,64.82,39.2608,35.1801,,0.5266,817817,6447134,ISCO-08,9,,
NOR,Norway,Europe & Central Asia,country,2013,5079623.0,18.2891679131092,65.9319176134364,15.7789144734543,66.944,3.425,9.043,2778579.0,2683413,52.827,2.31371213431029,20.1532885990067,77.5329620046384,7.0735,24.8178,17.0386,6.823,21.2091,2.1382,10.051,6.7935,4.0553,55.7529,31.8913,44.2471,23.064,0.4844,183089,1496081,ISCO-08,9,,
NOR,Norway,Europe & Central Asia,country,2014,5137232.0,18.1340056585098,65.8376180924379,16.0283762490523,66.557,3.486,7.786,2799152.0,2701574,52.5881,2.22664669362065,20.5810468526351,77.1923064537442,7.2002,26.9581,17.1968,6.229,20.6029,2.1859,9.5904,6.3295,3.7073,57.5841,34.1583,42.416,23.769,0.492,168281,1555677,ISCO-08,9,,
NOR,Norway,Europe & Central Asia,country,2015,5188607.0,17.9809282529036,65.744297773447,16.2747739736493,66.562,4.296,9.804,2832644.0,2710954,52.2482,2.05866581697192,19.988810877273,77.9525233057551,8.1085,26.2579,16.8832,6.2753,20.3009,1.8396,9.4308,6.5455,4.3584,57.5249,34.3664,42.4752,23.5354,0.4901,170120,1559474,ISCO-08,9,,
NOR,Norway,Europe & Central Asia,country,2016,5234519.0,17.8728998929141,65.6098291381007,16.5172709689852,66.201,4.68,11.044,2845954.0,2712763,51.8245,2.055789037659,19.5106850615513,78.4335259007897,8.2939,27.6344,17.3181,5.8251,20.4615,1.8072,9.2678,5.9527,3.4392,59.0715,35.9283,40.9284,24.8836,0.4977,158021,1602470,ISCO-08,9,,
NOR,Norway,Europe & Central Asia,country,2017,5276968.0,17.7817532492452,65.4370047012372,16.7812420495177,65.659,4.164,10.275,2848702.0,2730082,51.7358,2.17708554641426,19.6656385761068,78.157275877479,8.4131,27.3654,17.3248,5.5616,20.9538,2.006,9.2793,5.8181,3.2779,58.6649,35.7785,41.3351,24.3329,0.4958,151836,1601600,ISCO-08,9,,
NOR,Norway,Europe & Central Asia,country,2018,5311916.0,17.6387642308259,65.2758388121435,17.0853969570307,65.909,3.801,9.599,2883492.0,2773890,52.2201,2.05419596176489,19.0657822917846,78.8800217464505,8.4946,27.7633,16.0127,5.6133,21.7997,1.8514,9.5188,5.3156,3.6305,57.8839,36.2579,42.116,22.4429,0.494,155707,1605636,ISCO-08,9,,
NOR,Norway,Europe & Central Asia,country,2019,5347896.0,17.4376307856202,65.167513583566,17.3948556308139,65.934,3.684,9.813,2911217.0,2803968,52.4312,2.07711059080315,19.6993824661765,78.2235069430203,8.8258,27.5368,16.0774,5.6922,21.3528,1.8039,9.558,5.6616,3.4915,58.1322,36.3626,41.8678,24.9386,0.4943,159607,1630008,ISCO-08,9,,
NOR,Norway,Europe & Central Asia,country,2020,5379475.0,17.2110323076155,65.0607837656888,17.7281839266957,65.678,4.424,11.215,2925043.0,2795639,51.9686,2.02745169161186,19.6747735401779,78.2977747682102,7.9855,28.8594,16.117,5.7401,21.1743,1.6889,9.5233,5.6289,3.2825,58.702,36.8449,41.2979,23.6524,0.4985,160472,1641096,ISCO-08,9,,
NOR,Norway,Europe & Central Asia,country,2021,5408320.0,16.9884915942143,64.9374857909645,18.0740226148213,65.68,4.359,12.848,2948722.0,2820187,52.1453,2.4175483600096,18.8370264750907,78.7453897044978,8.3484,29.2007,15.6155,5.6105,20.8315,1.9825,8.9752,5.7175,3.7183,58.7751,37.5491,41.225,23.4415,0.4975,158227,1657568,ISCO-08,9,,
NOR,Norway,Europe & Central Asia,country,2022,5457127.0,16.7861521076037,64.8837143883647,18.3301335040316,65.964,3.231,9.908,2995482.0,2898698,53.1177,2.31782127629038,19.0014907500015,78.6806534735924,8.399,29.6693,15.7775,5.8892,20.3317,1.7895,8.5847,5.9644,3.5947,59.735,38.0683,40.265,27.3262,0.5023,170710,1731537,ISCO-08,9,,
NOR,Norway,Europe & Central Asia,country,2023,5519601.0,16.5067663290493,64.9593860812691,18.5338475896816,65.944,3.574,10.975,3039025.0,2930410,53.091,2.39527456618795,18.717207713094,78.8875177207181,8.0021,29.84,15.3586,5.9697,21.0283,1.7652,8.7024,5.6718,3.6619,59.1704,37.8421,40.8296,26.6726,0.5015,174937,1733935,ISCO-08,9,,
NOR,Norway,Europe & Central Asia,country,2024,5572279.0,16.1887491796165,65.0260101924808,18.7852406279027,65.834,4.0,12.131,3074577.0,2951594,52.9692,2.56321282638943,18.0605705657925,79.3762166078181,7.9138,29.6036,15.4346,5.906,21.4301,1.9416,8.2562,5.7371,3.7771,58.858,37.5174,41.1421,25.8103,0.5004,174321,1737249,ISCO-08,9,,
NOR,Norway,Europe & Central Asia,country,2025,5610870.0,15.9239141743008,64.9958625811412,19.080223244558,65.606,4.637,13.423,3094897.0,2951387,52.6012,2.50061616929661,17.8353710590099,79.6640127716935,7.6656,29.6223,15.7028,6.0361,20.8866,2.1465,8.1519,6.195,3.5932,59.0268,37.2879,40.9732,,0.5007,178149,1742109,ISCO-08,9,,
NPL,Nepal,South Asia,country,2013,27589996.0,34.173187266863,60.6470656972912,5.17974703584589,40.511,10.666,19.377,7357452.0,6572706,23.8228,27.9683472046076,28.4222470247151,43.6094057706773,,,,,,,,,,,,,,,,,,0,,
NPL,Nepal,South Asia,country,2014,27672370.0,33.6340117169945,61.0228245904277,5.3431636925779,40.339,10.62,19.348,7408274.0,6621515,23.9283,27.0330541292969,28.7654562253962,44.2014896453069,,,,,,,,,,,,,,,,,,0,,
NPL,Nepal,South Asia,country,2015,27823629.0,33.0460361586909,61.4713594693201,5.482604371989,40.224,10.643,19.403,7493338.0,6695822,24.0652,26.3365108741251,29.0678150000097,44.5956591912392,,,,,,,,,,,,,,,,,,0,,
NPL,Nepal,South Asia,country,2016,27955462.0,32.5018792391984,61.8722917188777,5.6258290419239,40.096,10.714,19.548,7565879.0,6755271,24.1644,26.0984451264464,29.2458220804006,44.6557475963972,,,,,,,,,,,,,,,,,,0,,
NPL,Nepal,South Asia,country,2017,28011258.0,32.0596418768482,62.1528886706909,5.78746945246086,39.915,10.66,19.571,7596203.0,6786448,24.2276,25.4358134676363,29.5331268335257,45.031074434089,1.1463,7.861,4.2653,2.9876,22.8527,17.3477,18.8398,5.183,19.5167,16.2602,9.0073,83.7399,14.0671,0.268,202752,1103490,ISCO-08,9,,
NPL,Nepal,South Asia,country,2018,28079689.0,31.6230621357665,62.4301946506601,5.94674321357334,39.743,10.593,19.604,7630668.0,6822351,24.2964,24.5065585520617,29.8758792739788,45.6175621739596,,,,,,,,,,,,,,,,,,0,,
NPL,Nepal,South Asia,country,2019,28414064.0,30.9398988286205,63.0119007793447,6.04820039203474,39.765,10.477,19.679,7802999.0,6985479,24.5846,23.7731934205369,30.1296229014011,46.0971979934418,,,,,,,,,,,,,,,,,,0,,
NPL,Nepal,South Asia,country,2020,28966574.0,30.0759898275165,63.8354856215394,6.08852455094405,39.387,13.037,24.072,7977675.0,6937626,23.9505,24.9527582140169,30.2383321076654,44.8089096783177,,,,,,,,,,,,,,,,,,0,,
NPL,Nepal,South Asia,country,2021,29475010.0,29.3609213364135,64.5282088114644,6.11086985212219,39.513,12.241,22.639,8226953.0,7219892,24.495,24.9920844414884,30.3913125256407,44.6166030328708,,,,,,,,,,,,,,,,,,0,,
NPL,Nepal,South Asia,country,2022,29715436.0,28.9372432563332,64.8652370438044,6.19751969986239,39.428,10.661,20.607,8325856.0,7438236,25.0316,24.3207154496029,30.6197668227993,45.0595042833404,,,,,,,,,,,,,,,,,,0,,
NPL,Nepal,South Asia,country,2023,29694614.0,28.7136275165317,64.925784774879,6.36058770858938,39.379,10.437,20.43,8335831.0,7465820,25.142,23.9506972536467,30.8488008839251,45.2005018624282,,,,,,,,,,,,,,,,,,0,,
NPL,Nepal,South Asia,country,2024,29651054.0,28.4291693571977,65.0673722244853,6.50345841831696,39.313,10.5,20.638,8342811.0,7466816,25.1823,23.4839369800344,31.0271815118578,45.4888949006541,,,,,,,,,,,,,,,,,,0,,
NPL,Nepal,South Asia,country,2025,29618118.0,28.0519719053718,65.3238393696021,6.62418872502616,39.244,10.465,20.559,8362760.0,7487597,25.2805,22.9119744042875,31.2794891328272,45.8085364628854,,,,,,,,,,,,,,,,,,0,,
NRU,Naoero,East Asia & Pacific,country,2013,10517.0,37.9908719216507,60.6779499857374,1.33117809261196,,,,,3657,34.7723,,,,6.2893,8.2034,9.0785,8.5863,28.3566,2.7892,10.4457,5.2775,20.9735,32.1575,14.4927,67.8425,22.114,0.3731,314,1176,ISCO-08,9,,
NRU,Naoero,East Asia & Pacific,country,2014,10742.0,38.1661624389109,60.4561321852455,1.37770537584361,,,,,,,,,,,,,,,,,,,,,,,,,,,0,,
NRU,Naoero,East Asia & Pacific,country,2015,10954.0,38.2417381778346,60.2610918385978,1.49716998356765,,,,,,,,,,,,,,,,,,,,,,,,,,,0,,
NRU,Naoero,East Asia & Pacific,country,2016,11150.0,38.1569506726457,60.1793721973094,1.66367713004484,,,,,,,,,,,,,,,,,,,,,,,,,,,0,,
NRU,Naoero,East Asia & Pacific,country,2017,11324.0,37.9636170964324,60.2481455316143,1.78823737195337,,,,,,,,,,,,,,,,,,,,,,,,,,,0,,
NRU,Naoero,East Asia & Pacific,country,2018,11477.0,37.6214332389458,60.4530603354389,1.92550642561533,,,,,,,,,,,,,,,,,,,,,,,,,,,0,,
NRU,Naoero,East Asia & Pacific,country,2019,11587.0,37.5938551825321,60.365064296194,2.04108052127384,,,,,,,,,,,,,,,,,,,,,,,,,,,0,,
NRU,Naoero,East Asia & Pacific,country,2020,11643.0,37.9927853645967,59.8900626986172,2.11715193678605,,,,,,,,,,,,,,,,,,,,,,,,,,,0,,
NRU,Naoero,East Asia & Pacific,country,2021,11709.0,38.2756117350643,59.5037793056326,2.22060895930307,,,,,1775,15.1593,,,,14.8732,10.1408,7.3803,3.1549,35.662,1.2394,9.6901,3.5493,14.3099,35.5492,25.014,64.4507,28.4768,0.3893,56,631,ISCO-08,9,,
NRU,Naoero,East Asia & Pacific,country,2022,11801.0,38.3230234725871,59.2449792390475,2.43199728836539,,,,,,,,,,,,,,,,,,,,,,,,,,,0,,
NRU,Naoero,East Asia & Pacific,country,2023,11875.0,38.1810526315789,59.1410526315789,2.67789473684211,,,,,,,,,,,,,,,,,,,,,,,,,,,0,,
NRU,Naoero,East Asia & Pacific,country,2024,11947.0,37.7767546980287,59.3730381283221,2.85020717364919,,,,,2519,21.0848,,,,4.8035,13.8547,15.7205,10.5994,23.6602,2.3819,6.3914,5.6372,16.9512,44.9781,18.6582,55.0219,51.6768,0.4358,267,1133,ISCO-08,9,,
NRU,Naoero,East Asia & Pacific,country,2025,12025.0,37.1543802752484,59.8353498815018,3.01026984324976,,,,,,,,,,,,,,,,,,,,,,,,,,,0,,
NZL,New Zealand,East Asia & Pacific,country,2013,4442100.0,20.4269743195271,65.4865980024927,14.0864276779802,67.406,5.839,15.302,2382609.0,2243488,50.5051,6.42814306437079,20.2832195484971,73.2886373871321,,,,,,,,,,,,,,,,,,0,,
NZL,New Zealand,East Asia & Pacific,country,2014,4516500.0,20.1662376356489,65.4645838819204,14.3691784824307,68.309,5.428,14.109,2463012.0,2329320,51.5736,6.2271236576426,20.848605663087,72.9243135489679,,,,,,,,,,,,,,,,,,0,,
NZL,New Zealand,East Asia & Pacific,country,2015,4609400.0,19.8783752767917,65.5662654049205,14.5553593182878,68.399,5.415,13.872,2526061.0,2389275,51.8348,6.11557732004885,21.9870441613221,71.8974203305399,,,,,,,,,,,,,,,,,,0,,
NZL,New Zealand,East Asia & Pacific,country,2016,4714100.0,19.6320817346339,65.6566173959705,14.7113008693955,69.546,5.147,13.474,2634836.0,2499221,53.0159,6.5955718001209,20.2811602470984,73.1232679527807,,,,,,,,,,,,,,,,,,0,,
NZL,New Zealand,East Asia & Pacific,country,2017,4813600.0,19.4533729821704,65.6780741744094,14.8685528434202,70.48,4.736,12.968,2732646.0,2603228,54.0807,6.31185964782864,20.6474494259379,73.0407293468835,,,,,,,,,,,,,,,,,,0,,
NZL,New Zealand,East Asia & Pacific,country,2018,4900600.0,19.3128555125267,65.6292575548676,15.0578869326057,70.506,4.335,11.83,2787916.0,2667060,54.4231,5.88912804912112,20.0068011321223,74.1041083112159,,,,,,,,,,,,,,,,,,0,,
NZL,New Zealand,East Asia & Pacific,country,2019,4970300.0,19.166122596844,65.5322656370177,15.3016117661383,70.174,4.109,11.294,2819371.0,2703523,54.3936,5.82540906680777,19.5147537455954,74.6598371875968,,,,,,,,,,,,,,,,,,0,,
NZL,New Zealand,East Asia & Pacific,country,2020,5072400.0,19.0190132142776,65.3602688024111,15.6207179833113,69.863,4.595,12.442,2869748.0,2737883,53.9761,6.01205539121553,20.3915900947731,73.5963179714493,,,,,,,,,,,,,,,,,,0,,
NZL,New Zealand,East Asia & Pacific,country,2021,5084600.0,18.8607134351072,65.0927086211955,16.0465779436973,70.396,3.776,10.49,2904263.0,2794598,54.962,6.06790738697123,20.0238379022646,73.9082547107642,,,,,,,,,,,,,,,,,,0,,
NZL,New Zealand,East Asia & Pacific,country,2022,5081700.0,18.6402472692225,64.9133640877173,16.4463886430602,70.929,3.299,9.362,2932530.0,2835786,55.8039,6.0121339864762,20.7846374540279,73.2032285594959,,,,,,,,,,,,,,,,,,0,,
NZL,New Zealand,East Asia & Pacific,country,2023,5200000.0,18.374736798151,64.8266830806157,16.7985801212333,71.503,3.734,10.714,3034955.0,2921630,56.1852,5.61135048894207,20.537665966941,73.8510179512156,,,,,,,,,,,,,,,,,,0,,
NZL,New Zealand,East Asia & Pacific,country,2024,5290000.0,18.1186736949994,64.6855719969374,17.1957543080631,70.553,4.724,14.039,3056019.0,2911653,55.0407,5.5332832249452,20.0517879599788,74.414928815076,,,,,,,,,,,,,,,,,,0,,
NZL,New Zealand,East Asia & Pacific,country,2025,5324700.0,17.877542961127,64.5131503861746,17.6093066526984,70.352,5.076,14.355,3076335.0,2920180,54.8422,5.41826375579813,19.9378176818598,74.6438838430131,,,,,,,,,,,,,,,,,,0,,
OMN,Oman,"Middle East, North Africa, Afghanistan & Pakistan",country,2013,3833913.0,21.9478245854822,75.4747695109409,2.57740590357684,67.8,3.553,15.453,2028882.0,1956796,51.0391,5.34685544474511,37.841981403264,56.8112142559645,,,,,,,,,,,,,,,,,,0,,
OMN,Oman,"Middle East, North Africa, Afghanistan & Pakistan",country,2014,4002439.0,22.1421363323713,75.2940269670568,2.56383670057183,68.649,3.453,15.327,2139249.0,2065381,51.6031,5.3530204669755,37.550741366221,57.0962381668035,,,,,,,,,,,,,,,,,,0,,
OMN,Oman,"Middle East, North Africa, Afghanistan & Pakistan",country,2015,4184895.0,22.248742202612,75.1763425366706,2.57491526071741,69.445,3.403,15.152,2259607.0,2182713,52.1569,5.28414591292707,37.4573406594313,57.2585134276416,,,,,,,,,,,,,,,,,,0,,
OMN,Oman,"Middle East, North Africa, Afghanistan & Pakistan",country,2016,4390877.0,22.1316012573796,75.3182592773313,2.55013946528911,70.289,3.266,14.199,2403255.0,2324765,52.9453,4.92359230993571,40.8699628263662,54.2064018486162,,,,,,,,,,,,,,,,,,0,,
OMN,Oman,"Middle East, North Africa, Afghanistan & Pakistan",country,2017,4537396.0,22.280067435147,75.1697476735833,2.5501848912697,70.708,2.523,11.058,2493490.0,2430579,53.5677,4.66234396728353,43.3717466612907,51.9659093714258,,,,,,,,,,,,,,,,,,0,,
OMN,Oman,"Middle East, North Africa, Afghanistan & Pakistan",country,2018,4597877.0,22.8822646971347,74.534173648602,2.5835616542633,70.517,1.8,7.851,2500377.0,2455370,53.4023,4.36034340916681,46.2252278669697,49.4144287238635,,,,,,,,,,,,,,,,,,0,,
OMN,Oman,"Middle East, North Africa, Afghanistan & Pakistan",country,2019,4591241.0,23.9853669193144,73.4038901464767,2.61074293420886,69.778,2.045,9.015,2435263.0,2385462,51.9568,4.7924288327127,40.0878484793988,55.119764608331,,,,,,,,,,,,,,,,,,0,,
OMN,Oman,"Middle East, North Africa, Afghanistan & Pakistan",country,2020,4522497.0,25.5561723486132,71.8368051805015,2.60702247088527,65.957,2.94,13.523,2220588.0,2155303,47.6574,5.24898227341606,33.70352258207,61.0474487471315,,,,,,,,,,,,,,,,,,0,,
OMN,Oman,"Middle East, North Africa, Afghanistan & Pakistan",country,2021,4500424.0,26.7107610305162,70.6732743403733,2.6159646291105,65.783,1.9,9.097,2169738.0,2128513,47.2958,6.17184361793841,40.2991301406386,53.529026241423,,,,,,,,,,,,,,,,,,0,,
OMN,Oman,"Middle East, North Africa, Afghanistan & Pakistan",country,2022,4730226.0,26.2208613288245,71.1215912305247,2.65754744065083,68.251,3.3,14.562,2381905.0,2303302,48.6933,6.22050450697646,40.015577527723,53.7639613809296,,,,,,,,,,,,,,,,,,0,,
OMN,Oman,"Middle East, North Africa, Afghanistan & Pakistan",country,2023,5049269.0,25.2277705941197,72.1117848940114,2.66044451186895,68.331,3.176,13.594,2579803.0,2497868,49.4699,6.14304055766337,39.719182609371,54.137736798552,,,,,,,,,,,,,,,,,,0,,
OMN,Oman,"Middle East, North Africa, Afghanistan & Pakistan",country,2024,5281538.0,24.7148273855078,72.6410753837235,2.64409723076876,68.289,3.203,13.524,2715317.0,2628345,49.7648,6.05403899996994,39.5026406190017,54.4433584275524,,,,,,,,,,,,,,,,,,0,,
OMN,Oman,"Middle East, North Africa, Afghanistan & Pakistan",country,2025,5494691.0,24.3203302970085,72.9926305228083,2.6870391801832,68.377,3.251,13.885,2843365.0,2750927,50.0652,5.94780282197014,39.4354242133981,54.6167366130906,,,,,,,,,,,,,,,,,,0,,
PAK,Pakistan,"Middle East, North Africa, Afghanistan & Pakistan",country,2013,211073978.0,38.9429265910198,57.2671270798072,3.78994632917293,51.451,2.954,5.98,66307781.0,64349049,30.4865,42.2365644535977,22.9218710481259,34.8415644982764,2.4875,4.3927,3.1621,1.4272,15.9203,37.3412,14.8725,4.9637,15.4328,11.4695,6.8802,88.5305,6.1858,0.2115,918390,7380514,ISCO-08,9,,
PAK,Pakistan,"Middle East, North Africa, Afghanistan & Pakistan",country,2014,214264647.0,38.8636272293292,57.331028476506,3.80534429416474,50.997,1.827,4.052,66802824.0,65582336,30.6081,42.2331998558465,22.8731919147454,34.8936189029311,1.7161,4.7218,2.9053,1.5768,16.427,36.7994,14.2405,6.1608,15.4522,10.92,6.4379,89.0799,5.8049,0.2118,1034102,7161591,ISCO-08,9,,
PAK,Pakistan,"Middle East, North Africa, Afghanistan & Pakistan",country,2015,217290883.0,38.7612117135196,57.4178688790589,3.82091940742152,52.026,3.566,6.682,69229075.0,66760366,30.724,41.0100156050682,24.0196465170967,34.9703468652902,2.2739,4.916,3.2447,1.5725,15.9959,36.0314,13.7095,6.4597,15.7963,12.0071,7.1899,87.9928,5.9995,0.2164,1049807,8015984,ISCO-08,9,,
PAK,Pakistan,"Middle East, North Africa, Afghanistan & Pakistan",country,2016,220138869.0,38.6498575102833,57.4997238618041,3.85041862791259,51.682,2.285,5.165,69799389.0,68204473,30.9825,42.2680831973418,23.5931478863573,34.1387689163009,2.189,4.7326,3.1304,1.5139,15.6978,37.1268,13.5411,6.2412,15.8271,11.5659,6.9216,88.434,8.5771,0.2126,1032548,7888461,ISCO-08,9,,
PAK,Pakistan,"Middle East, North Africa, Afghanistan & Pakistan",country,2017,223273967.0,38.4997568066237,57.611377824421,3.88886536895529,51.338,3.204,6.519,70494278.0,68235641,30.5614,39.8747244915583,24.2732941155522,35.8519813928895,,,,,,,,,,,,,,,,,,0,,
PAK,Pakistan,"Middle East, North Africa, Afghanistan & Pakistan",country,2018,226928892.0,38.2979161633197,57.7692684064018,3.93281543027845,50.994,4.083,7.864,71401725.0,68486393,30.1797,37.4164265521233,24.9887899983583,37.5947936706277,2.361,5.2551,3.9709,1.452,16.535,32.6515,14.6731,7.0967,16.0048,13.039,7.6161,86.9611,7.6048,0.2247,994422,8929941,ISCO-08,9,,
PAK,Pakistan,"Middle East, North Africa, Afghanistan & Pakistan",country,2019,230800899.0,38.0886554477603,57.9268695957871,3.98447495645256,51.597,4.83,9.599,73727954.0,70166894,30.4015,38.3089008456774,24.3314980672122,37.3596010871104,2.6319,5.2754,3.8798,1.4218,16.1837,34.4503,13.5348,7.0868,15.5356,13.2089,7.9073,86.7912,6.7236,0.2234,997633,9268275,ISCO-08,9,,
PAK,Pakistan,"Middle East, North Africa, Afghanistan & Pakistan",country,2020,235001746.0,37.8598272201773,58.1175150077395,4.02265777208311,51.587,5.994,10.739,75332749.0,70817304,30.1348,38.3114820459559,24.7653981469365,36.9231198071076,2.3035,5.6111,4.1049,1.5797,17.8188,26.2594,12.3357,7.7375,22.2494,13.5992,7.9146,86.4008,8.1822,0.2333,1118701,9630587,ISCO-08,9,,
PAK,Pakistan,"Middle East, North Africa, Afghanistan & Pakistan",country,2021,239477801.0,37.5856838554854,58.362142214514,4.05217393000066,52.73,6.338,11.053,78814704.0,73819428,30.8252,37.098033495337,25.4280550662704,37.4739114383926,2.5157,5.0812,3.8448,1.462,15.6399,33.7712,13.63,7.5254,16.5298,12.9037,7.5969,87.0963,7.5711,0.2213,1079240,9525438,ISCO-08,9,,
PAK,Pakistan,"Middle East, North Africa, Afghanistan & Pakistan",country,2022,243700667.0,37.3097827836474,58.5785401235689,4.11167709278366,52.406,5.291,9.448,80064041.0,75827853,31.1152,36.7314142033124,25.4143388556447,37.8542469410429,,,,,,,,,,,,,,,,,,0,,
PAK,Pakistan,"Middle East, North Africa, Afghanistan & Pakistan",country,2023,247504495.0,37.0380613955353,58.7656671472458,4.19627145721884,52.372,5.237,9.423,81613188.0,77339105,31.2476,36.7740398149604,25.1521795336545,38.073780651385,,,,,,,,,,,,,,,,,,0,,
PAK,Pakistan,"Middle East, North Africa, Afghanistan & Pakistan",country,2024,251269164.0,36.6849298308646,59.0344412496235,4.28062891951199,52.308,5.492,9.521,83217450.0,78647148,31.3,36.5441423834632,25.1835107622697,38.2723455827609,,,,,,,,,,,,,,,,,,0,,
PAK,Pakistan,"Middle East, North Africa, Afghanistan & Pakistan",country,2025,255219554.0,36.244101546694,59.3940359691365,4.36186248416949,52.335,5.42,9.594,85158214.0,80542639,31.5582,36.2295491854662,25.2554862685016,38.514965787622,2.3025,6.0248,4.3862,1.7523,16.835,29.5332,13.2419,8.1511,17.7731,14.4658,8.3273,85.5343,10.9293,0.2353,1411349,11651137,ISCO-08,9,,
PAN,Panama,Latin America & Caribbean,country,2013,3825329.0,28.4279432660638,64.7636759134082,6.80838082052801,65.744,3.674,9.896,1799983.0,1733852,45.3256,18.1736964346788,18.8777402310823,62.9486210096543,6.2488,10.1001,7.8166,6.3122,18.1847,11.7116,13.4214,7.3491,18.8555,30.4777,16.3489,69.5223,22.0661,0.3362,109444,528438,ISCO-08,9,,
PAN,Panama,Latin America & Caribbean,country,2014,3892101.0,28.1713434686489,64.8298521582369,6.99880437311421,65.698,4.391,11.523,1836682.0,1756033,45.1179,17.4797923944005,18.8085342894337,63.7116733161657,5.7592,10.9165,7.3088,6.4164,18.0517,11.1507,13.7204,7.0123,19.664,30.4009,16.6757,69.5991,21.2924,0.3368,112674,533850,ISCO-08,9,,
PAN,Panama,Latin America & Caribbean,country,2015,3960035.0,27.9111709759094,64.8908740567791,7.19795496731152,65.651,4.335,11.675,1874167.0,1792922,45.2754,16.3560651652417,17.5734653935844,66.0704694411739,5.8724,10.8997,8.0852,6.3321,18.5104,10.3237,13.9172,7.2506,18.8086,31.1894,16.7721,68.8105,20.0101,0.3421,113530,559202,ISCO-08,9,,
PAN,Panama,Latin America & Caribbean,country,2016,4029086.0,27.6450009201838,64.9564237451839,7.39857533463231,66.186,4.717,12.295,1929484.0,1838470,45.63,17.093671673745,17.2407509747267,65.6655773515282,6.452,10.8199,8.255,5.9184,18.0831,11.5064,13.652,7.1043,18.2089,31.4453,17.2719,68.5547,21.044,0.3403,108808,578112,ISCO-08,9,,
PAN,Panama,Latin America & Caribbean,country,2017,4098707.0,27.3693752688348,65.0242015347767,7.60642319638852,65.872,5.338,14.817,1960954.0,1856278,45.2894,16.1624013812683,17.4091522492748,66.4283924978384,5.8609,10.9276,7.9136,6.1292,18.1977,10.4992,14.0636,8.0692,18.339,30.8313,16.7885,69.1687,21.368,0.3396,113775,572315,ISCO-08,9,,
PAN,Panama,Latin America & Caribbean,country,2018,4167860.0,27.0770458848131,65.0938653057126,7.82908880947431,67.571,5.161,14.1,2053703.0,1947711,46.7317,15.8577402635409,17.6240755145158,66.5181842219433,5.4436,10.8548,7.7347,5.8728,18.48,10.609,14.9455,7.9286,18.1311,29.9059,16.2984,70.0942,19.0568,0.3354,114385,582481,ISCO-08,9,,
PAN,Panama,Latin America & Caribbean,country,2019,4234700.0,26.7423044439624,65.1881520310586,8.06954352497892,68.51,6.256,17.128,2125347.0,1992385,47.049,16.0576090584447,16.6671267494648,67.2753143829411,5.9888,10.7501,7.2555,5.7772,19.2783,10.7395,14.2526,7.3691,18.5891,29.7716,16.7389,70.2286,17.6368,0.3353,115104,593165,ISCO-08,9,,
PAN,Panama,Latin America & Caribbean,country,2020,4293261.0,26.389881723939,65.316702152513,8.29341612354804,66.4,14.663,33.033,2098423.0,1790731,41.7103,16.1702605294577,16.6285631957327,67.2011762748096,5.1574,12.4426,6.733,6.1463,18.5129,10.4449,16.2975,6.7602,17.5053,30.4793,17.6,69.5208,17.8903,0.3402,110064,545802,ISCO-08,9,,
PAN,Panama,Latin America & Caribbean,country,2021,4345405.0,26.0430615788402,65.4480767615447,8.50886165961516,62.8,10.177,22.338,2018222.0,1812828,41.7183,15.6650358804232,16.8217927027786,67.5131714167982,5.379,11.679,6.8344,5.9076,19.0461,11.6073,14.1728,7.1556,18.2183,29.8,17.058,70.2001,16.1474,0.3359,107095,540223,ISCO-08,9,,
PAN,Panama,Latin America & Caribbean,country,2022,4400773.0,25.6700356960016,65.5636634745759,8.76630082942247,66.316,8.086,19.186,2169258.0,1993852,45.3069,14.3367714140267,17.7368351100512,67.9264436302722,5.2005,10.7731,7.4963,6.2593,20.8022,10.6686,13.8547,6.5235,18.4217,29.7292,15.9736,70.2707,30.1878,0.3397,124801,592756,ISCO-08,9,,
PAN,Panama,Latin America & Caribbean,country,2023,4458759.0,25.2761698939099,65.6670948127046,9.05673529338545,65.144,6.544,16.765,2170438.0,2028405,45.4926,14.70766439641,17.4619960017847,67.8303396018053,4.6002,11.4908,7.1379,6.6204,19.5739,11.2632,14.2961,7.0241,17.9933,29.8493,16.091,70.1506,19.2029,0.3395,134289,605465,ISCO-08,9,,
PAN,Panama,Latin America & Caribbean,country,2024,4515577.0,24.8949248346335,65.7519625952564,9.35311257011009,66.319,8.451,19.682,2249161.0,2059084,45.5996,16.3567895814474,17.023441354847,66.6197690637056,4.5383,11.1173,6.7027,5.174,19.9029,11.9856,13.9628,7.3795,19.2369,27.5323,15.6556,72.4677,15.4847,0.3249,106537,566913,ISCO-08,9,,
PAN,Panama,Latin America & Caribbean,country,2025,4571189.0,24.5261681369989,65.8167820232329,9.65704983976816,66.304,8.36,19.768,2287522.0,2096285,45.8586,16.0402330789945,17.0077064902912,66.9520127272771,5.0846,11.8347,7.6156,5.8756,20.1326,9.6437,13.8259,7.4561,18.5312,30.4105,16.9193,69.5895,18.679,0.3425,123169,637491,ISCO-08,9,,
PER,Peru,Latin America & Caribbean,country,2013,29817919.0,28.1855769344601,63.9921870469901,7.82223601854979,77.863,3.575,7.008,16673246.0,16077177,53.9178,24.1472677156318,17.4275297526951,58.4252025316731,0.4675,7.3533,6.6581,6.4077,16.7032,11.7791,8.4085,9.0026,33.2199,20.8866,7.8208,79.1133,15.7156,0.2864,1030177,3357976,ISCO-88,9,,
PER,Peru,Latin America & Caribbean,country,2014,30115826.0,27.8450273952307,64.1329645084282,8.02200809634111,77.065,3.208,7.55,16746275.0,16209054,53.8224,24.4819804021114,16.9700939435403,58.5479318237637,0.4836,7.2963,6.5384,6.3878,16.7886,11.8995,7.9305,9.284,33.3912,20.7061,7.7799,79.2938,15.6191,0.2855,1035402,3356263,ISCO-88,9,,
PER,Peru,Latin America & Caribbean,country,2015,30457600.0,27.5072198728725,64.2983458972473,8.19443422988023,75.903,3.272,6.877,16759049.0,16210693,53.2238,25.0777987453624,17.0712534538066,57.850935463329,0.4331,6.9875,6.7201,5.8586,16.3063,12.0207,7.98,9.585,34.1088,19.9993,7.4206,80.0008,14.8629,0.2796,949720,3242025,ISCO-88,9,,
PER,Peru,Latin America & Caribbean,country,2016,30866494.0,27.1922157273874,64.5030119796406,8.30477229297199,75.377,3.741,8.272,16939632.0,16305920,52.8273,25.1193667934659,16.6445161065982,58.236117099936,0.4843,7.1209,7.003,5.8799,16.7104,12.2835,7.8721,9.409,33.2368,20.4881,7.6052,79.5118,15.7253,0.2828,958772,3340773,ISCO-88,9,,
PER,Peru,Latin America & Caribbean,country,2017,31324637.0,26.8437608206563,64.7524640868538,8.4037750924899,76.996,3.691,8.319,17644346.0,16993093,54.2483,24.3067724746293,16.0729121611482,59.6203094794637,0.3914,6.9469,6.9573,6.1966,17.1782,12.1911,7.9697,9.3117,32.8571,20.4922,7.3383,79.5078,16.2623,0.2846,1052994,3482259,ISCO-88,9,,
PER,Peru,Latin America & Caribbean,country,2018,31897584.0,26.3792882617581,65.116760333898,8.50395140434384,77.179,3.492,8.342,18124121.0,17491227,54.8356,24.2432878754832,15.9663078119716,59.7904043125452,0.4151,7.2976,7.3525,5.9741,17.4612,12.2032,7.571,9.3132,32.4121,21.0393,7.7127,78.9607,17.089,0.2876,1044943,3680032,ISCO-88,9,,
PER,Peru,Latin America & Caribbean,country,2019,32449303.0,25.9076658749804,65.4853603481098,8.60697377690978,77.362,3.379,7.405,18599717.0,17971233,55.3825,23.7015105661506,15.9582808257363,60.3402086081131,0.4802,7.4374,6.8387,5.9448,17.3168,11.7699,7.5515,9.4074,33.2534,20.7011,7.9176,79.299,15.7111,0.2858,1068354,3720243,ISCO-88,9,,
PER,Peru,Latin America & Caribbean,country,2020,32838579.0,25.503688428423,65.7782365403473,8.71807503122965,68.924,7.179,12.659,16861243.0,15650774,47.6597,31.5878381724225,15.6288338922964,52.7833343247688,0.2658,6.4777,5.7849,5.2003,15.2463,14.322,7.4239,8.6353,36.6438,17.7287,6.7435,82.2713,11.6766,0.2623,813887,2774679,ISCO-88,9,,
PER,Peru,Latin America & Caribbean,country,2021,33155882.0,25.1403582025054,66.1055495371832,8.75409226031146,71.93,5.097,9.586,17853296.0,16943314,51.102,25.9252635884935,16.699809441586,57.3749269699206,0.3737,7.0109,6.8905,5.5072,16.9895,12.6269,7.3799,9.0657,34.1558,19.7823,7.3846,80.2178,12.6094,0.2786,933102,3351777,ISCO-88,9,,
PER,Peru,Latin America & Caribbean,country,2022,33475438.0,24.765130780365,66.4241898791586,8.81067934047644,74.473,4.291,7.681,18756175.0,17951348,53.6254,25.6687840005785,16.6989845721344,57.6322202860632,0.5153,6.8169,7.0959,5.3991,18.0432,11.8888,9.7191,8.009,32.5128,19.8272,7.3322,80.1729,13.9639,0.2811,969211,3559250,ISCO-08,9,,
PER,Peru,Latin America & Caribbean,country,2023,33845617.0,24.3581613536547,66.6492724892561,8.99256615708912,72.686,4.899,8.846,18608668.0,17697029,52.2875,23.9668308634872,16.3581011845248,59.6750679519879,0.5614,7.8478,7.2467,5.7835,18.2144,11.6261,9.3136,8.0344,31.372,21.4394,8.4092,78.5605,15.3101,0.2912,1023508,3794137,ISCO-08,9,,
PER,Peru,Latin America & Caribbean,country,2024,34217848.0,23.9704046258316,66.8014725356409,9.22812283852747,72.808,5.199,9.704,18941504.0,17956735,52.4777,23.4192861072933,16.7824930555401,59.7982208371666,0.6535,8.1007,7.1164,5.6829,17.8128,11.4745,9.5711,8.4084,31.1797,21.5535,8.7542,78.4465,15.227,0.2912,1020463,3870305,ISCO-08,9,,
PER,Peru,Latin America & Caribbean,country,2025,34576665.0,23.6140674642855,66.9193717786258,9.46656075708863,72.856,5.117,9.453,19242514.0,18257875,52.804,23.1345727852088,16.7867526707018,60.0786745440895,0.6748,8.8236,7.2463,5.7296,17.8126,11.5987,9.3674,8.2321,30.5149,22.4743,9.4984,77.5257,15.1114,0.2962,1046103,4103330,ISCO-08,9,,
PHL,Philippines,East Asia & Pacific,country,2013,102076336.0,34.4490974871982,62.0410797268429,3.50982278595893,61.446,3.497,9.165,41114722.0,39676940,38.8699,29.7178644007855,16.370875903122,53.9112672571846,15.4925,4.9736,2.6441,5.968,12.4587,13.2555,6.9021,5.3818,32.9236,29.0782,20.4661,70.9217,17.7575,0.3009,2367920,11537340,ISCO-88,9,,
PHL,Philippines,East Asia & Pacific,country,2014,103767130.0,34.0549945825812,62.3216282458617,3.62337717155712,62.171,3.6,9.465,42543143.0,41011590,39.5227,29.0797181429951,16.7792824480067,54.1410067239807,15.3401,5.0661,2.6073,6.3061,12.6222,13.7299,6.8722,5.2655,32.1905,29.3196,20.4062,70.6803,18.556,0.3032,2586232,12024434,ISCO-88,9,,
PHL,Philippines,East Asia & Pacific,country,2015,105312992.0,33.5421646435711,62.6875930117321,3.77024234469686,61.405,3.068,8.509,42976583.0,41658061,39.5564,27.851386470164,17.0786139842483,55.0699923441241,15.5186,5.1936,2.6913,6.4953,12.8631,13.077,6.7656,5.4143,31.9813,29.8988,20.7122,70.1013,19.3255,0.3074,2705816,12455260,ISCO-88,9,,
PHL,Philippines,East Asia & Pacific,country,2016,106735719.0,32.9321204085392,63.1300684825105,3.93781110895032,61.59,2.695,7.634,44089437.0,42901227,40.1939,26.7234128847963,17.8383742084965,55.4382082448058,,,,,,,,,,,,,,,,,,0,,
PHL,Philippines,East Asia & Pacific,country,2017,108119693.0,32.3359092763244,63.5459353202846,4.11815540339097,59.141,2.552,7.379,43266495.0,42162334,38.996,25.1806891263771,18.6636563552646,56.1556474029791,16.128,5.3413,3.8109,5.6746,15.0826,13.4848,7.9465,6.3432,26.1881,30.9548,21.4693,69.0452,20.4531,0.3163,2392544,13051266,ISCO-08,9,,
PHL,Philippines,East Asia & Pacific,country,2018,109465287.0,31.786152133261,63.899758760509,4.31408910623004,58.981,2.338,6.605,44041398.0,43011710,39.2926,24.0341655328165,19.4736780800466,56.4921563871369,16.0441,5.4615,4.0487,5.8185,15.0281,12.4108,7.8669,6.3882,26.9332,31.3728,21.5056,68.6272,21.4282,0.3192,2502636,13493978,ISCO-08,9,,
PHL,Philippines,East Asia & Pacific,country,2019,110804683.0,31.2733955871098,64.2071776686226,4.51942674426754,59.444,2.237,6.696,45267971.0,44255326,39.9399,22.6054798824319,19.5373267098625,57.8572001865167,11.43,5.6021,4.1613,6.0955,18.4334,11.7991,7.9426,7.7342,26.8018,27.2889,17.0321,72.7111,22.1496,0.3116,2697583,12076792,ISCO-08,9,,
PHL,Philippines,East Asia & Pacific,country,2020,112081264.0,30.6822971768056,64.592028512455,4.72567431073939,54.746,2.522,6.987,42533348.0,41460657,36.9916,24.5081370532987,18.7126188899983,56.779244056703,9.0548,5.6662,3.777,6.2813,19.3345,13.3905,7.2013,7.956,27.3384,24.7793,14.721,75.2207,20.9457,0.3026,2604268,10273661,ISCO-08,9,,
PHL,Philippines,East Asia & Pacific,country,2021,113100950.0,30.013648868555,65.1056206866521,4.8807304447929,56.471,3.398,8.434,44699749.0,43180852,38.179,24.325505789458,18.8641776384679,56.8103235196599,8.0221,5.4701,4.0607,6.5064,19.7897,12.5659,7.2931,7.7432,28.5488,24.0593,13.4922,75.9407,18.669,0.3013,2809519,10389011,ISCO-08,9,,
PHL,Philippines,East Asia & Pacific,country,2022,113964338.0,29.3310099808108,65.6276748361945,5.04131518299472,61.439,2.598,6.813,49481401.0,48195874,42.2903,22.8363518329959,18.4442054471222,58.7194427198819,4.8463,5.3543,3.9982,7.2469,22.7525,11.7065,7.5529,7.9851,28.5572,21.4457,10.2006,78.5542,16.9637,0.2995,3492707,10335943,ISCO-08,9,,
PHL,Philippines,East Asia & Pacific,country,2023,114891199.0,28.6075480855588,66.130280353328,5.26217156111322,61.42,2.2,6.912,50378922.0,49270586,42.8846,22.0370920130941,18.9439273601805,59.0189887451559,4.0152,5.7256,4.2445,7.5217,23.5663,11.1744,7.16,8.4573,28.1349,21.507,9.7408,78.4929,16.4367,0.3036,3705986,10596625,ISCO-08,9,,
PHL,Philippines,East Asia & Pacific,country,2024,115843670.0,27.8680674907316,66.6399983988767,5.49193411039176,61.402,2.202,6.964,51307682.0,50177887,43.3152,21.1858721910537,19.4979246002047,59.3162032087416,,,,,,,,,,,,,,,,,,0,,
PHL,Philippines,East Asia & Pacific,country,2025,116786962.0,27.1388610693595,67.1371327086275,5.72400622201301,61.35,2.235,7.041,52204133.0,51037371,43.7013,20.4878884895503,19.9641083102109,59.5480051595847,,,,,,,,,,,,,,,,,,0,,
PLW,Palau,East Asia & Pacific,country,2013,17648.0,20.1807570262919,72.8581142339075,6.96112873980054,,,,,,,,,,,,,,,,,,,,,,,,,,,0,,
PLW,Palau,East Asia & Pacific,country,2014,17715.0,20.3274061529777,72.4160316116286,7.25656223539373,,,,,8662,48.8964,,,,5.4837,12.4913,12.4452,14.604,21.9464,2.713,12.3066,3.4057,14.604,45.0242,17.975,54.9757,,0.44,1265,3900,ISCO-08,9,,
PLW,Palau,East Asia & Pacific,country,2015,17770.0,20.3438476040406,72.1376515940235,7.5185008019359,,,,,,,,,,,,,,,,,,,,,,,,,,,0,,
PLW,Palau,East Asia & Pacific,country,2016,17797.0,20.1382255436309,72.0177558015396,7.84401865482947,,,,,,,,,,,,,,,,,,,,,,,,,,,0,,
PLW,Palau,East Asia & Pacific,country,2017,17812.0,19.8910846620256,71.8560520997081,8.25286323826634,,,,,,,,,,,,,,,,,,,,,,,,,,,0,,
PLW,Palau,East Asia & Pacific,country,2018,17814.0,19.6721771590558,71.6579191108367,8.6699037301075,,,,,,,,,,,,,,,,,,,,,,,,,,,0,,
PLW,Palau,East Asia & Pacific,country,2019,17798.0,19.4516237779526,71.4546578267221,9.09371839532532,,,,,,,,,,,,,,,,,,,,,,,,,,,0,,
PLW,Palau,East Asia & Pacific,country,2020,17792.0,19.2417940647482,71.2370728417266,9.52113309352518,,,,,9462,53.1812,,,,8.8353,12.5872,11.8157,10.8328,23.2086,3.8787,11.6043,3.0649,14.1725,44.071,21.4225,55.929,44.3609,0.4263,1025,4170,ISCO-08,9,,
PLW,Palau,East Asia & Pacific,country,2021,17783.0,19.0547151774166,71.0088286565821,9.93645616600124,,,,,,,,,,,,,,,,,,,,,,,,,,,0,,
PLW,Palau,East Asia & Pacific,country,2022,17759.0,18.8158117011093,70.8063517089926,10.3778365898981,,,,,,,,,,,,,,,,,,,,,,,,,,,0,,
PLW,Palau,East Asia & Pacific,country,2023,17727.0,18.5418135664927,70.6078127203497,10.8503737131575,,,,,9555,53.9008,,,,10.3925,14.1392,15.0392,8.54,22.2815,0.9942,11.6065,2.7316,14.2752,48.1109,24.5317,51.889,,0.4402,816,4597,ISCO-08,9,,
PLW,Palau,East Asia & Pacific,country,2024,17695.0,18.2447514904919,70.4133819332599,11.3418665762482,,,,,,,,,,,,,,,,,,,,,,,,,,,0,,
PLW,Palau,East Asia & Pacific,country,2025,17663.0,17.9363057324841,70.2307147912243,11.8329794762916,,,,,,,,,,,,,,,,,,,,,,,,,,,0,,
PNG,Papua New Guinea,East Asia & Pacific,country,2013,8302698.0,36.7319356149011,60.4884255990297,2.77963878606923,49.394,2.698,4.508,2594645.0,2524641,30.4075,28.4414302508706,7.02188978423923,64.536640355408,,,,,,,,,,,,,,,,,,0,,
PNG,Papua New Guinea,East Asia & Pacific,country,2014,8523441.0,36.4665984078496,60.7248997206645,2.80850187148594,49.529,2.54,4.341,2682110.0,2613984,30.6682,28.5925021949414,7.8594013309283,63.5480964741303,,,,,,,,,,,,,,,,,,0,,
PNG,Papua New Guinea,East Asia & Pacific,country,2015,8743246.0,36.1945723590529,60.9608891251602,2.84453851578693,49.798,2.507,4.266,2778064.0,2708418,30.9773,29.3176922684984,8.0620626149653,62.6202081947227,,,,,,,,,,,,,,,,,,0,,
PNG,Papua New Guinea,East Asia & Pacific,country,2016,8961718.0,35.9139696157572,61.1980348632949,2.88799552094785,50.088,2.478,4.188,2876659.0,2805375,31.304,30.1635825253897,8.11289621736575,61.7235212572446,,,,,,,,,,,,,,,,,,0,,
PNG,Papua New Guinea,East Asia & Pacific,country,2017,9178714.0,35.6185408979951,61.4449257270681,2.93653337493684,50.418,2.58,4.207,2979396.0,2902528,31.6224,31.2417701222449,8.080284330864,60.6779455468911,,,,,,,,,,,,,,,,,,0,,
PNG,Papua New Guinea,East Asia & Pacific,country,2018,9394513.0,35.3123554508703,61.6965689601702,2.99107558895945,50.833,2.65,4.185,3089167.0,3007304,32.0113,32.5500839457041,7.71223100048848,59.7376518013993,,,,,,,,,,,,,,,,,,0,,
PNG,Papua New Guinea,East Asia & Pacific,country,2019,9609010.0,35.00210739712,61.947219328526,3.05067327435397,51.138,2.651,4.119,3193903.0,3109233,32.3575,33.4428018978125,7.73446706358804,58.8226988766473,,,,,,,,,,,,,,,,,,0,,
PNG,Papua New Guinea,East Asia & Pacific,country,2020,9815746.0,34.699081185428,62.1903603755823,3.11055843898968,51.004,2.903,4.563,3269241.0,3174335,32.3392,36.0295912847914,7.58261708911503,56.3877601232141,,,,,,,,,,,,,,,,,,0,,
PNG,Papua New Guinea,East Asia & Pacific,country,2021,10012896.0,34.4072534060076,62.4217908585089,3.17095573548352,51.672,3.03,4.33,3393679.0,3290851,32.8661,37.6482786053082,7.59466630039847,54.7570550942933,,,,,,,,,,,,,,,,,,0,,
PNG,Papua New Guinea,East Asia & Pacific,country,2022,10203169.0,34.1151247168833,62.6378548352059,3.24702044791082,51.989,2.689,3.811,3494880.0,3400903,33.3318,38.6609602836921,7.58694098862938,53.7520987276785,2.1842,9.725,2.7663,1.801,23.2063,37.3797,5.5329,4.0902,13.3144,16.4765,11.9092,83.5235,5.102,0.2553,61250,560350,ISCO-08,9,,
PNG,Papua New Guinea,East Asia & Pacific,country,2023,10389635.0,33.8042289262327,62.8474628800723,3.34830819369497,51.962,2.649,3.792,3573686.0,3479019,33.4855,38.0781683493322,7.53068981812036,54.3911418325475,,,,,,,,,,,,,,,,,,0,,
PNG,Papua New Guinea,East Asia & Pacific,country,2024,10576502.0,33.4795064322546,63.0558791108761,3.46461445686932,51.96,2.625,3.782,3655667.0,3559706,33.6567,37.4645053560814,7.70468343890426,54.8308392973325,,,,,,,,,,,,,,,,,,0,,
PNG,Papua New Guinea,East Asia & Pacific,country,2025,10762817.0,33.145602122567,63.2663270220055,3.58807085542753,52.07,2.571,3.785,3746653.0,3650327,33.9161,36.86247684461,7.87146286179526,55.2660602935947,,,,,,,,,,,,,,,,,,0,,
POL,Poland,Europe & Central Asia,country,2013,38040196.0,15.1063497368774,70.4628284457914,14.4308218173312,56.729,10.293,27.167,18319899.0,16434232,43.2023,12.6233425735333,30.4833974363512,56.8932599901155,6.3675,18.6835,11.2302,6.707,13.9024,10.8054,14.9493,10.3943,6.9605,42.9882,25.051,57.0119,25.2377,0.3992,1102244,7064781,ISCO-08,9,,
POL,Poland,Europe & Central Asia,country,2014,38011735.0,15.0921480357317,70.0250512784321,14.8828006858362,57.074,8.971,23.732,18420604.0,16768092,44.1129,12.0840616673872,30.5085544026883,57.4073780056998,6.2882,19.0429,11.817,6.511,13.9193,10.3864,14.9053,10.0661,7.0638,43.6591,25.3311,56.3409,27.1047,0.4025,1091770,7320798,ISCO-08,9,,
POL,Poland,Europe & Central Asia,country,2015,37986412.0,15.0989653719979,69.5235017932482,15.3775328347538,57.076,7.475,20.686,18407499.0,17031538,44.8359,11.5341847677397,30.5366307541968,57.9291786495679,6.2534,19.2912,12.5942,6.2411,13.46,10.5284,14.924,9.9974,6.7105,44.3799,25.5446,55.6203,27.576,0.4045,1062955,7558580,ISCO-08,9,,
POL,Poland,Europe & Central Asia,country,2016,37970087.0,15.1349068094424,68.9521816813071,15.9129115092505,57.307,6.141,17.592,18466235.0,17332224,45.647,10.5841774948991,31.4474394381314,57.9683887923307,6.398,19.1945,12.8923,6.2088,13.607,9.5118,15.36,10.3708,6.4567,44.6936,25.5925,55.3063,28.1021,0.4069,1076123,7746395,ISCO-08,9,,
POL,Poland,Europe & Central Asia,country,2017,37974826.0,15.207155433197,68.3269085235055,16.4659360432975,57.562,4.867,14.762,18534927.0,17632832,46.433,10.2217444992013,31.6667610578098,58.1114944429889,6.3231,19.679,13.1528,6.188,13.3136,9.1045,15.2968,10.4237,6.5184,45.3429,26.0021,54.657,28.0434,0.4101,1091120,7995237,ISCO-08,9,,
POL,Poland,Europe & Central Asia,country,2018,37974750.0,15.3086980135663,67.6767403778615,17.0145616085721,57.534,3.835,11.686,18503688.0,17794072,46.8576,9.61848760646282,31.8165012585933,58.5650167156701,6.285,20.3138,13.5533,6.105,13.1965,8.6263,15.3918,10.357,6.1713,46.2571,26.5988,53.7429,30.0923,0.4149,1086328,8231022,ISCO-08,9,,
POL,Poland,Europe & Central Asia,country,2019,37965475.0,15.4223233212563,67.0192549762975,17.5584217024462,57.471,3.267,9.835,18454120.0,17851224,47.0196,9.15364541967772,32.1330068032419,58.7133477770804,6.3182,21.0723,13.3062,6.2463,12.9393,8.2494,15.6414,10.4052,5.8217,46.943,27.3905,53.057,31.9336,0.4189,1115041,8379900,ISCO-08,9,,
POL,Poland,Europe & Central Asia,country,2020,37515748.0,15.4887942190267,66.4351589630372,18.0760468179361,57.397,3.155,10.836,18197725.0,17623587,46.9765,9.58676149341363,31.6703965070647,58.7428419995216,6.3403,21.2278,13.6645,6.4664,12.5744,8.6546,15.3689,10.1818,5.5213,47.699,27.5681,52.301,33.2951,0.4221,1139612,8406275,ISCO-08,9,,
POL,Poland,Europe & Central Asia,country,2021,36981559.0,15.4620974810097,66.0026656203027,18.5352368986876,58.698,3.268,11.817,18351011.0,17751300,48.0004,9.0964773184197,30.6975919636537,60.2059416711639,6.454,21.4032,14.0034,6.786,12.8811,8.6501,14.538,10.057,5.2272,48.6466,27.8572,51.3534,34.116,0.428,1204603,8635404,ISCO-08,9,,
POL,Poland,Europe & Central Asia,country,2022,36821749.0,15.3237547413116,65.6570295546479,19.0192157040405,58.946,2.811,10.56,18378935.0,17862303,48.5102,8.9306995040908,30.6060233557377,60.4632771401715,6.652,21.3201,13.8823,7.1811,12.9203,8.4838,14.6933,9.8237,5.0434,49.0355,27.9721,50.9645,33.6549,0.4307,1282710,8758870,ISCO-08,9,,
POL,Poland,Europe & Central Asia,country,2023,36687353.0,15.0967665723491,65.3423219583981,19.5609114692528,59.23,2.743,11.176,18449404.0,17943337,48.9088,8.48668356607559,29.5362902481394,61.9770367351684,6.9197,23.447,13.5851,7.4849,12.66,7.9672,14.4131,9.0378,4.4854,51.4367,30.3667,48.5635,35.7938,0.444,1343041,9229460,ISCO-08,9,,
POL,Poland,Europe & Central Asia,country,2024,36559233.0,14.8057804830982,65.0508166995989,20.1434028173028,58.656,2.807,10.662,18269205.0,17756388,48.5688,6.50230719636268,30.1998893468924,63.2978087992086,7.4023,24.1421,13.6482,7.9678,12.4478,6.6352,14.3134,9.1668,4.2765,53.1604,31.5444,46.8397,39.9091,0.454,1414793,9439367,ISCO-08,9,,
POL,Poland,Europe & Central Asia,country,2025,36435861.0,14.4603840660905,64.7857886031795,20.75382733073,58.312,2.976,10.699,18174157.0,17633294,48.3954,6.22256646634498,30.0253374100149,63.7521015412052,7.4598,24.4894,13.6386,7.9381,12.3257,6.2261,14.2427,9.0765,4.6031,53.5259,31.9492,46.4741,39.0328,0.4558,1399749,9438379,ISCO-08,9,,
PRI,Puerto Rico (US),Latin America & Caribbean,country,2013,3631427.0,17.7347232384442,65.3329198515347,16.9323569100211,39.297,14.3,31.585,1173960.0,1006084,27.7049,1.44036298788506,16.609157558278,81.9504794538369,,,,,,,,,,,,,,,,,,0,,
PRI,Puerto Rico (US),Latin America & Caribbean,country,2014,3585017.0,17.0867987905311,65.4321091534349,17.4810920560341,38.293,13.9,30.705,1138241.0,980026,27.3367,1.3991660613224,16.3244932550285,82.2763406836491,,,,,,,,,,,,,,,,,,0,,
PRI,Puerto Rico (US),Latin America & Caribbean,country,2015,3535167.0,16.432395657746,65.4208494690871,18.1467548731668,38.021,12.0,26.574,1123237.0,988449,27.9605,1.35957429523113,16.0488260622309,82.5914980908278,6.8158,17.2323,9.7264,17.0289,24.2665,0.9507,12.9584,7.7884,3.2326,50.8034,24.0481,49.1966,43.7926,0.4862,168322,502166,ISCO-08,9,,
PRI,Puerto Rico (US),Latin America & Caribbean,country,2016,3480432.0,15.7791517998738,65.3187601004888,18.9020880996373,38.155,11.8,26.197,1118418.0,986445,28.3426,1.34176619021228,15.9788833468332,82.6793504629545,,,,,,,,,,,,,,,,,,0,,
PRI,Puerto Rico (US),Latin America & Caribbean,country,2017,3410837.0,15.3016861397677,64.7845181617875,19.9137956984448,38.236,10.8,24.054,1104608.0,985310,28.8876,1.32824947847369,15.809844117019,82.8619064045073,,,,,,,,,,,,,,,,,,0,,
PRI,Puerto Rico (US),Latin America & Caribbean,country,2018,3290690.0,14.7601812485335,64.3099473931846,20.929871358282,38.582,9.2,20.497,1082217.0,982653,29.8616,1.31374840196406,15.7633522519075,82.9230011318573,,,,,,,,,,,,,,,,,,0,,
PRI,Puerto Rico (US),Latin America & Caribbean,country,2019,3302691.0,14.01952781424,64.2849756753896,21.6954965103704,38.591,8.3,18.561,1095857.0,1004901,30.4267,1.29272215319752,15.7800463192953,82.9272315275072,,,,,,,,,,,,,,,,,,0,,
PRI,Puerto Rico (US),Latin America & Caribbean,country,2020,3281591.0,13.3781925358805,64.1679678735456,22.4538395905739,39.249,8.89,19.574,1115681.0,1016497,30.9757,1.31625370307224,15.774052969455,82.9096933274728,7.2612,17.3941,11.502,16.8975,22.538,0.85,12.4579,7.9885,3.1109,53.0548,24.6553,46.9453,43.9579,0.493,171763,539300,ISCO-08,9,,
PRI,Puerto Rico (US),Latin America & Caribbean,country,2021,3262731.0,12.82620857553,63.9680192794194,23.2057721450506,41.291,7.9,17.201,1174418.0,1081639,33.1513,1.2969046565989,15.4416680343183,83.2614273090828,,,,,,,,,,,,,,,,,,0,,
PRI,Puerto Rico (US),Latin America & Caribbean,country,2022,3220148.0,12.3682010485446,63.8168189539639,23.8149799974915,41.829,6.0,13.684,1180362.0,1109540,34.4562,1.24337345082026,15.3504907228311,83.4061358263486,,,,,,,,,,,,,,,,,,0,,
PRI,Puerto Rico (US),Latin America & Caribbean,country,2023,3203794.0,12.0048827545151,63.7513928419682,24.2437244035166,42.134,5.725,13.178,1187834.0,1119831,34.9533,1.20377201311698,15.1687098698539,83.6275181170291,,,,,,,,,,,,,,,,,,0,,
PRI,Puerto Rico (US),Latin America & Caribbean,country,2024,3202521.0,11.6286791330835,63.6526418448685,24.718679022048,42.615,5.639,13.084,1206051.0,1138042,35.5358,1.16947085653281,14.9482053040199,83.8824106340782,,,,,,,,,,,,,,,,,,0,,
PRI,Puerto Rico (US),Latin America & Caribbean,country,2025,3184835.0,11.2396433147636,63.487486977595,25.2728697076413,42.779,5.991,13.984,1209307.0,1136857,35.6959,1.13900561709703,14.7196170641295,84.1413773187735,,,,,,,,,,,,,,,,,,0,,
PRK,"Korea, Dem. People's Rep.",East Asia & Pacific,country,2013,25329451.0,20.433490239613,69.0051598630156,10.5613498973714,82.061,3.567,7.687,16538377.0,15948453,62.9641,53.1241654829156,24.895666358071,21.9801681590134,,,,,,,,,,,,,,,,,,0,,
PRK,"Korea, Dem. People's Rep.",East Asia & Pacific,country,2014,25451262.0,20.1016519357989,69.1474939267745,10.7508541374265,82.051,3.509,7.628,16685184.0,16099701,63.257,52.8954385408727,24.7952704067933,22.309291052334,,,,,,,,,,,,,,,,,,0,,
PRK,"Korea, Dem. People's Rep.",East Asia & Pacific,country,2015,25575350.0,19.8161569636388,69.2374943060408,10.9463487303204,82.081,3.523,7.758,16832596.0,16239584,63.497,52.9090768804743,24.5105755196285,22.5803537577097,,,,,,,,,,,,,,,,,,0,,
PRK,"Korea, Dem. People's Rep.",East Asia & Pacific,country,2016,25698326.0,19.5749069496802,69.4384982617448,10.986594788575,82.02,3.574,8.091,16951814.0,16345956,63.6071,52.3890944606954,24.6326977142121,22.9782139427952,,,,,,,,,,,,,,,,,,0,,
PRK,"Korea, Dem. People's Rep.",East Asia & Pacific,country,2017,25817709.0,19.3775156304054,69.7490755231046,10.87340884649,82.094,3.498,7.923,17087766.0,16490036,63.871,52.7313297610413,24.073255839339,23.1954083352941,,,,,,,,,,,,,,,,,,0,,
PRK,"Korea, Dem. People's Rep.",East Asia & Pacific,country,2018,25931147.0,19.2231523884548,69.9359100865089,10.8409375250363,82.179,3.409,7.765,17213512.0,16626703,64.1187,53.1288253894744,23.4788824517377,23.392292158788,,,,,,,,,,,,,,,,,,0,,
PRK,"Korea, Dem. People's Rep.",East Asia & Pacific,country,2019,26037632.0,19.1186353060325,69.9565715124061,10.9247931815613,82.18,3.439,7.605,17306773.0,16711593,64.1825,52.9194884825273,23.3621310790601,23.7183744545483,,,,,,,,,,,,,,,,,,0,,
PRK,"Korea, Dem. People's Rep.",East Asia & Pacific,country,2020,26136312.0,19.0786194318464,69.8327311825785,11.0886493855751,80.618,3.624,8.51,17050598.0,16432684,62.873,54.4715697992523,23.0827168650544,22.4457255065336,,,,,,,,,,,,,,,,,,0,,
PRK,"Korea, Dem. People's Rep.",East Asia & Pacific,country,2021,26232534.0,19.0574120490497,69.6600902082142,11.2824977427361,80.711,3.692,8.1,17137602.0,16504882,62.9176,55.1016514459619,22.7013080334179,22.197046579416,,,,,,,,,,,,,,,,,,0,,
PRK,"Korea, Dem. People's Rep.",East Asia & Pacific,country,2022,26328845.0,19.0238196928122,69.3831271367962,11.5930531703916,82.149,3.457,7.61,17514243.0,16908776,64.2215,54.971398162745,22.5307391979894,22.4978685533794,,,,,,,,,,,,,,,,,,0,,
PRK,"Korea, Dem. People's Rep.",East Asia & Pacific,country,2023,26418204.0,18.980618440224,68.9907837792455,12.0285977805304,82.162,3.463,7.577,17585844.0,16976846,64.2619,54.4932584747515,22.656464540092,22.8502652043192,,,,,,,,,,,,,,,,,,0,,
PRK,"Korea, Dem. People's Rep.",East Asia & Pacific,country,2024,26498823.0,18.9471019146775,68.6530284760195,12.399869609303,82.162,3.539,7.764,17646807.0,17022287,64.2379,54.2954631197172,22.5213809425955,23.1831618122989,,,,,,,,,,,,,,,,,,0,,
PRK,"Korea, Dem. People's Rep.",East Asia & Pacific,country,2025,26571036.0,18.9282698851435,68.3616500997242,12.7100800151323,82.152,3.545,7.899,17696854.0,17069501,64.241,54.0792644304348,22.4058715555913,23.5148640139739,,,,,,,,,,,,,,,,,,0,,
PRT,Portugal,Europe & Central Asia,country,2013,10457295.0,14.7779358925294,65.5944048254508,19.6276592820198,59.26,16.237,38.452,5281205.0,4423696,42.3025,5.49731675573142,23.9550808047337,70.5476024395349,7.0453,15.469,10.2741,7.372,17.1009,9.7764,12.7791,8.1824,12.0007,40.1604,22.5143,59.8395,26.1872,0.3894,326115,1776574,ISCO-08,9,,
PRT,Portugal,Europe & Central Asia,country,2014,10401062.0,14.5556516147563,65.3302452379704,20.1141031472732,58.777,13.88,34.663,5223582.0,4498549,43.2509,4.55888760342955,23.8601892254413,71.5809231711292,7.287,16.8937,10.8277,7.8064,16.6163,8.2644,12.3153,8.6783,11.311,42.8148,24.1807,57.1853,27.1149,0.4043,351175,1926045,ISCO-08,9,,
PRT,Portugal,Europe & Central Asia,country,2015,10358076.0,14.2987543136546,65.126992390842,20.5742532955034,58.555,12.405,31.786,5197927.0,4553124,43.9572,3.95165683044813,24.1974485866272,71.8508726458503,6.5748,17.8979,11.3885,7.6217,17.1253,7.184,12.4568,8.7543,10.9967,43.4829,24.4727,56.5171,29.5472,0.4102,347025,1979830,ISCO-08,9,,
PRT,Portugal,Europe & Central Asia,country,2016,10325452.0,14.082772202662,64.8902291547221,21.026998642616,58.414,11.058,27.799,5182106.0,4609069,44.6379,3.61553758118563,24.2229607130392,72.1615233581643,6.5632,18.0204,11.9181,7.619,17.5733,6.4326,12.6087,8.6035,10.6612,44.1207,24.5836,55.8793,28.0282,0.4147,351165,2033554,ISCO-08,9,,
PRT,Portugal,Europe & Central Asia,country,2017,10300300.0,13.903346135127,64.6083708165567,21.4882830483163,58.881,8.878,23.802,5221693.0,4758111,46.1939,3.35174740170112,24.4465459425173,72.2017066557815,6.2725,18.4778,11.5901,7.7991,17.6592,5.9618,13.0307,8.502,10.7068,44.1395,24.7503,55.8605,30.453,0.4163,371090,2100206,ISCO-08,9,,
PRT,Portugal,Europe & Central Asia,country,2018,10283822.0,13.7175842801694,64.3500227062455,21.9323930135851,58.953,6.966,20.235,5230976.0,4866586,47.3227,3.14470982189453,24.4383065306702,72.4169836474352,5.6574,19.0765,11.4197,7.7681,18.7747,5.5236,13.1811,8.6412,9.9577,43.9217,24.7339,56.0783,31.9229,0.4189,378041,2137487,ISCO-08,9,,
PRT,Portugal,Europe & Central Asia,country,2019,10286263.0,13.5319073483259,64.0780142495373,22.3900784021367,58.976,6.422,18.326,5245523.0,4908656,47.7205,2.8773483224011,24.1628821215495,72.9597492961719,6.0308,19.5227,11.1182,8.6099,19.3501,5.1973,12.7467,8.4428,8.9814,45.2816,25.5535,54.7183,34.0386,0.4289,422630,2222718,ISCO-08,9,,
PRT,Portugal,Europe & Central Asia,country,2020,10297081.0,13.3376979493505,63.7995986507522,22.8627033998973,57.587,6.85,22.46,5138884.0,4786870,46.4876,2.86634832641125,24.4284280987097,72.7052028324968,5.7974,21.7451,10.9583,8.6499,18.9629,5.2862,12.4218,8.004,8.1744,47.1507,27.5425,52.8493,36.1207,0.439,414059,2257043,ISCO-08,9,,
PRT,Portugal,Europe & Central Asia,country,2021,10361831.0,13.1454802207554,63.5636491754777,23.2908706037669,56.831,6.712,23.424,5114630.0,4771336,46.0472,2.82638786857103,24.6003483164877,72.5732847147665,6.4824,22.8974,11.1768,10.4174,17.6134,2.3665,12.9649,8.457,7.6242,50.974,29.3798,49.026,41.7264,0.4611,497049,2432141,ISCO-08,9,,
PRT,Portugal,Europe & Central Asia,country,2022,10434332.0,13.0022182335776,63.3097782510393,23.688003515383,57.785,6.138,19.183,5245513.0,4923543,47.186,3.0976522765187,24.8734792692355,72.0288684542458,6.1653,21.9043,11.3317,9.4674,18.9335,2.4633,12.7124,8.5983,8.4237,48.8687,28.0696,51.1312,37.0438,0.4509,466132,2406071,ISCO-08,9,,
PRT,Portugal,Europe & Central Asia,country,2023,10578174.0,12.8936466432193,62.9948427426708,24.1115106141099,58.555,6.498,20.463,5395411.0,5044817,47.6908,3.10706416299277,25.4765752478187,71.4163605891885,6.0606,21.3349,11.2058,9.1548,19.2273,2.3303,13.1477,8.4172,9.1213,47.7561,27.3955,52.2438,37.4176,0.4449,461843,2409208,ISCO-08,9,,
PRT,Portugal,Europe & Central Asia,country,2024,10694681.0,12.8014201999608,62.6679299405748,24.5306498594644,58.443,6.5,21.766,5450166.0,5095905,47.649,2.85584874666838,24.7631634041662,72.3809878491654,6.0862,23.1497,11.6071,9.3902,18.2379,2.2745,12.8915,7.9332,8.4297,50.2332,29.2359,49.7668,40.0048,0.4567,478516,2559836,ISCO-08,9,,
PRT,Portugal,Europe & Central Asia,country,2025,10804871.0,12.7139902880698,62.3433903356215,24.9426193763087,58.161,6.164,20.221,5485246.0,5147135,47.6372,2.77622589812165,24.5509064130881,72.6728676887903,6.073,23.5946,11.8007,9.2465,18.741,2.0057,12.6375,7.4707,8.4303,50.7148,29.6676,49.2852,39.4806,0.46,475930,2610359,ISCO-08,9,,
PRY,Paraguay,Latin America & Caribbean,country,2013,5982445.0,30.9367073161559,63.7406110712259,5.32268161261825,69.867,4.385,9.497,2886676.0,2760095,46.1366,22.8232971944413,17.4709393744846,59.705763431074,4.8422,7.3931,7.1959,5.059,19.4344,18.9426,13.2977,4.6191,19.2159,24.4902,12.2353,75.5097,19.5145,0.3005,139633,675953,ISCO-08,9,,
PRY,Paraguay,Latin America & Caribbean,country,2014,6069811.0,30.5063370177424,64.0470518769036,5.44661110535402,67.955,5.034,11.097,2866433.0,2722137,44.8471,22.083577472912,19.1330366310391,58.7833491603129,4.6149,7.4404,6.4785,5.6818,18.5113,18.0281,13.9074,4.7484,20.5893,24.2156,12.0553,75.7845,20.2641,0.2993,154666,659182,ISCO-08,9,,
PRY,Paraguay,Latin America & Caribbean,country,2015,6159103.0,30.1529378547493,64.283971221134,5.56309092411671,67.926,4.556,10.922,2922145.0,2789012,45.2828,19.7020453457583,19.7376851684197,60.5603053407744,3.5383,7.8446,7.9584,5.2409,20.2274,16.8074,14.7342,4.9727,18.6761,24.5822,11.3829,75.4178,20.2795,0.306,146169,685601,ISCO-08,9,,
PRY,Paraguay,Latin America & Caribbean,country,2016,6249126.0,29.873417498703,64.453349156346,5.67323334495096,69.966,5.255,11.529,3066119.0,2904994,46.4864,21.3241060050382,19.4250659381741,59.2508280567877,3.9214,7.1518,7.3211,4.7149,19.4924,17.7978,14.6659,4.9278,20.007,23.1092,11.0732,76.8909,18.3669,0.2944,136968,671321,ISCO-08,9,,
PRY,Paraguay,Latin America & Caribbean,country,2017,6338660.0,29.6522664370493,64.5619527974404,5.78578076551032,71.039,6.138,14.28,3167703.0,2973269,46.9069,20.55290490832,19.5067195196682,59.9403755720118,4.1693,6.8129,7.5916,5.0611,20.1386,15.3181,15.5059,5.025,20.3776,23.6349,10.9822,76.3652,17.6183,0.3002,150480,702729,ISCO-08,9,,
PRY,Paraguay,Latin America & Caribbean,country,2018,6427382.0,29.4697304026531,64.6258511339338,5.90441846341313,71.868,6.217,14.52,3257956.0,3055409,47.5374,20.0768931677864,18.5851774951169,61.3379293370967,4.4026,6.9187,8.2901,4.8112,20.426,15.1291,15.1229,4.8563,20.0431,24.4226,11.3213,75.5774,16.8889,0.304,147002,746210,ISCO-08,9,,
PRY,Paraguay,Latin America & Caribbean,country,2019,6515058.0,29.2982426250081,64.6699768444118,6.03178053058008,72.392,6.595,15.3,3334564.0,3114650,47.8069,18.7222459631732,18.1424673244426,63.1352546059139,4.8177,7.6866,7.6567,5.2271,19.7253,14.5362,14.8999,5.2431,20.2072,25.3881,12.5043,74.6117,18.0001,0.3089,162806,790750,ISCO-08,9,,
PRY,Paraguay,Latin America & Caribbean,country,2020,6603739.0,29.1342730887552,64.7156887396906,6.15003817155416,70.117,7.548,17.152,3281326.0,3033652,45.9384,21.2745183356803,19.0863607115921,59.6391209527275,4.1923,8.367,7.0445,4.3983,20.5631,15.4535,15.755,4.8252,19.4011,24.0021,12.5593,75.9979,16.5309,0.3026,133429,728140,ISCO-08,9,,
PRY,Paraguay,Latin America & Caribbean,country,2021,6684182.0,29.0219356684184,64.7905233579816,6.18754097360006,71.919,7.311,16.203,3412056.0,3162601,47.3147,19.7142607800408,19.4926712291517,60.7930679908076,4.2792,7.7486,7.7992,4.37,20.6804,14.0938,15.3,5.1075,20.6213,24.197,12.0278,75.803,18.1144,0.3038,138206,765255,ISCO-08,9,,
PRY,Paraguay,Latin America & Caribbean,country,2022,6760464.0,28.926431676879,64.8426572495616,6.23091107355945,70.58,6.755,14.601,3391301.0,3162219,46.7752,17.4128769539656,18.7435863947609,63.8435050279503,5.1608,8.2631,8.0242,4.906,20.9038,12.5524,14.8952,5.3994,19.8951,26.3541,13.4239,73.6459,19.4951,0.3168,155138,833374,ISCO-08,9,,
PRY,Paraguay,Latin America & Caribbean,country,2023,6844146.0,28.7810049639502,64.8497197458967,6.36927529015307,70.751,5.794,13.185,3448638.0,3248824,47.4687,17.1714177631387,18.009812150778,64.8187700860833,5.2521,8.3676,8.2801,5.1664,21.8224,11.5461,14.556,5.7339,19.2754,27.0662,13.6197,72.9338,20.7209,0.3236,167847,879333,ISCO-08,9,,
PRY,Paraguay,Latin America & Caribbean,country,2024,6929153.0,28.5879240940415,64.8744298184785,6.53764608747996,70.27,5.686,13.393,3477137.0,3279427,47.328,16.2162087989996,18.9048377452133,64.8789534557871,5.3686,8.0807,8.3156,5.4721,21.3972,10.689,14.7772,5.6583,20.2413,27.237,13.4493,72.763,20.5787,0.3242,179454,893218,ISCO-08,9,,
PRY,Paraguay,Latin America & Caribbean,country,2025,7013078.0,28.3712036548862,64.9102123853615,6.71858395975233,70.247,4.803,11.687,3528777.0,3359290,47.9004,15.9653736870385,18.9507917583898,65.0838345545717,4.0386,8.24,8.5977,5.2616,22.2576,10.3897,14.5753,6.1615,20.4781,26.1379,12.2786,73.8622,20.4332,0.3217,176752,878048,ISCO-08,9,,
PSE,West Bank and Gaza,"Middle East, North Africa, Afghanistan & Pakistan",country,2013,4076708.0,40.7222113242063,56.1995735831012,3.07821509269255,41.801,19.894,37.137,1010156.0,809196,19.8493,10.6818298565871,25.8712880072103,63.4468821362025,3.8979,15.1854,4.5257,2.2513,19.2233,7.2994,18.8516,10.343,18.4224,25.8603,19.0833,74.1397,10.5333,0.3171,18217,209261,ISCO-08,9,,
PSE,West Bank and Gaza,"Middle East, North Africa, Afghanistan & Pakistan",country,2014,4173398.0,40.3924788289722,56.4627356961458,3.14478547488197,42.118,20.526,36.33,1047752.0,832690,19.9523,10.5234484950288,25.9153538838698,63.5611976211014,3.7339,15.0078,4.9447,2.1937,20.7258,6.7244,18.9466,9.997,17.726,25.8801,18.7417,74.1198,11.2018,0.3205,18267,215501,ISCO-08,9,,
PSE,West Bank and Gaza,"Middle East, North Africa, Afghanistan & Pakistan",country,2015,4270092.0,40.1148606732404,56.6701131134906,3.21502621326908,43.967,23.005,37.215,1124303.0,865657,20.2726,8.7643008861722,26.6156033072998,64.620095806528,3.5763,15.4025,4.6078,2.2187,20.8651,5.3686,19.5622,10.1945,18.2043,25.8053,18.9788,74.1947,9.4928,0.3218,19206,223385,ISCO-08,9,,
PSE,West Bank and Gaza,"Middle East, North Africa, Afghanistan & Pakistan",country,2016,4367088.0,39.8733125263478,56.8426367209549,3.28405075269727,43.769,23.939,38.507,1149280.0,874154,20.0169,7.4684550325829,27.945482014435,64.5860629529821,3.4103,15.2702,4.6452,2.1993,20.1297,4.3455,20.6844,10.477,18.8385,25.525,18.6805,74.4751,9.7438,0.3196,19225,223128,ISCO-08,9,,
PSE,West Bank and Gaza,"Middle East, North Africa, Afghanistan & Pakistan",country,2017,4454805.0,39.7257493949967,56.9185550343498,3.35569557065348,44.004,25.677,41.868,1181552.0,878165,19.7128,6.81914202927073,28.4083142320202,64.7724367784865,4.0831,15.2541,4.2111,2.1125,20.0843,3.5892,20.1799,10.4463,20.0394,25.6608,19.3372,74.3391,10.399,0.3196,18551,225344,ISCO-08,9,,
PSE,West Bank and Gaza,"Middle East, North Africa, Afghanistan & Pakistan",country,2018,4569087.0,39.6498159760895,56.9225409060852,3.4276431178253,43.452,26.256,42.224,1198168.0,883577,19.3382,6.4351194924569,28.7616643337111,64.803216173832,3.8202,16.0608,4.8448,1.9295,20.0552,3.45,20.9949,10.313,18.5317,26.6553,19.881,73.3448,9.5536,0.3251,17049,235520,ISCO-08,9,,
PSE,West Bank and Gaza,"Middle East, North Africa, Afghanistan & Pakistan",country,2019,4685306.0,39.5223919312078,56.9725227158673,3.50508535292495,44.27,25.34,40.151,1254417.0,936548,19.989,6.15273929337593,27.8230957536765,66.0241649529476,3.381,17.6119,4.7143,1.8448,19.7282,3.4478,21.246,9.6789,18.3471,27.552,20.9929,72.448,11.0447,0.3299,17277,258038,ISCO-08,9,,
PSE,West Bank and Gaza,"Middle East, North Africa, Afghanistan & Pakistan",country,2020,4803269.0,39.3067665649116,57.1178387168293,3.57539471825902,40.936,25.895,42.053,1193390.0,884362,18.4117,6.45287777221873,28.3174757583192,65.2296464694621,3.8456,18.6181,4.8149,1.7069,18.5968,3.2957,20.1552,9.9565,19.0103,28.9855,22.4637,71.0145,10.755,0.3345,15095,256337,ISCO-08,9,,
PSE,West Bank and Gaza,"Middle East, North Africa, Afghanistan & Pakistan",country,2021,4922749.0,39.0266165034066,57.3431169497133,3.63026654688014,43.367,26.39,41.63,1301690.0,958174,19.4642,6.7985819650366,29.1083580042882,64.0930600306752,3.3215,17.3537,4.5984,1.4602,19.0183,3.4133,21.0875,9.7906,19.9564,26.7338,20.6752,73.2661,10.5051,0.3232,13991,256156,ISCO-08,9,,
PSE,West Bank and Gaza,"Middle East, North Africa, Afghanistan & Pakistan",country,2022,5043612.0,38.6899535744646,57.6072471335106,3.70279929202472,44.991,24.42,36.092,1391230.0,1051492,20.848,6.34335105421142,29.8801128349788,63.7764456981664,3.0189,17.2825,4.3588,1.5248,19.1513,3.126,21.5257,9.9449,20.067,26.185,20.3014,73.8149,11.4731,0.3214,16033,275333,ISCO-08,9,,
PSE,West Bank and Gaza,"Middle East, North Africa, Afghanistan & Pakistan",country,2023,5165775.0,38.3702289515375,57.8272966906483,3.80247435781418,,,,,,,,,,,,,,,,,,,,,,,,,,,0,,
PSE,West Bank and Gaza,"Middle East, North Africa, Afghanistan & Pakistan",country,2024,5289152.0,38.0471055745642,58.1151601426855,3.83773428275027,,,,,647579,12.2435,,,,4.4716,17.9671,5.1486,1.7833,19.8107,4.4222,19.49,10.9001,16.0065,29.3706,22.4387,70.6295,12.3398,0.3384,11548,190198,ISCO-08,9,,
PSE,West Bank and Gaza,"Middle East, North Africa, Afghanistan & Pakistan",country,2025,5413596.0,37.5908894034535,58.5574375946285,3.85167300191802,,,,,686733,12.6853,,,,4.1862,17.7638,4.7018,1.8624,19.5479,4.3264,20.5716,10.9146,16.1252,28.5142,21.95,71.4857,12.0006,0.3341,12790,195816,ISCO-08,9,,
PYF,French Polynesia,East Asia & Pacific,country,2013,274728.0,24.9328880436068,68.236707282671,6.83040467372214,56.16,12.027,35.431,115819.0,101889,37.0872,2.68917460005889,15.3773677495338,81.9334576504073,,,,,,,,,,,,,,,,,,0,,
PYF,French Polynesia,East Asia & Pacific,country,2014,276387.0,24.5526660937995,68.3735697164307,7.0737641897698,56.045,11.894,35.457,116869.0,102969,37.2554,2.62892104496455,15.2646401864621,82.1064387685734,,,,,,,,,,,,,,,,,,0,,
PYF,French Polynesia,East Asia & Pacific,country,2015,277866.0,24.1468909474351,68.5378923653847,7.31521668718015,55.957,11.794,35.583,117940.0,104030,37.4389,2.5636835528213,15.0322022493511,82.4041141978275,,,,,,,,,,,,,,,,,,0,,
PYF,French Polynesia,East Asia & Pacific,country,2016,279178.0,23.720572037503,68.7225868846881,7.55684107780892,55.876,11.727,35.778,118991.0,105037,37.6237,2.49152671465022,14.874900034274,82.6345253056095,,,,,,,,,,,,,,,,,,0,,
PYF,French Polynesia,East Asia & Pacific,country,2017,280087.0,23.2510313778065,68.874079971723,7.87488865047048,55.822,11.595,35.867,119997.0,106083,37.875,2.40752611138343,14.8363560951699,82.7561177934467,,,,,,,,,,,,,,,,,,0,,
PYF,French Polynesia,East Asia & Pacific,country,2018,279815.0,22.5843457564002,69.1114323545336,8.30422188906619,55.614,11.599,36.201,120471.0,106498,38.0601,2.33431613739225,14.6885387519014,82.9771451107063,,,,,,,,,,,,,,,,,,0,,
PYF,French Polynesia,East Asia & Pacific,country,2019,279034.0,21.8328623624045,69.3920264054316,8.77511123216388,55.402,11.591,36.499,120839.0,106833,38.2867,2.25211311111735,14.7211067741241,83.0267801147586,,,,,,,,,,,,,,,,,,0,,
PYF,French Polynesia,East Asia & Pacific,country,2020,279209.0,21.3067988496073,69.4868360260593,9.20636512433338,54.459,12.963,41.469,119656.0,104145,37.3,2.25548748871776,14.4345438134926,83.3099686977896,,,,,,,,,,,,,,,,,,0,,
PYF,French Polynesia,East Asia & Pacific,country,2021,279792.0,20.8571009893063,69.4900140104077,9.65288500028593,54.253,12.558,38.858,120135.0,105048,37.545,2.22657997696313,14.4684861350417,83.3049338879951,,,,,,,,,,,,,,,,,,0,,
PYF,French Polynesia,East Asia & Pacific,country,2022,280378.0,20.3140046651306,69.5132999022748,10.1726954325946,53.961,11.793,36.815,120561.0,106343,37.9284,2.14396539564625,14.4886924632094,83.3673421411444,,,,,,,,,,,,,,,,,,0,,
PYF,French Polynesia,East Asia & Pacific,country,2023,281118.0,19.7333153100917,69.5411365669638,10.7255481229446,53.353,11.613,36.378,120388.0,106407,37.8514,2.0675331510145,14.4774309960811,83.4550358529044,,,,,,,,,,,,,,,,,,0,,
PYF,French Polynesia,East Asia & Pacific,country,2024,281807.0,19.1014046872588,69.5745130080392,11.324082304702,52.799,11.613,36.459,120370.0,106391,37.7531,1.99264975420853,14.3771559624404,83.630194283351,,,,,,,,,,,,,,,,,,0,,
PYF,French Polynesia,East Asia & Pacific,country,2025,282465.0,18.4527286566477,69.5985343316871,11.9487370116652,52.369,11.662,36.566,120628.0,106560,37.725,1.91815016750969,14.3335741969388,83.7482756355515,,,,,,,,,,,,,,,,,,0,,
QAT,Qatar,"Middle East, North Africa, Afghanistan & Pakistan",country,2013,1916426.0,14.6477661328292,84.2675120692734,1.08472179789742,86.296,0.28,1.109,1411555.0,1407603,73.4494,1.38014691648855,51.7153541595639,46.9045659051131,2.6638,9.8725,5.7399,5.3107,7.2121,0.8082,34.7385,11.2241,22.4301,23.5869,12.5363,76.413,,0.2896,74754,332010,ISCO-88,9,,
QAT,Qatar,"Middle East, North Africa, Afghanistan & Pakistan",country,2014,2151745.0,14.4019803711911,84.5362274677106,1.06179216109832,86.747,0.2,0.737,1597750.0,1594554,74.1052,1.31039403673994,52.8582369232809,45.8313690399791,,,,,,,,,,,,,,,,,,0,,
QAT,Qatar,"Middle East, North Africa, Afghanistan & Pakistan",country,2015,2344557.0,13.9487391601597,85.0004150650272,1.05084577481311,87.274,0.17,0.569,1760771.0,1757778,74.9727,1.23297366564313,54.141270493695,44.6258107909099,,,,,,,,,,,,,,,,,,0,,
QAT,Qatar,"Middle East, North Africa, Afghanistan & Pakistan",country,2016,2477113.0,13.7022711639581,85.2115049327299,1.08622390331203,87.475,0.15,0.482,1869946.0,1867141,75.3757,1.21584425434225,54.5548224694878,44.22933327617,,,,,,,,,,,,,,,,,,0,,
QAT,Qatar,"Middle East, North Africa, Afghanistan & Pakistan",country,2017,2545820.0,13.7371040372083,85.1403706234452,1.12252533934654,87.498,0.14,0.505,1921542.0,1918852,75.3727,1.2462067014981,54.5025246175331,44.2512686809688,,,,,,,,,,,,,,,,,,0,,
QAT,Qatar,"Middle East, North Africa, Afghanistan & Pakistan",country,2018,2580734.0,13.9548780902974,84.9008489965384,1.14427291316419,87.503,0.11,0.309,1943088.0,1940951,75.2093,1.33538216170977,55.3338238707447,43.330745812695,,,,,,,,,,,,,,,,,,0,,
QAT,Qatar,"Middle East, North Africa, Afghanistan & Pakistan",country,2019,2638657.0,14.555646853503,84.2722328471747,1.17212029932225,87.433,0.1,0.295,1971250.0,1969279,74.6319,1.53400410893958,54.6825149775158,43.7834809135447,,,,,,,,,,,,,,,,,,0,,
QAT,Qatar,"Middle East, North Africa, Afghanistan & Pakistan",country,2020,2794148.0,15.3971195434075,83.3551879431043,1.24769251348821,87.105,0.14,0.48,2059100.0,2056217,73.5901,1.33577120343499,42.4287797933401,56.2354490032249,,,,,,,,,,,,,,,,,,0,,
QAT,Qatar,"Middle East, North Africa, Afghanistan & Pakistan",country,2021,2504910.0,15.5429590668786,83.1531782441238,1.30386268899766,86.363,0.14,0.693,1827072.0,1824514,72.8375,1.30790772805352,40.9200467817091,57.7719479470575,,,,,,,,,,,,,,,,,,0,,
QAT,Qatar,"Middle East, North Africa, Afghanistan & Pakistan",country,2022,2657333.0,15.2480159587617,83.3608820189078,1.39110202233051,87.575,0.13,0.559,1972313.0,1969749,74.125,1.73971040584692,39.0456312513555,59.2147049838272,,,,,,,,,,,,,,,,,,0,,
QAT,Qatar,"Middle East, North Africa, Afghanistan & Pakistan",country,2023,2656032.0,15.1605930954569,83.2673118766117,1.57209502793142,87.551,0.13,0.574,1972840.0,1970275,74.1811,1.69064484512151,38.9613045866694,59.3480505682091,,,,,,,,,,,,,,,,,,0,,
QAT,Qatar,"Middle East, North Africa, Afghanistan & Pakistan",country,2024,2857822.0,15.070743135057,83.2534395653097,1.67581729963329,87.22,0.13,0.573,2116940.0,2114188,73.979,1.66208167493207,38.2267256241619,60.111192700906,2.7712,15.1422,9.7746,8.7753,10.1313,1.4339,25.0358,13.4368,13.499,36.4633,17.9134,63.5368,38.1064,0.371,185526,770903,ISCO-08,9,,
QAT,Qatar,"Middle East, North Africa, Afghanistan & Pakistan",country,2025,2972215.0,15.0002960632256,83.2988889044008,1.70081503237359,87.013,0.13,0.559,2198274.0,2195416,73.8646,1.62035055673617,38.0200378963815,60.35965499607,,,,,,,,,,,,,,,,,,0,,
ROU,Romania,Europe & Central Asia,country,2013,19983693.0,15.697380256843,67.8443383194302,16.4582814237269,50.081,7.096,24.017,8437034.0,7838342,39.2237,18.9224052265256,32.0761974616603,49.0013846043585,2.1669,13.1252,6.0143,4.4631,13.453,24.0693,15.3865,10.5639,10.7578,25.7695,15.2921,74.2305,13.1138,0.3004,349833,2019902,ISCO-08,9,,
ROU,Romania,Europe & Central Asia,country,2014,19908979.0,15.6595114806191,67.5465618438621,16.7939266755188,50.517,6.802,24.364,8482476.0,7905498,39.7082,18.1895653235505,32.6796841578484,49.130750518601,2.0533,13.6314,5.9578,4.2769,13.6546,23.5279,15.9729,10.6445,10.2807,25.9194,15.6847,74.0806,12.2265,0.3021,338110,2049058,ISCO-08,9,,
ROU,Romania,Europe & Central Asia,country,2015,19815616.0,15.6570250459469,67.1333496502281,17.209625303825,51.24,6.812,22.029,8563782.0,7980417,40.2734,16.0162810804354,31.8234192793074,52.1602996402572,2.2143,14.8855,5.807,4.4064,14.6685,21.5318,15.9835,10.8298,9.6732,27.3132,17.0998,72.6868,12.9768,0.3135,351649,2179707,ISCO-08,9,,
ROU,Romania,Europe & Central Asia,country,2016,19702267.0,15.7105150740248,66.7152920502478,17.5741928757273,50.936,5.901,21.024,8458910.0,7959750,40.4002,14.138561345476,33.0633720628258,52.7980540761085,2.1862,15.3506,6.0417,4.402,15.0562,19.61,16.7475,11.1952,9.4105,27.9805,17.5368,72.0194,11.9452,0.3193,350388,2227178,ISCO-08,9,,
ROU,Romania,Europe & Central Asia,country,2017,19588715.0,15.8244652586317,66.2634006422186,17.9121340991497,51.837,4.927,18.726,8547354.0,8126226,41.4842,13.8986309145005,33.2781337361443,52.8232353493552,1.8905,15.5156,6.0461,4.5282,14.9219,19.3188,17.0159,11.546,9.2171,27.9804,17.4061,72.0197,13.7146,0.32,367972,2273751,ISCO-08,9,,
ROU,Romania,Europe & Central Asia,country,2018,19473970.0,15.9498541474299,65.8004680304066,18.2496778221635,51.834,4.187,16.607,8484137.0,8128906,41.7424,13.5531156128166,33.1197127092516,53.3271716779318,1.9045,15.4974,6.0844,4.4586,15.2163,18.3768,16.8804,12.0218,9.5597,27.9449,17.4019,72.055,14.6196,0.321,362435,2271615,ISCO-08,9,,
ROU,Romania,Europe & Central Asia,country,2019,19371648.0,16.0441184599659,65.3516450135071,18.604236526527,52.02,3.912,17.143,8460344.0,8129375,41.9653,12.7807371953682,33.0269658981006,54.1922969065312,2.1155,15.6668,6.4176,4.2296,15.3522,18.1868,16.2504,11.9773,9.8038,28.4295,17.7823,71.5705,14.0876,0.323,343840,2311141,ISCO-08,9,,
ROU,Romania,Europe & Central Asia,country,2020,19265250.0,16.0985844556462,64.8847498479951,19.0166656963587,51.998,5.035,17.584,8404862.0,7981677,41.4304,12.2550899409496,32.571253323396,55.1736442890612,2.2529,15.639,6.5558,4.5265,15.7814,17.7486,15.8974,11.9832,9.6151,28.9742,17.8919,71.0257,13.6988,0.3274,361291,2312627,ISCO-08,9,,
ROU,Romania,Europe & Central Asia,country,2021,19122059.0,16.0980080122979,64.5750261544466,19.3269658332554,52.467,5.59,21.149,8417695.0,7947146,41.5601,11.7517661369975,32.9430099627215,55.305223900281,2.7347,17.6009,7.0159,4.6779,17.5183,7.9525,18.3625,13.5671,10.5704,32.0294,20.3356,67.9708,16.6815,0.3538,371760,2545423,ISCO-08,9,,
ROU,Romania,Europe & Central Asia,country,2022,19048502.0,16.0158785210186,64.4688744544758,19.5152470245056,52.637,5.614,22.874,8420718.0,7947979,41.725,11.2520933619747,32.8302428956362,55.9176637423891,3.0623,18.3136,7.0477,4.8495,17.4965,8.0327,17.833,13.5045,9.8601,33.2731,21.3759,66.7268,17.5368,0.3605,385437,2644539,ISCO-08,9,,
ROU,Romania,Europe & Central Asia,country,2023,19061062.0,15.8764699816463,64.3703890976471,19.7531409207066,51.739,5.589,21.701,8296265.0,7832587,41.0921,11.914744119708,33.1646621771703,54.9205809741838,2.7167,17.666,7.0351,4.7117,17.3567,8.3966,17.8429,13.8737,10.4006,32.1295,20.3827,67.8705,17.2445,0.354,369048,2516571,ISCO-08,9,,
ROU,Romania,Europe & Central Asia,country,2024,19051804.0,15.7157647653274,64.3032364614878,19.9809987731847,51.461,5.4,23.63,8263437.0,7817211,41.0313,11.2639125663001,32.653380600289,56.0827196502939,2.654,18.0173,7.2024,4.8434,17.9785,7.9266,17.4047,14.3494,9.6237,32.7171,20.6713,67.2829,17.8369,0.3593,378619,2557565,ISCO-08,9,,
ROU,Romania,Europe & Central Asia,country,2025,19020271.0,15.5552851325905,64.3063104900056,20.1384043774039,51.331,5.992,24.544,8244587.0,7750571,40.749,10.9455166058844,32.5712709763663,56.4832124177493,2.7475,18.4535,7.4094,5.0811,18.503,7.0856,17.089,13.9563,9.6747,33.6915,21.201,66.3086,,0.3662,393814,2611284,ISCO-08,9,,
RUS,Russian Federation,Europe & Central Asia,country,2013,143805638.0,16.0854380353918,71.0307780178912,12.883783946717,62.866,5.513,14.201,75862836.0,71680518,49.8454,7.07754690151166,27.5141369856309,65.4083161128575,8.5783,19.7463,15.0209,2.8972,14.57,3.5257,13.1693,12.4148,10.0776,46.2427,28.3246,53.7574,38.062,0.4112,2076728,33147007,ISCO-88,9,,
RUS,Russian Federation,Europe & Central Asia,country,2014,144237223.0,16.4703625455145,70.3612786579556,13.1683587965298,62.837,5.212,14.053,75706539.0,71760714,49.7519,6.76849294661937,27.3450555686457,65.8864500978263,8.5538,20.1659,15.2594,2.8813,14.6031,3.3361,13.1467,12.2079,9.8459,46.8604,28.7197,53.1397,39.4098,0.4146,2067641,33627358,ISCO-88,9,,
RUS,Russian Federation,Europe & Central Asia,country,2015,144640716.0,16.8548179087007,69.6107173405512,13.534464750748,62.704,5.615,16.389,75408951.0,71174738,49.208,6.78952399533163,27.0523317732469,66.1581540212958,8.5739,20.2509,15.3142,2.8643,14.5593,3.3945,13.1183,12.1834,9.7413,47.0033,28.8248,52.9968,38.7011,0.4152,2038658,33454476,ISCO-88,9,,
RUS,Russian Federation,Europe & Central Asia,country,2016,145015460.0,17.2040849979726,68.9243897445989,13.8715252574284,62.872,5.591,16.688,75488447.0,71267888,49.145,6.76890174709887,26.8126405300467,66.4184591186721,6.9952,23.683,12.9949,3.1148,15.3901,3.4698,12.9434,12.6277,8.7811,46.7879,30.6782,53.2121,39.8599,0.4206,2219852,33344748,ISCO-08,9,,
RUS,Russian Federation,Europe & Central Asia,country,2017,145293260.0,17.4581488715681,68.3009219594445,14.2409291689874,62.496,5.238,16.329,74950044.0,71024161,48.8833,5.95768568954329,26.8442955243345,67.1980201854901,6.8015,24.2088,13.1341,3.2388,15.7895,2.5386,13.2412,12.6809,8.3665,47.3832,31.0103,52.6167,37.2737,0.4259,2300331,33653520,ISCO-08,9,,
RUS,Russian Federation,Europe & Central Asia,country,2018,145398106.0,17.5865003152647,67.7832495905018,14.6302500942335,62.445,4.871,16.99,74826387.0,71181594,48.9563,5.94382211323953,26.6806021899228,67.3755659321416,6.5707,24.4917,12.881,3.3342,16.0605,2.5324,13.3767,12.6318,8.121,47.2776,31.0624,52.7224,38.3948,0.4266,2373337,33652949,ISCO-08,9,,
RUS,Russian Federation,Europe & Central Asia,country,2019,145453291.0,17.639402169887,67.2972984998669,15.063299330246,61.698,4.513,15.209,73911859.0,70576217,48.5216,5.89324201911773,26.6797722740496,67.4269857068326,6.0677,24.8696,13.863,2.8533,15.7252,2.4567,13.427,12.8943,7.8432,47.6536,30.9373,52.3464,38.3613,0.4274,2013751,33632108,ISCO-08,9,,
RUS,Russian Federation,Europe & Central Asia,country,2020,145245148.0,17.6685472254658,66.8593105362114,15.4721422383228,61.389,5.62,16.986,73410465.0,69284797,47.702,6.06491070252234,26.4081384855837,67.5269422185816,5.802,26.2484,13.7072,2.7494,15.2236,2.5349,13.0798,13.0437,7.6111,48.507,32.0504,51.4931,38.9404,0.4315,1904916,33607976,ISCO-08,9,,
RUS,Russian Federation,Europe & Central Asia,country,2021,144746762.0,17.7204822466031,66.546118958482,15.7333987949149,61.966,4.749,16.144,73799608.0,70294865,48.564,5.92047768348316,26.5000468552741,67.5794740493014,5.5021,26.1444,13.7574,2.6441,15.5819,2.4199,13.3015,12.8475,7.8012,48.048,31.6465,51.952,40.2593,0.43,1858667,33775277,ISCO-08,9,,
RUS,Russian Federation,Europe & Central Asia,country,2022,144236933.0,17.6893198696339,66.2351438367188,16.0755362936472,61.936,3.867,14.388,73531906.0,70688427,49.0085,5.80426963339319,26.2921116026455,67.9036201655644,4.549,26.7705,13.8906,3.4322,16.141,2.1659,12.3508,12.8872,7.8127,48.6423,31.3195,51.3576,38.552,0.437,2426168,34384477,ISCO-08,9,,
RUS,Russian Federation,Europe & Central Asia,country,2023,143826130.0,17.5149816677095,65.8803755973048,16.6046427349856,62.135,3.076,11.147,73713863.0,71446425,49.6756,5.4592687891054,25.9426079241619,68.5981232867327,4.8294,27.0182,13.9873,3.4415,16.3162,1.9676,12.4152,12.5361,7.4885,49.2764,31.8476,50.7236,40.0049,0.4405,2458829,35206226,ISCO-08,9,,
RUS,Russian Federation,Europe & Central Asia,country,2024,143669648.0,17.2783413289713,65.5441832951973,17.1774753758315,61.824,2.43,8.256,73475298.0,71689848,49.8991,5.23722825132951,25.9666861088131,68.7960939427504,5.0206,28.2674,14.2749,3.4586,15.4779,1.8011,12.3914,12.2707,7.0375,51.0215,33.288,48.9786,39.7211,0.4481,2479465,36577236,ISCO-08,9,,
RUS,Russian Federation,Europe & Central Asia,country,2025,143513328.0,17.027484657309,65.1807279594291,17.7917873832619,61.113,2.133,7.613,72771294.0,71219082,49.6254,5.10897725869351,25.8324630811929,69.0585484649102,4.7263,28.2228,14.8653,3.6144,15.2745,2.0777,12.5418,12.1049,6.5721,51.4288,32.9491,48.571,40.0477,0.4501,2574142,36627119,ISCO-08,9,,
RWA,Rwanda,Sub-Saharan Africa,country,2013,11093340.0,41.6574088597303,55.5068130968671,2.83577804340262,60.784,11.768,16.42,3934027.0,3471071,31.2897,56.7496493133052,12.8479389648138,30.402411721881,,,,,,,,,,,,,,,,,,0,,
RWA,Rwanda,Sub-Saharan Africa,country,2014,11364757.0,41.4114617672864,55.6992111665916,2.88932706612205,60.714,11.837,16.554,4042608.0,3564084,31.3608,56.0157839626231,12.9606040642806,31.0236119730963,0.6319,2.0151,0.6347,0.2923,11.4245,56.5585,4.029,1.2722,23.1418,3.574,2.647,96.426,1.1108,0.1453,10418,127380,ISCO-08,9,,
RWA,Rwanda,Sub-Saharan Africa,country,2015,11640022.0,41.1487495470369,55.8901563931752,2.96109405978786,60.64,11.831,16.599,4154021.0,3662559,31.4652,54.7182494458803,13.1106442860006,32.1711062681191,,,,,,,,,,,,,,,,,,0,,
RWA,Rwanda,Sub-Saharan Africa,country,2016,11919183.0,40.8506984077684,56.1025994818604,3.04670211037116,60.556,11.788,16.595,4269266.0,3766005,31.5962,53.9260649865507,13.2212606976614,32.8526743157878,,,,,,,,,,,,,,,,,,0,,
RWA,Rwanda,Sub-Saharan Africa,country,2017,12202060.0,40.5134608208179,56.3437544011522,3.14278477802991,60.461,11.875,16.732,4388612.0,3867464,31.6952,53.0782419738479,13.3457153044732,33.576042721679,1.133,4.3155,1.185,0.7443,14.6303,24.6579,6.356,2.0489,44.9289,7.3778,5.4485,92.622,1.9255,0.1882,28786,285334,ISCO-08,9,,
RWA,Rwanda,Sub-Saharan Africa,country,2018,12487996.0,40.1229508721816,56.6302952050914,3.24675392272707,60.378,10.759,16.264,4514731.0,4028991,32.2629,50.0974182790943,15.5029836054344,34.3995732955276,1.088,5.1507,1.0951,0.7652,15.5653,23.3935,6.8201,2.3531,43.7691,8.099,6.2387,91.9011,2.4265,0.1955,30830,326308,ISCO-08,9,,
RWA,Rwanda,Sub-Saharan Africa,country,2019,12776103.0,39.6628690297816,56.9801057489909,3.35702522122747,58.451,11.236,16.052,4505832.0,3999557,31.305,47.2697178432574,15.7102173994574,37.020089760098,1.1568,5.0669,1.2842,0.8654,16.6418,21.2906,7.009,2.508,44.1773,8.3733,6.2237,91.6267,2.9261,0.2005,34612,334895,ISCO-08,9,,
RWA,Rwanda,Sub-Saharan Africa,country,2020,13065837.0,39.1565729772995,57.3677254660379,3.47570155666262,62.66,11.829,15.947,4981285.0,4392049,33.6148,50.1424164763227,17.209921203047,32.6476623206304,1.2121,4.1848,1.2424,0.7576,14.8968,22.8122,7.5946,2.1231,45.1763,7.3969,5.3969,92.603,2.7636,0.1899,33274,324875,ISCO-08,9,,
RWA,Rwanda,Sub-Saharan Africa,country,2021,13355260.0,38.6402735701139,57.7540684344595,3.60565799542652,58.197,15.775,23.312,4769099.0,4016774,30.0763,56.206302149877,14.3856982245516,29.407974730058,0.8757,4.6037,1.0845,0.8166,11.9634,20.0768,6.4801,2.1051,51.9941,7.3805,5.4794,92.6195,2.6014,0.1845,32801,296458,ISCO-08,9,,
RWA,Rwanda,Sub-Saharan Africa,country,2022,13651030.0,38.1567617974614,58.1217900773788,3.72144812515979,60.164,15.084,22.203,5079189.0,4313044,31.595,55.2709146710311,14.4870076468159,30.242077682153,0.8912,5.424,0.8786,0.7061,11.6114,20.2791,6.9045,2.2514,51.0537,7.8999,6.3152,92.1001,2.4138,0.1869,30454,340726,ISCO-08,9,,
RWA,Rwanda,Sub-Saharan Africa,country,2023,13954471.0,37.7313644590553,58.4467853189567,3.82185022198798,63.664,12.352,18.172,5531930.0,4848626,34.746,51.869092379053,14.2311095344851,33.8998187109295,0.8446,5.2063,0.7125,0.7038,15.19,19.7259,6.665,2.2904,48.6616,7.4672,6.0509,92.5329,2.8105,0.1929,34125,362057,ISCO-08,9,,
RWA,Rwanda,Sub-Saharan Africa,country,2024,14256567.0,37.3607979172264,58.7131340494922,3.92606803328137,63.521,11.331,16.555,5672552.0,5029795,35.2805,36.5025413560592,18.1208776898462,45.3766008356205,1.0465,5.8311,1.4144,0.9028,17.1137,14.1132,7.8198,2.8891,48.8694,9.1948,6.8776,90.8052,4.0021,0.2098,45409,462480,ISCO-08,9,,
RWA,Rwanda,Sub-Saharan Africa,country,2025,14569341.0,37.01944504626,58.9563885887628,4.02416636497719,63.681,11.363,16.408,5843274.0,5179303,35.5493,35.0513644642127,18.4074129636505,46.5412225721368,0.8035,4.367,1.2739,0.7168,15.2454,30.6091,6.2846,2.4813,38.2184,7.1612,5.1705,92.8388,3.3476,0.1866,37125,370900,ISCO-08,9,,
SAS,South Asia,AGGREGATE,region,2013,1501661991.0,30.207,64.6259,5.1671,53.5138,7.3439,22.7386,560850749.0,519831660,34.6171,45.6339,24.3651,30.001,1.4339,4.9817,2.2763,1.9207,15.9078,34.7108,17.806,6.0952,14.8677,10.6127,6.4157,89.3873,7.8217,0.2122,1264491,55168175,,,12.66,6
SAS,South Asia,AGGREGATE,region,2014,1519839246.0,29.6944,65.0098,5.2959,53.3302,7.323,23.005,569856830.0,528290341,34.7596,44.6782,24.4722,30.8496,4.6824,6.7028,6.016,4.3588,11.9543,19.7988,16.6671,8.1304,21.6895,21.76,11.3852,78.24,21.3893,0.2703,357714,114955978,,,1.55,6
SAS,South Asia,AGGREGATE,region,2015,1537370078.0,29.163,65.3786,5.4584,53.1685,7.3033,23.2782,579056589.0,536938951,34.9258,43.7367,24.5076,31.7557,6.1329,6.7969,6.0762,4.0316,11.1001,18.6121,16.1785,8.6668,22.405,23.0377,12.9298,76.9624,21.8606,0.2738,339687,123698385,,,1.57,6
SAS,South Asia,AGGREGATE,region,2016,1555111864.0,28.6289,65.7385,5.6326,52.9754,7.2807,23.572,588022370.0,545386025,35.0705,42.6872,24.7273,32.5855,2.3956,5.193,2.4919,1.8214,15.1122,30.8442,16.2386,7.7393,18.1636,11.902,7.5886,88.0979,23.9226,0.2181,1244539,64911845,,,12.53,6
SAS,South Asia,AGGREGATE,region,2017,1572520427.0,28.1008,66.0813,5.8179,53.052,7.2927,23.9715,599795844.0,556312471,35.3771,41.6235,24.8034,33.5731,2.1737,5.3239,2.6149,1.8884,16.3953,29.3156,17.2376,6.968,18.0825,12.001,7.4977,87.999,11.151,0.2225,1481704,66763060,,,14.1,6
SAS,South Asia,AGGREGATE,region,2018,1589164714.0,27.6036,66.3821,6.0143,52.916,7.325,24.3556,608713889.0,564390972,35.5149,40.7997,24.8382,34.3622,8.2543,4.4014,4.4515,2.2014,9.6489,29.6157,12.1643,5.9727,23.2897,19.3085,12.6556,80.6913,13.4658,0.2369,10845654,108975431,,,87.29,6
SAS,South Asia,AGGREGATE,region,2019,1605412986.0,27.1306,66.6511,6.2183,52.8103,6.3468,21.6956,617666967.0,578714112,36.0477,40.2458,24.7124,35.0418,9.222,4.4286,4.2365,2.263,10.002,29.3959,11.8092,5.811,22.8317,20.1502,13.6507,79.8498,15.1243,0.2413,11443380,116612051,,,87.38,6
SAS,South Asia,AGGREGATE,region,2020,1621073417.0,26.6672,66.9243,6.4085,52.1689,7.6777,23.5138,619936302.0,572662367,35.3261,43.9352,23.2702,32.7946,9.0992,4.1273,3.8081,1.9887,8.7262,34.2204,11.5492,5.2354,21.2454,19.0234,13.2265,80.9766,14.6551,0.2297,9925406,108939853,,,87.15,6
SAS,South Asia,AGGREGATE,region,2021,1634785356.0,26.2502,67.2106,6.5392,53.1394,6.3709,20.0854,640376892.0,599837900,36.6922,43.5447,23.8466,32.6087,4.0865,7.1958,8.4687,3.4759,11.9129,16.5347,14.1076,10.0166,24.2015,23.2269,11.2823,76.7732,23.1434,0.278,294456,139323749,,,1.41,6
SAS,South Asia,AGGREGATE,region,2022,1648009565.0,25.8464,67.4596,6.694,54.139,4.9002,17.1476,661309170.0,629127769,38.175,42.5098,25.2455,32.2447,4.8466,5.4175,2.5611,2.0338,11.7872,33.7018,11.2554,5.9516,22.4449,14.859,10.2641,85.1409,12.1328,0.2205,12638634,93482095,,,98.78,6
SAS,South Asia,AGGREGATE,region,2023,1662580579.0,25.4241,67.6633,6.9126,54.9725,4.2035,14.9504,681389763.0,653028951,39.278,43.2806,24.2819,32.4374,3.4036,5.6188,2.5329,2.0431,12.7027,36.1294,11.6349,5.8442,20.0904,13.5985,9.0224,86.4015,10.4017,0.2165,13184570,88802142,,,98.82,6
SAS,South Asia,AGGREGATE,region,2024,1677384532.0,25.0021,67.8661,7.1318,55.6029,4.2296,15.1886,699442221.0,670120577,39.9503,42.195,24.6415,33.1635,3.3113,5.5617,2.5184,2.1562,12.7406,35.7303,11.7095,6.2479,20.0241,13.5476,8.873,86.4524,10.3607,0.2171,14282600,90785255,,,98.85,6
SAS,South Asia,AGGREGATE,region,2025,1692252900.0,24.5855,68.0602,7.3543,55.6115,4.2794,15.4456,709676121.0,679563112,40.1573,41.5025,25.0502,33.4472,2.8064,5.8491,2.654,2.3188,13.2475,33.9702,11.4711,6.0623,21.6208,13.6283,8.6555,86.3719,11.325,0.2201,13717272,92612900,,,87.05,6
SAU,Saudi Arabia,"Middle East, North Africa, Afghanistan & Pakistan",country,2013,27624004.0,25.8020944969312,71.8696842780143,2.32822122505455,57.152,5.6,26.946,11714121.0,11058130,40.0309,4.47158290444588,26.1943975660596,69.3340284426764,,,,,,,,,,,,,,,,,,0,,
SAU,Saudi Arabia,"Middle East, North Africa, Afghanistan & Pakistan",country,2014,28309273.0,25.4037894204104,72.3162048199076,2.28000575968204,58.409,5.877,28.603,12334605.0,11609700,41.0102,4.31071387758146,26.298452498487,69.3908252150139,,,,,,,,,,,,,,,,,,0,,
SAU,Saudi Arabia,"Middle East, North Africa, Afghanistan & Pakistan",country,2015,29816382.0,25.0686289993327,72.7032579683734,2.22811303229385,59.749,5.6,28.156,13349016.0,12601471,42.2636,4.1390373917875,26.3739911277417,69.4869635868621,,,,,,,,,,,,,,,,,,0,,
SAU,Saudi Arabia,"Middle East, North Africa, Afghanistan & Pakistan",country,2016,30954198.0,24.9155127716875,72.8708364725954,2.21365075571716,60.685,5.6,24.275,14104287.0,13314447,43.0134,4.0166694632263,26.3562235712816,69.6270993969951,,,,,,,,,,,,,,,,,,0,,
SAU,Saudi Arabia,"Middle East, North Africa, Afghanistan & Pakistan",country,2017,30977355.0,25.1658463819685,72.5539157080724,2.28023790995907,58.99,5.89,31.504,13674850.0,12869401,41.5445,3.90583751423174,26.3491529770916,69.7450173283121,,,,,,,,,,,,,,,,,,0,,
SAU,Saudi Arabia,"Middle East, North Africa, Afghanistan & Pakistan",country,2018,30196281.0,25.6624586752422,71.9567949680951,2.38074635666274,59.418,6.029,30.213,13337661.0,12533533,41.5069,3.05227404310272,25.6554973804542,71.292228576443,,,,,,,,,,,,,,,,,,0,,
SAU,Saudi Arabia,"Middle East, North Africa, Afghanistan & Pakistan",country,2019,30063799.0,25.7510157866464,71.7987360634578,2.45024814989585,61.203,5.636,25.477,13661774.0,12891796,42.8815,3.09659072429364,24.3463893604915,72.5570122624337,,,,,,,,,,,,,,,,,,0,,
SAU,Saudi Arabia,"Middle East, North Africa, Afghanistan & Pakistan",country,2020,31552510.0,25.4909400592239,71.9864782936657,2.52258164711042,62.414,7.66,29.627,14673206.0,13549238,42.9419,3.17081020261208,22.8973870998259,73.931802697562,,,,,,,,,,,,,,,,,,0,,
SAU,Saudi Arabia,"Middle East, North Africa, Afghanistan & Pakistan",country,2021,30784383.0,25.2064849390766,72.1749607532303,2.61855430769317,63.511,6.621,19.772,14623231.0,13655027,44.357,2.6655266104703,19.5388572471802,77.7956233384625,,,,,,,,,,,,,,,,,,0,,
SAU,Saudi Arabia,"Middle East, North Africa, Afghanistan & Pakistan",country,2022,32175224.0,24.6445233084711,72.6529825167567,2.70249417477226,63.801,5.589,15.964,15469059.0,14604493,45.3905,2.88413344873108,16.8831652579742,80.2327149876477,,,,,,,,,,,,,,,,,,0,,
SAU,Saudi Arabia,"Middle East, North Africa, Afghanistan & Pakistan",country,2023,33702731.0,24.0974420859461,73.0830540448599,2.81950386919403,65.336,4.008,13.474,16713756.0,16043869,47.6041,2.74111369312152,23.0569908594811,74.2019143925251,,,,,,,,,,,,,,,,,,0,,
SAU,Saudi Arabia,"Middle East, North Africa, Afghanistan & Pakistan",country,2024,35300280.0,23.818581981118,73.2305753804171,2.95084263846487,65.201,3.518,11.502,17534019.0,16917172,47.9236,2.57252480909382,23.0634087623337,74.3640725725168,,,,,,,,,,,,,,,,,,0,,
SAU,Saudi Arabia,"Middle East, North Africa, Afghanistan & Pakistan",country,2025,36973555.0,23.6210800290965,73.322138816712,3.05678115419144,65.098,3.038,10.01,18383677.0,17825181,48.2106,2.49866168091677,23.0708867758353,74.4304575440061,,,,,,,,,,,,,,,,,,0,,
SDN,Sudan,Sub-Saharan Africa,country,2013,37785849.0,44.3676473217215,53.0162925943029,2.61606008397562,46.806,16.273,29.155,9839163.0,8238036,21.8019,41.1479516124235,13.9323615436392,44.9196868439373,,,,,,,,,,,,,,,,,,0,,
SDN,Sudan,Sub-Saharan Africa,country,2014,38823318.0,44.0197447832769,53.3408491772908,2.63940603943228,45.715,15.41,27.283,9935420.0,8404372,21.6477,40.7028923462363,14.077574714542,45.2195329392217,,,,,,,,,,,,,,,,,,0,,
SDN,Sudan,Sub-Saharan Africa,country,2015,40024431.0,43.5599841062077,53.7669785515879,2.67303734220435,44.612,14.39,25.229,10077759.0,8627569,21.5558,40.2807765614706,14.0824672341187,45.6367446136642,,,,,,,,,,,,,,,,,,0,,
SDN,Sudan,Sub-Saharan Africa,country,2016,41259892.0,43.1195457322089,54.1594849545413,2.72096931324978,43.514,13.656,23.625,10212220.0,8817639,21.371,38.8885045580254,14.3433828167511,46.7681126252235,,,,,,,,,,,,,,,,,,0,,
SDN,Sudan,Sub-Saharan Africa,country,2017,42714306.0,42.5501547122157,54.6718018235881,2.77804346419624,42.409,13.0,22.198,10406873.0,9053980,21.1966,38.3767695210468,14.2071848775554,47.4160456013977,,,,,,,,,,,,,,,,,,0,,
SDN,Sudan,Sub-Saharan Africa,country,2018,44230596.0,42.0098567064301,55.1467778096411,2.84336548392882,41.353,12.347,20.795,10606791.0,9297171,21.0198,37.8346648562387,14.1037203585706,48.0616147851908,,,,,,,,,,,,,,,,,,0,,
SDN,Sudan,Sub-Saharan Africa,country,2019,45548175.0,41.6799263452386,55.4021203330087,2.9179533217527,40.373,11.697,19.37,10724574.0,9470121,20.7914,37.9137027873199,13.8159764215243,48.2703207911558,,,,,,,,,,,,,,,,,,0,,
SDN,Sudan,Sub-Saharan Africa,country,2020,46789231.0,41.4339626569199,55.5761399455358,2.98989739754432,39.121,11.995,19.783,10720171.0,9434286,20.1634,39.6819797424581,13.9037086251642,46.4143328320322,,,,,,,,,,,,,,,,,,0,,
SDN,Sudan,Sub-Saharan Africa,country,2021,48066924.0,41.1789830778437,55.7673796642365,3.05363725791981,38.353,11.087,17.406,10843717.0,9641474,20.0584,40.1557609490117,14.10081750228,45.7434215487083,,,,,,,,,,,,,,,,,,0,,
SDN,Sudan,Sub-Saharan Africa,country,2022,49383346.0,40.9119122964239,55.9630766611387,3.12501104243737,37.523,7.53,12.0,10949089.0,10124623,20.5021,39.7749624655953,13.980784241644,46.2442434159355,1.4207,6.5762,1.8037,0.6547,21.4567,34.788,9.051,4.2891,19.9599,10.4553,7.9969,89.5447,1.0317,0.2188,66286,1058560,ISCO-08,9,,
SDN,Sudan,Sub-Saharan Africa,country,2023,50042791.0,40.6494318097629,56.1389077613488,3.21166042888835,,,,,,,,,,,,,,,,,,,,,,,,,,,0,,
SDN,Sudan,Sub-Saharan Africa,country,2024,50448963.0,40.471351616002,56.2269352912857,3.30171309271226,,,,,,,,,,,,,,,,,,,,,,,,,,,0,,
SDN,Sudan,Sub-Saharan Africa,country,2025,51662147.0,40.2133389828597,56.3996454076943,3.38701560944597,,,,,,,,,,,,,,,,,,,,,,,,,,,0,,
SEN,Senegal,Sub-Saharan Africa,country,2013,13710849.0,42.6806757189143,53.7401403808036,3.57918390028218,46.485,5.012,5.654,3653241.0,3470141,25.3095,35.9625907307914,14.1948949845482,49.8425142846604,,,,,,,,,,,,,,,,,,0,,
SEN,Senegal,Sub-Saharan Africa,country,2014,14152102.0,42.5669714141041,53.8844213348809,3.54860725101498,45.985,5.849,6.825,3737652.0,3519037,24.8658,34.4897472037828,13.5956397199236,51.9146130762935,,,,,,,,,,,,,,,,,,0,,
SEN,Senegal,Sub-Saharan Africa,country,2015,14593331.0,42.3643492484461,54.1120274086851,3.52362334286885,45.486,6.757,8.045,3825810.0,3567300,24.4447,33.3328100594178,12.9921811664,53.6750087741823,1.4426,6.7928,2.4919,4.6108,9.4575,36.6174,11.5215,3.3978,23.6677,15.3381,8.2354,84.6619,3.421,0.2243,164481,547156,ISCO-08,9,,
SEN,Senegal,Sub-Saharan Africa,country,2016,15034521.0,42.0962643936666,54.3968395932547,3.5068960130787,50.116,4.455,6.374,4362873.0,4168507,27.7262,36.3670995820541,12.6227485209244,51.0101518970215,0.6606,8.0422,1.85,2.2486,7.1226,34.3825,18.1873,4.9611,22.5452,12.8014,8.7028,87.1987,2.6257,0.2062,93733,533627,ISCO-08,9,,
SEN,Senegal,Sub-Saharan Africa,country,2017,15475002.0,41.7561348863197,54.7454841926833,3.498380920997,46.002,4.078,5.836,4146271.0,3977186,25.7007,31.7378058056014,15.1250427755088,53.1371514188897,,,,,,,,,,,,,,,,,,0,,
SEN,Senegal,Sub-Saharan Africa,country,2018,15914498.0,41.338892959775,55.161731926394,3.49937511383095,48.353,3.453,4.92,4514053.0,4358183,27.385,27.2514819279818,17.9891394882352,54.7593556383935,,,,,,,,,,,,,,,,,,0,,
SEN,Senegal,Sub-Saharan Africa,country,2019,16352922.0,40.8595094154888,55.629971072753,3.51051951175819,50.712,2.863,4.037,4904458.0,4764043,29.1327,22.9897261028775,21.1445178069339,55.8657560901886,0.7137,8.4514,2.8324,2.8562,13.2801,14.5657,26.346,7.2604,23.6941,14.8537,9.1651,85.1463,2.5549,0.2441,136071,707637,ISCO-08,9,,
SEN,Senegal,Sub-Saharan Africa,country,2020,16789219.0,40.3310678021691,56.1414662545808,3.52746594325007,50.716,3.432,4.817,5080703.0,4906333,29.2231,26.5365981913382,21.4155213914915,52.0478600355862,,,,,,,,,,,,,,,,,,0,,
SEN,Senegal,Sub-Saharan Africa,country,2021,17220867.0,39.7622761897608,56.694618125052,3.54310568518721,51.681,3.436,4.661,5361107.0,5176899,30.0618,29.3983318330906,21.8887991748021,48.7128689921073,,,,,,,,,,,,,,,,,,0,,
SEN,Senegal,Sub-Saharan Africa,country,2022,17651103.0,39.1603034665879,57.2763044893002,3.56339204411192,51.946,2.837,3.902,5578418.0,5420158,30.7072,31.8130176038824,22.3232195016833,45.8637444448216,0.6561,10.7014,3.1665,3.6123,13.763,7.7392,28.6326,7.3264,24.4025,18.1363,11.3575,81.8637,2.5506,0.2686,195792,983016,ISCO-08,9,,
SEN,Senegal,Sub-Saharan Africa,country,2023,18077573.0,38.6295981592884,57.780014004645,3.5903878360666,51.881,2.784,3.859,5755823.0,5595581,30.9532,31.4642947647286,22.2534331304009,46.2822899759848,0.9235,9.6223,4.0624,6.1631,12.64,6.7785,30.1088,7.1204,22.581,20.7713,10.5458,79.2287,3.0503,0.2847,344861,1162275,ISCO-08,9,,
SEN,Senegal,Sub-Saharan Africa,country,2024,18501984.0,38.1823663294065,58.1999109338785,3.61772273671508,51.85,2.788,3.868,5930338.0,5765000,31.1588,30.6480351417416,22.2601889055951,47.0917586065975,1.0914,10.171,3.2262,5.1774,12.1191,10.4001,27.542,8.708,21.5648,19.666,11.2624,80.334,3.0861,0.2748,298477,1133745,ISCO-08,9,,
SEN,Senegal,Sub-Saharan Africa,country,2025,18931966.0,37.7428065911695,58.6110270161317,3.64616639269883,52.019,2.735,3.616,6131225.0,5963536,31.4998,29.5764060033702,22.4987033658158,47.9248738621857,,,,,,,,,,,,,,,,,,0,,
SGP,Singapore,East Asia & Pacific,country,2013,5399162.0,13.1066177818821,78.7282392629886,8.16514295512923,67.768,3.86,8.903,3179345.0,3056622,56.6129,0.126798540209667,19.6854897667412,80.1876788946683,17.5891,18.4594,18.7965,13.4836,12.5478,,4.1356,7.4311,7.5569,68.3286,36.0485,31.6714,,0.5297,412143,2088547,ISCO-08,8,,
SGP,Singapore,East Asia & Pacific,country,2014,5469724.0,12.8770131369208,78.546922809139,8.57606405394016,68.556,3.74,8.378,3266959.0,3144775,57.4942,0.124092213197688,17.5887805852729,82.2871590690726,16.838,18.3728,20.1141,13.0503,12.2141,,4.0435,7.2015,8.1657,68.3752,35.2108,31.6248,,0.5284,410403,2150246,ISCO-08,8,,
SGP,Singapore,East Asia & Pacific,country,2015,5535002.0,12.6825690982427,78.3192236422757,8.99820725948152,69.53,3.79,8.894,3360400.0,3233041,58.4108,0.121459660055481,17.2904642702552,82.5880760696893,17.1239,19.4485,19.6506,12.8838,12.109,,4.0379,7.0315,7.7149,69.1068,36.5724,30.8933,,0.532,416539,2234251,ISCO-08,8,,
SGP,Singapore,East Asia & Pacific,country,2016,5607283.0,12.5211872971862,78.0308714909358,9.44794121187799,69.244,4.08,8.723,3396546.0,3257967,58.1024,0.118979259162807,16.1568033087095,83.7242174321277,16.1198,20.0506,20.9247,11.697,12.5328,,3.7828,7.2169,7.6754,68.7921,36.1704,31.2079,,0.5299,381084,2241224,ISCO-08,8,,
SGP,Singapore,East Asia & Pacific,country,2017,5612253.0,12.4248348769561,77.6111451686482,9.96401995439571,68.943,4.2,9.338,3388507.0,3246190,57.8411,0.117077595142899,15.8830026161212,83.9999197887359,16.5583,20.7738,20.7073,11.7683,11.7731,,3.6079,7.192,7.6193,69.8077,37.3321,30.1923,,0.5336,382021,2266091,ISCO-08,8,,
SGP,Singapore,East Asia & Pacific,country,2018,5638676.0,12.3293830835908,77.1869683023096,10.4836486140996,68.581,3.613,8.437,3390276.0,3267785,57.9531,0.115089283007242,16.0388461549063,83.8460645620865,16.009,21.0516,21.7921,11.2944,12.3114,,3.2805,6.9313,7.3296,70.1471,37.0606,29.8528,,0.5358,369077,2292256,ISCO-08,8,,
SGP,Singapore,East Asia & Pacific,country,2019,5703569.0,12.2130675867847,76.8118792234851,10.9750531897302,68.986,3.1,7.629,3454121.0,3347043,58.6833,0.113041897035994,14.9655328914049,84.9214552678997,16.8491,21.6743,21.605,10.9526,11.8992,,3.1306,6.9908,6.8985,71.081,38.5234,28.9191,,0.5386,366588,2379112,ISCO-08,8,,
SGP,Singapore,East Asia & Pacific,country,2020,5685807.0,12.1745227285284,76.2405295018345,11.5849477696371,68.712,4.1,10.558,3431193.0,3290514,57.8724,0.108162685533748,14.8295407728436,85.0622965416227,17.0328,23.3178,21.1904,9.9709,11.6681,,2.8904,7.0157,6.9139,71.5119,40.3506,28.4881,,0.5391,328094,2353109,ISCO-08,8,,
SGP,Singapore,East Asia & Pacific,country,2021,5453566.0,12.1688552167305,75.5729505669556,12.258194216314,70.686,4.64,9.499,3385810.0,3228708,59.2036,0.107777556138585,14.4449638584304,85.447258585431,17.3106,26.4687,19.2262,10.0352,10.9379,0.1469,2.6544,6.2772,6.9431,73.0407,43.7793,26.9595,65.0621,0.547,324007,2358271,ISCO-08,9,,
SGP,Singapore,East Asia & Pacific,country,2022,5637022.0,12.005289665656,75.3038137328294,12.6908966015146,69.734,3.591,7.924,3459003.0,3334790,59.1587,0.0909524456334748,14.5645681583865,85.3444494774124,18.1301,26.7231,19.6276,9.2316,10.7077,0.1321,2.371,6.033,7.0439,73.7124,44.8532,26.2877,63.0727,0.5474,307854,2458154,ISCO-08,9,,
SGP,Singapore,East Asia & Pacific,country,2023,5917648.0,11.787475387969,75.1171578881273,13.0953667239036,69.394,3.444,8.515,3622441.0,3497684,59.106,0.0795801860241645,13.8432992197459,86.0771205942299,16.4839,27.6602,19.4201,9.1018,11.4466,0.1586,2.6203,5.8831,7.2254,72.666,44.1441,27.334,58.9041,0.5454,318352,2541627,ISCO-08,9,,
SGP,Singapore,East Asia & Pacific,country,2024,6036860.0,11.686158685972,74.6576230281015,13.6562182859265,69.202,2.737,6.329,3689424.0,3588444,59.4422,0.0979837330273541,14.1625578109794,85.7394584559933,17.9169,27.4341,19.3013,9.1013,10.6905,0.1174,2.4253,5.6802,7.333,73.7536,45.351,26.2464,61.6966,0.5478,326595,2646607,ISCO-08,9,,
SGP,Singapore,East Asia & Pacific,country,2025,6111175.0,11.6891623727803,74.0997998552144,14.2110377720053,69.673,2.818,6.781,3760133.0,3654172,59.7949,0.0954026681981231,13.9978418315489,85.906755500253,17.899,27.544,19.5217,8.7134,10.8536,0.1048,2.2781,5.6876,7.3978,73.6781,45.443,26.3219,59.1855,0.547,318403,2692325,ISCO-08,9,,
SLB,Solomon Islands,East Asia & Pacific,country,2013,594945.0,40.4427300002521,56.1019926211667,3.45527737858121,84.273,0.694,1.274,298607.0,296535,49.8424,41.6284755593775,9.33380545298194,49.0377189876406,2.6888,8.9446,3.9228,1.2304,21.8817,47.914,6.8887,3.4088,3.1202,16.7866,11.6334,83.2134,7.4127,0.2473,3649,49778,ISCO-08,9,,
SLB,Solomon Islands,East Asia & Pacific,country,2014,616908.0,40.2102096260707,56.3114759413073,3.47831443262204,84.367,0.73,1.294,311186.0,308914,50.0746,41.8815592689227,8.84161935036936,49.2771450953987,,,,,,,,,,,,,,,,,,0,,
SLB,Solomon Islands,East Asia & Pacific,country,2015,639415.0,39.9558189907963,56.5263561223931,3.5178248868106,84.427,0.736,1.297,324142.0,321756,50.3204,41.6984193089216,8.43801863512329,49.8635620559551,,,,,,,,,,,,,,,,,,0,,
SLB,Solomon Islands,East Asia & Pacific,country,2016,662379.0,39.6765595501666,56.7506342672656,3.57280618256782,84.34,0.736,1.297,336997.0,334517,50.5024,41.3109049764287,8.56937016653862,50.1197248570327,,,,,,,,,,,,,,,,,,0,,
SLB,Solomon Islands,East Asia & Pacific,country,2017,685672.0,39.3660083582298,56.9933999006813,3.64059174108884,84.32,0.727,1.291,350561.0,348012,50.7549,41.0897262753797,8.39822535874993,50.5120483658703,,,,,,,,,,,,,,,,,,0,,
SLB,Solomon Islands,East Asia & Pacific,country,2018,709101.0,39.0156691359905,57.2676529859639,3.71667787804558,84.304,0.722,1.288,364564.0,361932,51.041,40.9657062652653,8.18800216615276,50.8462915685819,,,,,,,,,,,,,,,,,,0,,
SLB,Solomon Islands,East Asia & Pacific,country,2019,728147.0,38.7147787465992,57.5433257295574,3.7418955238434,84.313,0.746,1.299,376244.0,373437,51.2859,40.7019122368699,7.96064664186998,51.3371733384748,,,,,,,,,,,,,,,,,,0,,
SLB,Solomon Islands,East Asia & Pacific,country,2020,744498.0,38.425355071471,57.8718814556923,3.70276347283673,83.518,0.868,1.486,382865.0,379542,50.9796,43.0535063128386,7.87471281327066,49.0720443479544,,,,,,,,,,,,,,,,,,0,,
SLB,Solomon Islands,East Asia & Pacific,country,2021,762591.0,38.090576671783,58.2545176546028,3.65490567361425,83.907,0.879,1.37,396138.0,392656,51.4897,43.6836086824754,7.8733640135183,48.4432819818007,,,,,,,,,,,,,,,,,,0,,
SLB,Solomon Islands,East Asia & Pacific,country,2022,781066.0,37.7429052090348,58.6284001608059,3.62869463015929,84.284,1.475,2.945,409847.0,403802,51.6988,43.3298250393135,7.79212738821956,48.8780475724669,,,,,,,,,,,,,,,,,,0,,
SLB,Solomon Islands,East Asia & Pacific,country,2023,800005.0,37.3630556289925,59.0104068034532,3.62653756755422,84.28,1.443,2.927,422325.0,416231,52.0285,43.0379473134167,7.76292238759355,49.1991302989898,,,,,,,,,,,,,,,,,,0,,
SLB,Solomon Islands,East Asia & Pacific,country,2024,819198.0,36.9703661385892,59.3908310323023,3.63880282910847,84.276,1.444,2.936,435148.0,428864,52.3517,42.7493162152016,7.63437274840683,49.6160778616948,,,,,,,,,,,,,,,,,,0,,
SLB,Solomon Islands,East Asia & Pacific,country,2025,838645.0,36.5575800502119,59.7737065303516,3.66871341943646,84.296,1.431,2.759,448502.0,442084,52.7141,42.4665559783027,7.57868449744618,49.9547595242512,,,,,,,,,,,,,,,,,,0,,
SLE,Sierra Leone,Sub-Saharan Africa,country,2013,6714051.0,42.525954708569,54.2454656476793,3.22857964375162,57.898,4.376,8.736,2234189.0,2136421,31.8201,59.1518053566246,5.86794731373045,34.9802473296449,,,,,,,,,,,,,,,,,,0,,
SLE,Sierra Leone,Sub-Saharan Africa,country,2014,6876385.0,42.2025890057058,54.6121617681383,3.18524922615589,56.948,4.678,9.442,2263325.0,2157447,31.3747,57.6492656649341,6.07060518331261,36.2801291517533,0.3197,3.7449,1.0263,0.5775,26.9683,57.8491,4.5359,3.2598,1.7185,5.6684,4.0646,94.3316,,0.1946,12459,122293,ISCO-08,9,,
SLE,Sierra Leone,Sub-Saharan Africa,country,2015,7037655.0,41.8332811142348,55.0124579849396,3.15426090082563,56.193,4.483,8.135,2300301.0,2197179,31.2203,56.9303848453983,6.47284673087584,36.5967684237259,,,,,,,,,,,,,,,,,,0,,
SLE,Sierra Leone,Sub-Saharan Africa,country,2016,7205328.0,41.4359733910813,55.4233439877169,3.1406826212018,55.435,4.182,6.706,2339207.0,2241381,31.1073,52.8692596626122,7.86621022514084,39.2645747272795,,,,,,,,,,,,,,,,,,0,,
SLE,Sierra Leone,Sub-Saharan Africa,country,2017,7379299.0,41.0242626027215,55.8435428622692,3.13219453500935,54.675,3.656,5.087,2379454.0,2292461,31.0661,49.1639356204473,9.16065531150503,41.6754090680477,,,,,,,,,,,,,,,,,,0,,
SLE,Sierra Leone,Sub-Saharan Africa,country,2018,7554563.0,40.6049231438006,56.2651605393985,3.12991631680085,53.912,3.192,3.573,2419052.0,2341836,30.999,46.1946948757157,10.578436098997,43.2268690252873,0.8288,3.9275,1.0851,0.4598,20.9562,55.9647,6.1775,3.4369,7.1636,6.3012,4.7563,93.6989,2.1478,0.1849,10768,147564,ISCO-08,9,,
SLE,Sierra Leone,Sub-Saharan Africa,country,2019,7731991.0,40.2013918536636,56.6634454178749,3.13516272846153,53.81,3.204,3.583,2487971.0,2408256,31.1466,45.4392797422526,10.6710311101551,43.8896891475923,,,,,,,,,,,,,,,,,,0,,
SLE,Sierra Leone,Sub-Saharan Africa,country,2020,7912558.0,39.8111457761194,57.0479041038309,3.14095012004967,53.299,3.509,4.082,2538353.0,2449282,30.9544,47.0544236518206,10.6351862149722,42.3103901332073,,,,,,,,,,,,,,,,,,0,,
SLE,Sierra Leone,Sub-Saharan Africa,country,2021,8094602.0,39.4052666208913,57.4431392673784,3.15159411173026,53.612,3.551,3.902,2629616.0,2536238,31.3325,47.2521757576068,10.5953569906354,42.1525066801564,,,,,,,,,,,,,,,,,,0,,
SLE,Sierra Leone,Sub-Saharan Africa,country,2022,8276807.0,38.9762343725204,57.848386331129,3.17537929635059,53.665,3.137,3.513,2710522.0,2625493,31.7211,46.6089680988344,10.7983137585299,42.5927181426358,,,,,,,,,,,,,,,,,,0,,
SLE,Sierra Leone,Sub-Saharan Africa,country,2023,8460512.0,38.5317106104217,58.2616099356635,3.20667945391485,53.633,3.092,3.484,2789202.0,2702960,31.9479,45.5559970491456,11.210434836656,43.2335681141984,,,,,,,,,,,,,,,,,,0,,
SLE,Sierra Leone,Sub-Saharan Africa,country,2024,8642022.0,38.0887344368752,58.6685697705601,3.24269579256476,53.584,3.103,3.492,2866950.0,2777989,32.1451,45.0856766841781,11.3408485667037,43.5734747491183,,,,,,,,,,,,,,,,,,0,,
SLE,Sierra Leone,Sub-Saharan Africa,country,2025,8819794.0,37.6507206404141,59.0656312380992,3.28364812148674,53.372,3.15,3.72,2934968.0,2842517,32.2288,44.4935124877838,11.4695388416971,44.0369486705191,,,,,,,,,,,,,,,,,,0,,
SLV,El Salvador,Latin America & Caribbean,country,2013,6138839.0,29.8840301887702,63.1773125178882,6.93865729334162,60.524,3.693,8.512,2605139.0,2508931,40.8698,19.585855819984,20.3544694099045,60.0597146276923,1.9732,6.1221,4.6297,4.1363,26.0175,9.0802,13.7455,6.4587,27.8368,16.8613,8.0953,83.1387,9.2539,0.2815,103777,423038,ISCO-08,9,,
SLV,El Salvador,Latin America & Caribbean,country,2014,6162955.0,29.2039695243597,63.7658396012952,7.03019087434518,59.397,4.154,9.597,2591567.0,2483913,40.3039,18.7644178625692,20.889303828096,60.3462783093348,1.5898,6.0348,4.898,4.4312,26.1946,8.0694,14.0747,7.3202,27.3873,16.9538,7.6246,83.0462,9.9626,0.2843,110067,421118,ISCO-08,9,,
SLV,El Salvador,Latin America & Caribbean,country,2015,6183676.0,28.5774166873057,64.2917607348961,7.13082257779818,58.688,3.998,8.661,2591980.0,2488353,40.2407,18.1105149998995,22.1773062471115,59.7121787529889,1.5607,6.3388,4.3991,4.2172,27.8384,7.8587,13.8359,7.5706,26.3806,16.5158,7.8995,83.4842,10.0991,0.2858,104939,410971,ISCO-08,9,,
SLV,El Salvador,Latin America & Caribbean,country,2016,6200800.0,27.9984943876995,64.7564156847839,7.2450899275166,59.261,4.418,9.499,2645808.0,2528916,40.7837,18.6788457546191,21.0988068052631,60.2223474401178,1.7051,5.7394,3.8405,4.1262,29.1178,7.6713,13.5336,7.0923,27.1738,15.4112,7.4445,84.5888,9.6344,0.2822,104348,389736,ISCO-08,9,,
SLV,El Salvador,Latin America & Caribbean,country,2017,6213533.0,27.4802252212851,65.1496366761361,7.37013810257883,59.006,4.385,9.747,2658834.0,2542244,40.9146,18.5748074826954,21.8856684993032,59.5395240180015,1.5809,5.3578,3.7374,4.2816,29.0696,7.9425,14.2094,7.6995,26.1214,14.9577,6.9387,85.0424,9.947,0.2804,108849,380261,ISCO-08,9,,
SLV,El Salvador,Latin America & Caribbean,country,2018,6219807.0,27.0434896899944,65.4569293342278,7.49958097577779,58.728,4.006,9.278,2664932.0,2558175,41.1295,16.7082519446313,22.2038021309539,61.0879459244147,1.7312,6.9012,4.2316,4.6461,29.1647,7.4515,14.5237,7.4247,23.9253,17.5101,8.6324,82.4899,11.1745,0.2955,118855,447939,ISCO-08,9,,
SLV,El Salvador,Latin America & Caribbean,country,2019,6222318.0,26.6748281488368,65.6988091655561,7.62636268560709,59.887,4.17,9.6,2732360.0,2618421,42.0811,16.2939615585558,22.5086158696987,61.1974225717454,1.4273,6.7845,4.1426,4.6244,30.1009,7.552,14.3892,7.479,23.4999,16.9788,8.2118,83.021,11.5708,0.295,121086,444576,ISCO-08,9,,
SLV,El Salvador,Latin America & Caribbean,country,2020,6234673.0,26.3333356590365,65.9569342324021,7.70973010856142,56.52,5.008,11.084,2595893.0,2465891,39.5512,15.7957530745641,23.3538723326945,60.8504151462481,1.8177,6.453,4.0722,4.2877,30.1629,7.3804,15.1194,7.615,23.0917,16.6306,8.2707,83.3694,11.5245,0.2924,105730,410092,ISCO-08,9,,
SLV,El Salvador,Latin America & Caribbean,country,2021,6255782.0,25.9958408074195,66.2417157632504,7.76244342933013,59.173,4.327,9.804,2739437.0,2620902,41.8957,14.8723298233351,23.899478574868,61.2282297567166,1.2812,6.175,5.3427,4.9152,30.3917,6.7471,14.2422,8.3768,22.5281,17.7141,7.4562,82.2859,14.252,0.3004,128823,464269,ISCO-08,9,,
SLV,El Salvador,Latin America & Caribbean,country,2022,6280319.0,25.617058623933,66.521310462096,7.86163091397109,60.08,2.999,7.48,2806629.0,2722458,43.349,14.9736747183999,23.4297944740049,61.5965308075951,1.3855,6.2504,7.2312,5.3341,29.7193,7.2431,14.0401,7.909,20.8874,20.2012,7.6359,79.7989,18.4085,0.3117,145219,549969,ISCO-08,9,,
SLV,El Salvador,Latin America & Caribbean,country,2023,6309624.0,25.2103928855349,66.789288870462,8.00031824400313,61.56,2.992,7.031,2904981.0,2818064,44.6629,14.2303167942656,23.3019703166168,62.4677128891176,1.8313,6.6221,5.416,5.2372,29.6969,7.2418,14.2308,7.0086,22.7153,19.1066,8.4534,80.8934,15.335,0.3055,147588,538436,ISCO-08,9,,
SLV,El Salvador,Latin America & Caribbean,country,2024,6338193.0,24.8061237642969,67.0452603762618,8.14861585944133,61.919,3.261,7.507,2951018.0,2854785,45.041,14.0724461214899,23.2682232737229,62.6593656340507,2.0483,7.7089,5.0688,5.2451,27.766,7.1582,13.8819,7.4126,23.7103,20.0711,9.7572,79.929,14.42,0.3068,149736,572987,ISCO-08,9,,
SLV,El Salvador,Latin America & Caribbean,country,2025,6365503.0,24.3842866777378,67.3065820564376,8.30913126582456,62.107,3.303,7.809,2989409.0,2890669,45.4115,13.8525526754496,23.1365844562841,63.0108282742462,1.5344,7.1369,5.216,5.687,28.029,7.621,14.0876,7.5493,23.1387,19.5743,8.6713,80.4256,13.7735,0.3058,164392,565828,ISCO-08,9,,
SMR,San Marino,Europe & Central Asia,country,2013,33041.0,15.1338488994646,66.9066032123736,17.9595478881618,,,,,,,,,,,,,,,,,,,,,,,,,,,0,,
SMR,San Marino,Europe & Central Asia,country,2014,32655.0,15.0731642229174,66.7017538657692,18.2250819113134,,,,,,,,,,,,,,,,,,,,,,,,,,,0,,
SMR,San Marino,Europe & Central Asia,country,2015,32897.0,14.9213887495944,66.5909560189965,18.4876552314091,,,,,,,,,,,,,,,,,,,,,,,,,,,0,,
SMR,San Marino,Europe & Central Asia,country,2016,33101.0,14.6700232718118,66.5881182032405,18.7418585249477,,,,,,,,,,,,,,,,,,,,,,,,,,,0,,
SMR,San Marino,Europe & Central Asia,country,2017,33825.0,14.3507475711211,66.6516376752574,18.9976147536215,,,,,,,,,,,,,,,,,,,,,,,,,,,0,,
SMR,San Marino,Europe & Central Asia,country,2018,34522.0,14.0145097528129,66.6695628249127,19.3159274222744,,,,,,,,,,,,,,,,,,,,,,,,,,,0,,
SMR,San Marino,Europe & Central Asia,country,2019,34663.0,13.6770265200704,66.6695524197039,19.6534210602257,,,,,,,,,,,,,,,,,,,,,,,,,,,0,,
SMR,San Marino,Europe & Central Asia,country,2020,34770.0,13.398622316177,66.6522858334412,19.9490918503818,,,,,,,,,,,,,,,,,,,,,,,,,,,0,,
SMR,San Marino,Europe & Central Asia,country,2021,34252.0,13.2084749439583,66.3938101091908,20.3977149468508,,,,,,,,,,,,,,,,,,,,,,,,,,,0,,
SMR,San Marino,Europe & Central Asia,country,2022,33755.0,13.0404810794955,65.9357582868876,21.0237606336169,,,,,,,,,,,,,,,,,,,,,,,,,,,0,,
SMR,San Marino,Europe & Central Asia,country,2023,33860.0,12.6954717260802,65.6221744608315,21.6823538130883,,,,,,,,,,,,,,,,,,,,,,,,,,,0,,
SMR,San Marino,Europe & Central Asia,country,2024,33977.0,12.2569310026503,65.3330752508859,22.4099937464638,,,,,,,,,,,,,,,,,,,,,,,,,,,0,,
SMR,San Marino,Europe & Central Asia,country,2025,34109.0,11.8504728572492,65.0011169856281,23.1484101571226,,,,,,,,,,,,,,,,,,,,,,,,,,,0,,
SOM,"Somalia, Fed. Rep.",Sub-Saharan Africa,country,2013,12869594.0,47.786851403904,49.8627987074496,2.35034988864645,34.2,18.655,33.655,2298110.0,1869398,14.5257,32.1488407025112,17.479865283555,50.3712405210634,,,,,,,,,,,,,,,,,,0,,
SOM,"Somalia, Fed. Rep.",Sub-Saharan Africa,country,2014,13339491.0,47.7036342691037,49.9337568427461,2.36260888815023,34.178,18.595,33.548,2384281.0,1940924,14.5502,30.9971987612105,17.3781909365989,51.6246103021907,,,,,,,,,,,,,,,,,,0,,
SOM,"Somalia, Fed. Rep.",Sub-Saharan Africa,country,2015,13806963.0,47.6216330984,49.9860342210653,2.39233268053472,34.157,18.495,33.352,2470187.0,2013326,14.582,29.5148662334521,17.2392777902779,53.2458559762701,,,,,,,,,,,,,,,,,,0,,
SOM,"Somalia, Fed. Rep.",Sub-Saharan Africa,country,2016,14348740.0,47.5398292811773,50.0290373928303,2.43113332599239,34.135,18.611,33.467,2569469.0,2091265,14.5746,28.7652204017459,17.1982410705064,54.0365863455352,,,,,,,,,,,,,,,,,,0,,
SOM,"Somalia, Fed. Rep.",Sub-Saharan Africa,country,2017,14916629.0,47.4139147855084,50.1241919295508,2.46189328494081,34.102,18.455,33.201,2674985.0,2181317,14.6234,26.6856641984545,16.9938514745092,56.3204843270363,,,,,,,,,,,,,,,,,,0,,
SOM,"Somalia, Fed. Rep.",Sub-Saharan Africa,country,2018,15452487.0,47.2615588436204,50.2495828098604,2.48885834651918,34.062,18.7,33.602,2775849.0,2256765,14.6045,26.8434844952069,17.0546077474781,56.101907757315,,,,,,,,,,,,,,,,,,0,,
SOM,"Somalia, Fed. Rep.",Sub-Saharan Africa,country,2019,16030971.0,47.1380616932062,50.344165054007,2.51777325278675,34.03,18.828,33.844,2883798.0,2340837,14.602,26.8861573005292,17.1079320108474,56.0059106886234,11.1354,20.9022,3.2481,1.572,5.5454,6.3502,6.742,5.5019,39.0027,36.8577,32.0376,63.1422,40.7465,0.3324,36798,862779,ISCO-08,9,,
SOM,"Somalia, Fed. Rep.",Sub-Saharan Africa,country,2020,16651191.0,47.0325890512153,50.4301809531276,2.53722999565707,33.707,19.414,35.91,2972858.0,2395707,14.3876,30.0504323187596,17.8823101191058,52.0672575621346,,,,,,,,,,,,,,,,,,0,,
SOM,"Somalia, Fed. Rep.",Sub-Saharan Africa,country,2021,17271431.0,46.9504424112153,50.5124604176556,2.5370971711291,33.733,19.662,35.287,3090758.0,2483053,14.3766,30.9554838875966,17.6693155530926,51.3752408322648,,,,,,,,,,,,,,,,,,0,,
SOM,"Somalia, Fed. Rep.",Sub-Saharan Africa,country,2022,17801897.0,46.8214482984594,50.6367383206408,2.5418133808998,33.922,19.112,34.286,3211325.0,2597577,14.5916,30.8839902369165,17.6947804461144,51.4211908190057,,,,,,,,,,,,,,,,,,0,,
SOM,"Somalia, Fed. Rep.",Sub-Saharan Africa,country,2023,18358615.0,46.6787118745069,50.7567210271581,2.56456709833503,33.909,18.96,34.091,3319369.0,2690017,14.6526,30.5261001792167,17.6952453105698,51.7786545102134,,,,,,,,,,,,,,,,,,0,,
SOM,"Somalia, Fed. Rep.",Sub-Saharan Africa,country,2024,19009151.0,46.5932329118749,50.8151836975781,2.591583390547,33.9,18.949,34.137,3441587.0,2789441,14.6742,30.2852328843241,17.7262388083779,51.988528307298,,,,,,,,,,,,,,,,,,0,,
SOM,"Somalia, Fed. Rep.",Sub-Saharan Africa,country,2025,19654739.0,46.5538794486154,50.8286500268459,2.61747052453864,33.846,18.948,34.23,3555419.0,2881738,14.6618,30.0285519563712,17.7520088390305,52.2194392045983,,,,,,,,,,,,,,,,,,0,,
SRB,Serbia,Europe & Central Asia,country,2013,7166553.0,14.3063334267661,67.7436627284965,17.9500038447375,51.154,22.154,49.464,3141511.0,2445541,34.1244,26.1835690422826,24.5461520337826,49.2702789239348,3.5416,12.3751,12.3706,7.2314,15.3809,19.7849,12.3855,8.6119,8.3181,35.5187,15.9167,64.4813,17.5658,0.358,176847,868624,ISCO-08,9,,
SRB,Serbia,Europe & Central Asia,country,2014,7131787.0,14.319447946837,67.2902689526134,18.3902831005496,51.602,19.223,47.632,3153169.0,2547035,35.7138,25.8633501581491,24.290033582477,49.8466162593739,3.5678,13.4122,12.7764,7.1487,15.2134,19.7801,12.0516,7.9471,8.1027,36.9051,16.98,63.0949,18.4292,0.3647,182080,939986,ISCO-08,9,,
SRB,Serbia,Europe & Central Asia,country,2015,7095383.0,14.3412040790536,66.7748162145044,18.883979706442,51.222,17.66,43.23,3113181.0,2563393,36.1276,25.3249450342213,24.0882198338049,50.5868736976842,3.69,13.4228,11.982,7.0392,16.2014,18.7911,11.7303,8.158,8.9851,36.134,17.1128,63.8659,18.5594,0.3632,180442,926256,ISCO-08,9,,
SRB,Serbia,Europe & Central Asia,country,2016,7058322.0,14.3333371222311,66.2812936644156,19.3853692133533,52.972,15.257,34.962,3203020.0,2714335,38.4558,24.4576761715424,24.1485223050938,51.3938380146133,3.3929,13.2571,11.4737,6.7919,15.3563,20.4553,11.7619,8.7964,8.7146,34.9156,16.65,65.0845,18.9833,0.3544,184355,947726,ISCO-08,9,,
SRB,Serbia,Europe & Central Asia,country,2017,7020858.0,14.2963535836151,65.7962638473577,19.9073825690271,53.554,13.477,31.905,3222414.0,2788129,39.7121,22.8437738847438,25.1107219738397,52.0454685423574,2.9186,13.544,11.6683,7.1789,15.3857,19.4983,11.5691,9.3814,8.8558,35.3098,16.4626,64.6903,22.5788,0.3585,200157,984483,ISCO-08,9,,
SRB,Serbia,Europe & Central Asia,country,2018,6982604.0,14.267774773829,65.2458205597449,20.4864046664261,53.962,12.733,29.696,3230350.0,2819030,40.3722,21.2816390934572,26.7558691276968,51.9625270627687,2.8938,13.9807,11.7221,7.8438,15.1463,17.4803,11.6422,10.2002,9.0906,36.4404,16.8745,63.5596,22.4669,0.3669,221119,1027266,ISCO-08,9,,
SRB,Serbia,Europe & Central Asia,country,2019,6945235.0,14.2533414248396,64.6822977246048,21.0643608505556,54.063,10.395,27.495,3219618.0,2884939,41.5384,20.8958194883194,27.2850018367863,51.8191786748944,2.9059,13.8581,11.3866,7.994,15.0143,17.3031,11.6935,10.7288,9.1156,36.1446,16.764,63.8553,22.3829,0.3657,230622,1042750,ISCO-08,9,,
SRB,Serbia,Europe & Central Asia,country,2020,6899126.0,14.2609917583165,64.1681331223259,21.5708751193576,53.373,9.011,26.608,3157142.0,2872652,41.6379,19.6369535415821,27.8873235519184,52.4757229064994,2.9739,14.0711,11.0759,8.3181,14.9385,17.0534,12.3305,10.719,8.5197,36.439,17.045,63.5611,26.0397,0.3682,238950,1046766,ISCO-08,9,,
SRB,Serbia,Europe & Central Asia,country,2021,6834326.0,14.3077246054747,63.8036743847863,21.888601009739,56.178,9.843,24.498,3290058.0,2966218,43.4018,19.1455754337769,27.8786520262584,52.9757725399648,3.4591,15.1999,10.6223,8.4164,14.2605,17.2914,11.7362,10.4245,8.5897,37.6977,18.659,62.3023,24.1631,0.3732,249649,1118196,ISCO-08,9,,
SRB,Serbia,Europe & Central Asia,country,2022,6664449.0,14.3546142379414,63.5677114259477,22.0776743361109,57.066,8.439,23.27,3257209.0,2982333,44.7499,18.7292183756531,28.0165170417135,53.254231677538,3.7242,15.4499,11.0702,8.2424,13.9534,16.7235,11.6378,10.9456,8.253,38.4867,19.1741,61.5133,26.3151,0.3766,245816,1147802,ISCO-08,9,,
SRB,Serbia,Europe & Central Asia,country,2023,6623183.0,14.3502902099022,63.3113501282481,22.3383596618497,58.095,8.268,24.129,3295577.0,3023099,45.6442,18.4539281735717,27.6230736287523,53.922998197676,3.7742,15.5097,11.5939,8.7447,14.2,16.646,11.0277,10.3972,8.1065,39.6225,19.2839,60.3774,29.0751,0.3835,264361,1197827,ISCO-08,9,,
SRB,Serbia,Europe & Central Asia,country,2024,6586476.0,14.3110315939988,63.0029307254993,22.6860376805019,59.162,7.24,21.448,3339034.0,3097288,47.025,18.566585935014,27.0891524944313,54.3442615705547,3.7441,16.5904,11.6171,8.097,14.0237,17.1626,10.5903,10.666,7.5089,40.0486,20.3345,59.9515,29.5813,0.3845,250787,1240420,ISCO-08,9,,
SRB,Serbia,Europe & Central Asia,country,2025,6549143.0,14.2579001258626,62.6916885968224,23.050411277315,59.142,7.123,20.926,3321043.0,3084485,47.0975,18.0274369688682,27.0678667880501,54.9047279856067,3.7574,17.7102,11.5026,7.5102,14.2501,16.3281,10.7883,11.4096,6.7433,40.4804,21.4676,59.5194,28.1203,0.3875,231651,1248612,ISCO-08,9,,
SSD,South Sudan,Sub-Saharan Africa,country,2013,11166275.0,41.8593066237708,55.5725452054268,2.56814817080234,73.553,12.665,19.733,4775170.0,4170395,37.3481,63.4067621525863,2.06908805607536,34.5241497913384,,,,,,,,,,,,,,,,,,0,,
SSD,South Sudan,Sub-Saharan Africa,country,2014,11235073.0,42.4640606458036,54.9772865284136,2.55865282578283,73.69,12.561,19.576,4763473.0,4165133,37.0726,62.8946723968212,2.06768144822453,35.0376461549543,,,,,,,,,,,,,,,,,,0,,
SSD,South Sudan,Sub-Saharan Africa,country,2015,11107561.0,43.0822057568621,54.3829174387196,2.53487680441832,73.829,12.464,19.419,4667602.0,4085832,36.7842,62.4305464114687,1.9192221295984,35.6502069840536,,,,,,,,,,,,,,,,,,0,,
SSD,South Sudan,Sub-Saharan Africa,country,2016,10830102.0,43.7448834738583,53.7358881753838,2.51922835075791,73.978,12.854,19.847,4507100.0,3927757,36.267,62.4626183571681,1.77939929679484,35.7580078060355,,,,,,,,,,,,,,,,,,0,,
SSD,South Sudan,Sub-Saharan Africa,country,2017,10259154.0,45.0467233968183,52.4297594338558,2.52351716932591,74.269,12.983,19.849,4187095.0,3643484,35.5145,62.1085694116691,1.73155218589629,36.1598784024346,,,,,,,,,,,,,,,,,,0,,
SSD,South Sudan,Sub-Saharan Africa,country,2018,10122977.0,44.9096397235714,52.5289151600364,2.56144511639214,74.238,12.853,19.555,4140093.0,3607967,35.6414,62.0579430491928,1.68628469416914,36.2557999728935,,,,,,,,,,,,,,,,,,0,,
SSD,South Sudan,Sub-Saharan Africa,country,2019,10423384.0,43.560891549232,53.8126725447321,2.62643590603589,73.937,12.656,19.263,4349614.0,3799127,36.4481,62.2135360115816,1.6981805020893,36.0882834863291,,,,,,,,,,,,,,,,,,0,,
SSD,South Sudan,Sub-Saharan Africa,country,2020,10698467.0,42.425690521829,54.8803721131261,2.69393736504492,73.234,14.246,21.846,4510898.0,3868275,36.1573,63.3311825088334,1.67653150595975,34.9922859852069,,,,,,,,,,,,,,,,,,0,,
SSD,South Sudan,Sub-Saharan Africa,country,2021,10865780.0,41.6344661865048,55.6038406814789,2.76169313201629,73.504,13.95,20.797,4661528.0,4011245,36.9163,64.0805993218987,1.70624750698045,34.2131531711209,,,,,,,,,,,,,,,,,,0,,
SSD,South Sudan,Sub-Saharan Africa,country,2022,11021177.0,40.854105652504,56.3101038886271,2.83579045886885,73.536,12.475,18.717,4793498.0,4195509,38.0677,64.073998861644,1.66877844102429,34.2572226973317,,,,,,,,,,,,,,,,,,0,,
SSD,South Sudan,Sub-Saharan Africa,country,2023,11483374.0,39.8515366650951,57.2360745195619,2.91238881534295,73.408,12.374,18.524,5070344.0,4442940,38.6902,63.7605031614144,1.67202046929201,34.5674763692935,,,,,,,,,,,,,,,,,,0,,
SSD,South Sudan,Sub-Saharan Africa,country,2024,11943408.0,38.917470670119,58.0908540472345,2.99167528264649,,,,,,,,,,,,,,,,,,,,,,,,,,,0,,
SSD,South Sudan,Sub-Saharan Africa,country,2025,12188788.0,37.9863157846375,58.9383948592756,3.07528935608692,,,,,,,,,,,,,,,,,,,,,,,,,,,0,,
SSF,Sub-Saharan Africa,AGGREGATE,region,2013,970746312.0,43.5748,53.4581,2.9671,71.9524,6.0208,11.4885,392203675.0,370338721,38.1499,54.4291,11.3456,34.2254,1.573,4.7061,10.6474,1.7707,12.0809,41.742,9.9914,4.0626,13.4258,18.6972,6.279,81.3028,12.4742,0.2368,3237541,69242971,,,49.37,48
SSF,Sub-Saharan Africa,AGGREGATE,region,2014,997426231.0,43.431,53.5967,2.9724,71.2521,6.0378,11.4335,400291412.0,377803013,37.8778,53.8435,11.2881,34.8684,2.3085,3.4986,3.573,2.6753,13.399,51.669,7.3738,3.24,12.2628,12.0554,5.8071,87.9445,8.1871,0.2019,2617976,45545664,,,25.9,48
SSF,Sub-Saharan Africa,AGGREGATE,region,2015,1024659421.0,43.2605,53.7593,2.9802,70.9007,6.1454,11.5023,410579799.0,386844637,37.7535,53.3067,11.2908,35.4025,2.7468,4.4724,3.7552,3.8992,15.8866,34.5522,11.1001,3.9224,19.6651,14.8737,7.2192,85.1264,11.008,0.2334,2723329,57538111,,,18.05,48
SSF,Sub-Saharan Africa,AGGREGATE,region,2016,1052166739.0,43.0672,53.9412,2.9916,70.5566,6.1967,11.5863,421084288.0,396427631,37.6773,53.0191,11.129,35.8518,3.4454,3.5411,6.1908,3.7466,15.3498,41.3273,8.5899,3.7126,14.0965,16.9239,6.9864,83.0761,9.949,0.2372,2517044,67091016,,,16.95,48
SSF,Sub-Saharan Africa,AGGREGATE,region,2017,1080208893.0,42.8372,54.1544,3.0084,69.981,6.2851,11.6506,430593449.0,404830632,37.4771,52.3874,11.1986,36.414,3.0417,4.6175,4.0002,2.8924,17.5739,40.7139,10.3461,4.1823,12.632,14.5517,7.6592,85.4483,9.7769,0.2307,2536728,58909739,,,21.66,48
SSF,Sub-Saharan Africa,AGGREGATE,region,2018,1109196428.0,42.5637,54.4037,3.0326,69.6455,6.302,11.6843,442021318.0,415403669,37.4509,51.5716,11.2541,37.1744,4.0696,4.7117,4.9263,4.4558,18.3364,30.9337,10.5793,4.5476,17.4396,18.1635,8.7813,81.8366,12.4367,0.2577,2334011,75451845,,,12.61,48
SSF,Sub-Saharan Africa,AGGREGATE,region,2019,1138472475.0,42.2827,54.6563,3.061,69.3172,6.4322,11.9367,453720011.0,425723961,37.3943,50.6623,11.2367,38.101,3.4931,5.6172,3.1119,2.5734,16.1468,37.1774,8.0647,4.7006,19.3796,14.5309,8.8455,85.4691,9.5564,0.2283,2900356,61861523,,,26.47,48
SSF,Sub-Saharan Africa,AGGREGATE,region,2020,1168133785.0,41.9864,54.9297,3.084,68.1827,7.0003,12.9476,459882849.0,429336770,36.7541,52.1299,11.3181,36.552,2.6077,3.6198,3.2577,2.123,12.5635,54.9409,6.1935,3.1138,11.5801,11.6082,6.2276,88.3918,6.8416,0.1946,2337300,49838271,,,25.64,48
SSF,Sub-Saharan Africa,AGGREGATE,region,2021,1198069722.0,41.6806,55.218,3.1014,68.4328,7.173,12.5442,475964919.0,443373175,37.0073,52.0299,11.4364,36.5337,4.0611,4.1079,3.1569,1.8796,14.0967,42.5781,6.7865,3.8395,19.4937,13.2056,8.169,86.7945,6.9861,0.2105,2919525,58550088,,,35.03,48
SSF,Sub-Saharan Africa,AGGREGATE,region,2022,1228187451.0,41.3698,55.5047,3.1254,68.909,6.3543,11.2336,494077382.0,464027021,37.7814,50.9261,11.9477,37.1263,1.8618,4.109,2.6204,2.2124,18.6857,44.7564,9.4368,3.2458,13.0716,10.8037,5.9708,89.1963,5.6407,0.2109,3477444,50132087,,,33.87,48
SSF,Sub-Saharan Africa,AGGREGATE,region,2023,1258809472.0,41.0431,55.7988,3.1582,70.6318,6.0004,10.7983,501348553.0,472512964,37.5365,50.591,11.9199,37.4891,2.8999,5.8437,4.0903,3.6036,20.4665,31.5778,11.1452,4.8447,15.5284,16.4374,8.7436,83.5626,9.1445,0.2538,3129748,77668846,,,18.38,48
SSF,Sub-Saharan Africa,AGGREGATE,region,2024,1289936286.0,40.7127,56.0929,3.1944,70.5936,5.9081,10.673,511743766.0,482748365,37.4242,49.815,12.0951,38.0899,1.9205,4.6176,2.808,1.8177,22.471,37.516,10.6925,4.7721,13.3846,11.1637,6.5381,88.8363,5.8049,0.2251,4344206,53892579,,,49.51,48
SSF,Sub-Saharan Africa,AGGREGATE,region,2025,1321654217.0,40.3798,56.388,3.2323,70.5351,5.9037,10.6691,526964357.0,497328613,37.6293,49.3377,12.1724,38.4899,1.1092,4.5727,2.7278,0.8461,23.0464,41.7154,9.2809,3.7486,12.9529,9.2558,5.6819,90.7442,4.0766,0.2125,251458,46031742,,,5.98,48
STP,Sao Tome and Principe,Sub-Saharan Africa,country,2013,193148.0,42.0422216181934,54.3990991340815,3.55867924772518,24.025,12.476,17.099,26895.0,23540,12.1875,14.0824129141886,22.0518266779949,63.8657604078165,,,,,,,,,,,,,,,,,,0,,
STP,Sao Tome and Principe,Sub-Saharan Africa,country,2014,196767.0,42.0319464137787,54.4125793451138,3.5554742411075,24.023,11.428,14.854,27401.0,24270,12.3344,13.5846724351051,22.3444581788216,64.0667490729295,,,,,,,,,,,,,,,,,,0,,
STP,Sao Tome and Principe,Sub-Saharan Africa,country,2015,200291.0,41.92025602748,54.5081905827022,3.57155338981782,23.999,10.591,12.798,27918.0,24961,12.4624,13.4369616601899,22.2226673610833,64.3403709787268,,,,,,,,,,,,,,,,,,0,,
STP,Sao Tome and Principe,Sub-Saharan Africa,country,2016,203689.0,41.6908662001046,54.6984734042423,3.61066039565317,23.951,9.684,10.611,28447.0,25692,12.6133,12.9578451597836,22.4514421392706,64.5907127009459,,,,,,,,,,,,,,,,,,0,,
STP,Sao Tome and Principe,Sub-Saharan Africa,country,2017,206970.0,41.3578263568963,54.9716022331685,3.67057140993523,23.88,8.808,8.388,28984.0,26431,12.7704,12.5156066739813,22.5871136165866,64.8972797094321,0.9161,7.6884,5.2105,1.9764,28.8738,27.0257,12.1525,5.8206,10.336,15.7914,8.6045,84.2086,8.3432,0.2717,522,4174,ISCO-08,9,,
STP,Sao Tome and Principe,Sub-Saharan Africa,country,2018,210187.0,40.9492499536127,55.3069409620957,3.74380908429161,23.794,8.712,8.312,29532.0,26959,12.8262,12.1777514002745,22.697429429875,65.1211098334508,,,,,,,,,,,,,,,,,,0,,
STP,Sao Tome and Principe,Sub-Saharan Africa,country,2019,213392.0,40.4731667541426,55.7042906950589,3.82254255079853,23.693,8.835,8.403,30096.0,27437,12.8576,12.0421328862485,22.6518934285818,65.309618398513,,,,,,,,,,,,,,,,,,0,,
STP,Sao Tome and Principe,Sub-Saharan Africa,country,2020,217435.0,39.9345550039207,56.2254380054683,3.84000699061097,23.123,9.679,9.417,30200.0,27277,12.5449,12.6008212347852,22.8185951019211,64.5805836632937,,,,,,,,,,,,,,,,,,0,,
STP,Sao Tome and Principe,Sub-Saharan Africa,country,2021,221961.0,39.352634021292,56.815611751614,3.83175422709395,23.308,9.563,9.089,31376.0,28376,12.7842,12.6762052438681,22.9454468564984,64.3783478996335,,,,,,,,,,,,,,,,,,0,,
STP,Sao Tome and Principe,Sub-Saharan Africa,country,2022,226305.0,38.7865933143324,57.3648394865337,3.84856719913391,23.509,8.964,8.487,32567.0,29648,13.1009,12.6011872638964,22.7536427415003,64.6417970858068,,,,,,,,,,,,,,,,,,0,,
STP,Sao Tome and Principe,Sub-Saharan Africa,country,2023,230871.0,38.2803854091995,57.8523117838278,3.86730280697271,23.445,9.032,8.54,33407.0,30390,13.1632,12.480668618999,22.5889243526044,64.9304070283966,,,,,,,,,,,,,,,,,,0,,
STP,Sao Tome and Principe,Sub-Saharan Africa,country,2024,235536.0,37.8283196022697,58.2714356373641,3.90024476036623,23.391,9.057,8.56,34253.0,31151,13.2256,12.3206317614202,22.4679785560656,65.2113896825142,,,,,,,,,,,,,,,,,,0,,
STP,Sao Tome and Principe,Sub-Saharan Africa,country,2025,240254.0,37.4553597442706,58.6000649312811,3.94457532444829,23.342,9.132,8.794,35075.0,31872,13.266,12.0607429718875,22.5150602409639,65.4241967871486,,,,,,,,,,,,,,,,,,0,,
SUR,Suriname,Latin America & Caribbean,country,2013,569020.0,29.4311272011529,64.5829672067766,5.98590559207058,54.45,6.6,19.335,218645.0,204214,35.8887,7.41522415101731,25.3507332957912,67.2340425531915,8.4652,10.8096,12.7608,2.409,18.6536,5.8555,17.3226,9.1993,14.5244,34.4446,19.2748,65.5554,,0.3518,4920,70341,ISCO-88,9,,
SUR,Suriname,Latin America & Caribbean,country,2014,575373.0,29.0725320791904,64.8871253951784,6.0403425256312,55.006,6.94,15.603,224478.0,208899,36.3067,7.46190779364388,25.3842729331119,67.1538192732443,,,,,,,,,,,,,,,,,,0,,
SUR,Suriname,Latin America & Caribbean,country,2015,581627.0,28.6859103858659,65.1878265623845,6.12626305174966,55.561,7.22,13.027,230457.0,213818,36.762,7.72101637366184,25.3981170990417,66.8808665272965,7.2558,9.7906,9.9068,0.0,12.0452,26.8685,3.6171,22.0727,8.4434,26.9532,17.0464,73.0469,,0.2888,0,57631,ISCO-88,9,,
SUR,Suriname,Latin America & Caribbean,country,2016,587757.0,28.2817558957188,65.468722618361,6.2495214859202,56.115,7.917,24.957,236541.0,217814,37.0585,7.6822426473964,25.5612586886059,66.7564986639977,7.4571,12.3042,10.2635,7.9091,19.0635,5.5826,14.3017,9.9001,13.2183,37.9339,19.7613,62.0662,28.8599,0.3843,17227,82625,ISCO-08,9,,
SUR,Suriname,Latin America & Caribbean,country,2017,593713.0,27.8819059040311,65.7094421041816,6.40865199178728,56.138,7.905,24.914,240368.0,221367,37.2852,7.67639259690921,25.63751598025,66.6865431613565,,,,,,,,,,,,,,,,,,0,,
SUR,Suriname,Latin America & Caribbean,country,2018,599513.0,27.5121035841621,65.9011279998332,6.58676841600467,56.302,7.817,24.788,244674.0,225548,37.6219,7.48000425630021,25.9824959653821,66.5374997783177,,,,,,,,,,,,,,,,,,0,,
SUR,Suriname,Latin America & Caribbean,country,2019,605768.0,27.1645250326858,66.0642358130505,6.77123915426368,56.308,7.755,24.661,248439.0,229173,37.8318,7.43287763285931,25.8854741655794,66.681211846176,,,,,,,,,,,,,,,,,,0,,
SUR,Suriname,Latin America & Caribbean,country,2020,612317.0,26.8331002022647,66.1833381919318,6.98356160580353,52.653,8.973,28.839,235893.0,214726,35.0678,7.56079841286104,26.0946508573717,66.3445507297672,,,,,,,,,,,,,,,,,,0,,
SUR,Suriname,Latin America & Caribbean,country,2021,617896.0,26.5425735075158,66.2930331317892,7.164393360695,53.245,8.706,27.463,241674.0,220634,35.7073,7.38375492333422,26.3156463448351,66.3005987318307,,,,,,,,,,,,,,,,,,0,,
SUR,Suriname,Latin America & Caribbean,country,2022,623164.0,26.2550468255548,66.3893453408733,7.3556078335719,53.411,7.973,25.534,245451.0,225881,36.2474,7.3069448072215,26.392658081025,66.3003971117535,,,,,,,,,,,,,,,,,,0,,
SUR,Suriname,Latin America & Caribbean,country,2023,628886.0,25.9463559373241,66.4321514551127,7.62149260756322,53.583,7.699,24.982,249544.0,230332,36.6254,7.2091276543092,26.1490971766963,66.6417751689945,,,,,,,,,,,,,,,,,,0,,
SUR,Suriname,Latin America & Caribbean,country,2024,634431.0,25.6391948060546,66.4615222143937,7.89928297955175,53.835,7.621,24.942,253976.0,234620,36.9812,7.09277594738704,26.1227777801457,66.7848724954074,,,,,,,,,,,,,,,,,,0,,
SUR,Suriname,Latin America & Caribbean,country,2025,639850.0,25.3373446901618,66.4713604751114,8.19129483472689,53.823,7.834,25.438,257128.0,236985,37.0376,6.97515444080613,26.1034500219424,66.9213955372514,,,,,,,,,,,,,,,,,,0,,
SVK,Slovak Republic,Europe & Central Asia,country,2013,5413393.0,15.3454402766956,71.3702712441166,13.2842884791878,59.248,14.226,33.711,2715149.0,2328892,43.0209,4.15164959707926,35.7887790537066,60.0596143113873,4.1156,11.4899,16.479,8.7082,19.5414,1.105,16.939,13.8106,7.8112,40.7927,15.6055,59.2072,25.6808,0.4082,202805,950018,ISCO-08,9,,
SVK,Slovak Republic,Europe & Central Asia,country,2014,5418649.0,15.3281194586269,70.9768771615539,13.6950033798192,59.787,11.536,26.745,2743071.0,2426630,44.7829,3.98532183634565,36.0591876867707,59.9554904768836,4.7378,11.901,15.4523,8.6592,18.7119,1.012,15.88,15.0961,8.5497,40.7503,16.6388,59.2497,24.2331,0.4063,210127,988859,ISCO-08,9,,
SVK,Slovak Republic,Europe & Central Asia,country,2015,5423801.0,15.3333740446523,70.5178405978439,14.1487853575038,59.625,11.492,26.571,2738069.0,2423410,44.681,3.89867467606014,36.124440142818,59.9768851811218,4.8425,11.8084,15.4434,8.7092,18.7015,0.9964,15.8141,15.0387,8.6458,40.8035,16.6509,59.1965,24.1851,0.4065,211060,988836,ISCO-08,9,,
SVK,Slovak Republic,Europe & Central Asia,country,2016,5430798.0,15.4062667729696,69.9313041813556,14.6624290456748,60.008,9.679,22.274,2756837.0,2490003,45.8497,3.46918952849452,36.5348934311368,59.9959170403687,4.5104,11.791,15.3387,9.0849,18.6213,1.0471,15.9435,14.8862,8.777,40.725,16.3014,59.2751,25.7425,0.4069,226214,1014054,ISCO-08,9,,
SVK,Slovak Republic,Europe & Central Asia,country,2017,5439232.0,15.5448134053743,69.2551309624215,15.2000556322042,59.893,8.142,18.962,2751313.0,2527301,46.4643,3.41180485827138,37.1353445736422,59.4528109746634,4.3703,12.3711,15.2893,9.1683,18.5649,0.8738,15.7978,14.8473,8.7172,41.199,16.7414,58.801,26.2801,0.4099,231711,1041223,ISCO-08,9,,
SVK,Slovak Republic,Europe & Central Asia,country,2018,5446771.0,15.6869209322697,68.5861635146178,15.7269155531126,59.727,6.544,14.971,2742867.0,2563374,47.0623,2.90419290239723,36.5154135323671,60.5803935652357,4.4111,12.6186,15.7615,9.2702,19.0394,0.9224,15.5518,14.5176,7.9075,42.0614,17.0297,57.9387,29.1376,0.4154,237630,1078191,ISCO-08,9,,
SVK,Slovak Republic,Europe & Central Asia,country,2019,5454147.0,15.7942056374998,67.9466053941882,16.259188968312,59.556,5.761,16.12,2735233.0,2577656,47.2605,3.51100646936997,36.0562270354835,60.4327664951465,4.9702,13.5752,15.7956,9.5517,18.5062,1.101,15.868,13.654,6.9782,43.8927,18.5454,56.1074,28.8818,0.4239,246210,1131403,ISCO-08,9,,
SVK,Slovak Republic,Europe & Central Asia,country,2020,5458827.0,15.8547162995723,67.3811945998033,16.7640891006244,58.906,6.719,19.438,2705756.0,2523956,46.2362,3.25797007672715,36.5259235646567,60.2161063586162,5.4393,14.6035,16.0094,9.7534,17.778,0.8259,15.0481,13.8676,6.6748,45.8056,20.0428,54.1944,27.7219,0.4327,246172,1156113,ISCO-08,9,,
SVK,Slovak Republic,Europe & Central Asia,country,2021,5447247.0,15.9261506893838,66.9089610618438,17.1648882487724,60.201,6.894,21.211,2757031.0,2566961,47.124,3.21457019174198,36.4815839348298,60.3038458734282,5.6079,14.7686,17.0949,10.4273,16.8012,0.824,15.3132,13.2073,5.9556,47.8987,20.3765,52.1013,27.8229,0.4422,267665,1229541,ISCO-08,9,,
SVK,Slovak Republic,Europe & Central Asia,country,2022,5431752.0,15.9683376980892,66.4610251066265,17.5706371952843,61.157,6.143,19.924,2791445.0,2619967,48.2343,2.54042690202466,35.8416257883672,61.6179851891134,5.7208,15.9022,16.9313,10.0178,16.8225,0.993,14.8643,13.0431,5.7049,48.5721,21.623,51.4278,30.7914,0.4452,262463,1272573,ISCO-08,9,,
SVK,Slovak Republic,Europe & Central Asia,country,2023,5426740.0,15.9071734431039,66.0419899803454,18.0508365765507,61.172,5.843,19.867,2791584.0,2628472,48.4356,3.12353260529978,34.6834393505543,62.193028044146,5.8788,17.0311,15.7628,10.0794,17.3074,0.9745,14.4788,12.2848,6.2023,48.7521,22.9099,51.2478,32.3773,0.4476,264934,1281435,ISCO-08,9,,
SVK,Slovak Republic,Europe & Central Asia,country,2024,5422069.0,15.7612022097569,65.7013984358678,18.5373993543753,60.798,5.3,18.995,2776940.0,2629762,48.5011,2.24150286688617,34.9500644366084,62.8083952551293,5.3217,19.4135,15.7202,9.9137,16.9564,0.8045,13.4359,12.3168,6.1172,50.3691,24.7352,49.6308,30.2533,0.4566,260707,1324587,ISCO-08,9,,
SVK,Slovak Republic,Europe & Central Asia,country,2025,5413813.0,15.5700735778549,65.3936222540727,19.0363041680723,60.422,5.359,18.427,2761816.0,2613810,48.2804,2.16304803036499,34.5282254388159,63.3086886994208,5.652,19.4585,16.2076,9.9285,17.0046,0.9248,13.2934,11.4082,6.1224,51.2466,25.1105,48.7534,,0.4603,259512,1339489,ISCO-08,9,,
SVN,Slovenia,Europe & Central Asia,country,2013,2059953.0,14.5676402659643,68.2843640336961,17.1479957003396,57.628,10.103,21.665,1014176.0,911714,44.259,8.51907031526394,27.2550480246287,64.2259915311407,7.9918,21.7948,12.9973,7.4369,13.3674,5.2626,13.1999,9.7266,8.2226,50.2208,29.7866,49.7791,24.7678,0.4385,67803,457870,ISCO-08,9,,
SVN,Slovenia,Europe & Central Asia,country,2014,2061980.0,14.7049128680254,67.7481374494419,17.5469496825326,57.853,9.668,20.236,1017500.0,919128,44.575,9.65236952413338,27.1651157569377,63.1825147189289,8.346,21.113,12.9246,7.1735,13.2465,5.7503,13.926,8.9395,8.5805,49.5571,29.459,50.4428,23.8206,0.433,65934,455493,ISCO-08,9,,
SVN,Slovenia,Europe & Central Asia,country,2015,2063531.0,14.8235852669996,67.157989987121,18.0184247458794,57.591,8.962,16.299,1012244.0,921527,44.6578,7.09904155438421,28.1470160132271,64.753833728111,7.994,22.4249,12.1602,7.7632,13.9967,4.2779,14.1167,9.3883,7.8781,50.3423,30.4189,49.6577,23.8935,0.4423,71540,463918,ISCO-08,9,,
SVN,Slovenia,Europe & Central Asia,country,2016,2065042.0,14.9172663074562,66.5706788630685,18.5120548294753,56.843,8.0,15.243,998728.0,918830,44.4945,5.04580804341924,29.2150977379996,65.7392032464127,7.7084,22.4478,13.0635,7.6271,14.415,3.1908,14.7717,9.8745,6.9011,50.8468,30.1562,49.1531,24.1071,0.4466,70080,467196,ISCO-08,9,,
SVN,Slovenia,Europe & Central Asia,country,2017,2066388.0,15.0135763499983,65.9854248185375,19.0009988314642,58.552,6.564,11.24,1028260.0,960765,46.4949,5.58675414089525,29.290830953029,65.1224149060758,7.5827,22.342,13.7239,7.3286,13.623,3.2839,14.2566,10.2949,7.5644,50.9772,29.9247,49.0228,24.6439,0.4448,70411,489771,ISCO-08,9,,
SVN,Slovenia,Europe & Central Asia,country,2018,2073894.0,15.0857183723161,65.452513323996,19.4617683036878,58.945,5.108,8.817,1038040.0,985017,47.496,5.50396366773558,29.3988979864242,65.0971383458402,7.4034,22.5733,13.2756,7.7861,13.5493,3.7181,14.0445,10.3679,7.2818,51.0384,29.9767,48.9616,28.12,0.4461,76694,502737,ISCO-08,9,,
SVN,Slovenia,Europe & Central Asia,country,2019,2088385.0,15.1074701233225,65.0408615176971,19.8516683589804,58.383,4.446,8.136,1035062.0,989043,47.3592,4.29981767378506,30.1027776623529,65.597404663862,7.2389,23.5818,12.9821,8.4703,13.5982,3.1416,14.7019,10.2658,6.0195,52.2731,30.8207,47.727,28.6708,0.4552,83775,517003,ISCO-08,9,,
SVN,Slovenia,Europe & Central Asia,country,2020,2102419.0,15.1382490506771,64.7403622350344,20.1213887142885,57.811,4.971,14.179,1031435.0,980162,46.6207,4.1069573929314,30.0356266183483,65.8574159887203,7.7887,25.0706,13.4887,7.9928,12.2732,2.9944,14.3488,10.0598,5.983,54.3408,32.8593,45.6592,31.9476,0.4621,78342,532628,ISCO-08,9,,
SVN,Slovenia,Europe & Central Asia,country,2021,2108079.0,15.1623094269489,64.4067832697893,20.4309073032618,58.38,4.744,12.846,1044095.0,994563,47.1786,4.0502972584825,30.0167884851451,65.9329142563724,4.4902,27.6285,16.1132,7.502,12.5837,3.265,11.9387,7.7224,8.7564,55.7339,32.1187,44.2662,31.8474,0.4707,74612,554309,ISCO-08,9,,
SVN,Slovenia,Europe & Central Asia,country,2022,2112076.0,15.09619766758,64.0225309044699,20.8812714279501,59.053,4.011,10.14,1058958.0,1016483,48.1272,4.30916942372828,30.1640877334989,65.5267428427728,4.2908,27.2852,15.7309,7.281,13.016,3.2597,11.8118,7.9538,9.3708,54.5879,31.576,45.4121,32.3406,0.4655,74010,554877,ISCO-08,9,,
SVN,Slovenia,Europe & Central Asia,country,2023,2120461.0,14.9298337043688,63.7378233342586,21.3323429613727,58.057,3.652,9.948,1047279.0,1009032,47.5855,4.02423309323114,32.1154950731268,63.860271833642,3.8725,23.1145,14.5534,7.6988,13.9622,3.1829,13.7444,8.7817,11.0897,49.2392,26.987,50.7609,31.065,0.4399,77683,496839,ISCO-08,9,,
SVN,Slovenia,Europe & Central Asia,country,2024,2127400.0,14.714920235154,63.5127305869434,21.7723491779025,57.953,3.7,11.029,1051473.0,1012568,47.5965,3.77300862928961,32.055500354017,64.1713918522529,3.9453,23.4151,14.7837,7.7888,13.6856,2.9209,13.3431,9.2603,10.8571,49.9329,27.3604,50.067,31.5288,0.4434,78867,505605,ISCO-08,9,,
SVN,Slovenia,Europe & Central Asia,country,2025,2130986.0,14.4822660731425,63.3065856994944,22.2111482273631,57.565,3.175,9.536,1049047.0,1015740,47.6653,3.65722292857291,31.9684193523133,64.3742586208093,3.6445,23.7383,15.1231,8.1275,13.4149,2.718,13.7083,8.9419,10.5834,50.6334,27.3828,49.3665,,0.4475,82554,514304,ISCO-08,9,,
SWE,Sweden,Europe & Central Asia,country,2013,9600379.0,16.9674927244282,63.7580854153169,19.2744218602549,63.854,8.052,23.518,5090081.0,4680228,48.7505,2.03326318839205,19.1610853044105,78.8056515071975,5.783,25.7838,17.3661,5.9986,20.4534,1.7626,9.9994,7.7151,5.1379,54.9315,31.5668,45.0684,25.4477,0.479,280748,2570919,ISCO-08,9,,
SWE,Sweden,Europe & Central Asia,country,2014,9696110.0,17.1617120872329,63.3172186453916,19.5210692673755,63.898,7.954,22.821,5132346.0,4724119,48.7218,1.97429847442304,18.603411164083,79.4223115286017,5.589,26.3347,17.8326,6.0202,20.1925,1.7958,9.7716,7.4254,5.0383,55.7765,31.9237,44.2236,26.9457,0.483,284401,2634948,ISCO-08,9,,
SWE,Sweden,Europe & Central Asia,country,2015,9799186.0,17.343759463192,62.9579789502128,19.6982615865952,63.922,7.432,20.363,5177451.0,4792663,48.9088,2.03680775764617,18.2877461455677,79.6754460967861,5.6016,26.9515,18.1275,6.3883,19.7602,1.8932,9.6074,6.8287,4.8417,57.0689,32.5531,42.9312,30.1277,0.4893,306170,2735120,ISCO-08,9,,
SWE,Sweden,Europe & Central Asia,country,2016,9923085.0,17.525253746745,62.700911392201,19.773834861054,64.078,6.99,18.894,5244169.0,4877602,49.1541,1.88620681030464,18.1996692721157,79.9141239175796,5.8913,27.9341,18.2951,6.4444,19.354,1.7736,9.3339,6.163,4.8105,58.5649,33.8254,41.435,30.46,0.4962,314332,2856563,ISCO-08,9,,
SWE,Sweden,Europe & Central Asia,country,2017,10057698.0,17.6761928964721,62.5219734831306,19.8018336203973,64.391,6.718,17.873,5331498.0,4973328,49.448,1.83025659905566,18.164591996503,80.0051514044413,6.0076,27.9555,18.5302,6.4664,19.4009,1.692,9.2587,5.9633,4.7255,58.9597,33.9631,41.0404,30.798,0.4981,321595,2932259,ISCO-08,9,,
SWE,Sweden,Europe & Central Asia,country,2018,10175214.0,17.7606158064773,62.3768470334521,19.8625371600706,64.5,6.365,17.398,5397382.0,5053839,49.6681,1.73231559050394,18.1792423280976,80.0884618679843,6.1661,28.7379,18.6746,6.3853,18.5887,1.5967,9.2223,5.944,4.6845,59.9639,34.904,40.0362,31.409,0.5016,322703,3030479,ISCO-08,9,,
SWE,Sweden,Europe & Central Asia,country,2019,10278887.0,17.7766784624178,62.2726593946469,19.9506621429353,64.583,6.833,20.092,5458324.0,5085357,49.4738,1.68897374964482,18.4196104380041,79.8913961484272,6.2775,29.8601,18.4593,6.0216,18.1612,1.5546,9.3114,5.7283,4.6261,60.6185,36.1376,39.3816,31.8011,0.5038,306220,3082667,ISCO-08,9,,
SWE,Sweden,Europe & Central Asia,country,2020,10353442.0,17.7359001549834,62.2041144475448,20.0599853974717,64.152,8.291,23.891,5463932.0,5010917,48.3986,1.72893248925529,18.3119609807807,79.959106529964,6.3516,30.8737,19.0304,5.8454,17.2741,1.724,9.0409,5.5115,4.3483,62.1011,37.2253,37.8988,31.5197,0.5093,292908,3111835,ISCO-08,9,,
SWE,Sweden,Europe & Central Asia,country,2021,10415811.0,17.650117992462,62.1530987776028,20.1967832299352,64.176,8.803,24.555,5504637.0,5020064,48.1966,1.98350781851788,18.1010227287893,79.9154694526928,6.7395,31.8096,18.3403,5.9175,16.6326,2.0392,8.9764,5.3494,4.1955,62.8069,38.5491,37.1931,30.469,0.5117,297062,3152947,ISCO-08,9,,
SWE,Sweden,Europe & Central Asia,country,2022,10486941.0,17.4887850472637,62.1693131278881,20.3419018248482,64.558,7.417,21.597,5586140.0,5171816,49.3167,1.87893378014702,17.1959785995013,80.92506828558,6.527,33.0235,17.9218,5.8595,16.5685,1.7322,8.5784,5.4308,4.3583,63.3318,39.5505,36.6682,28.189,0.5152,303043,3275404,ISCO-08,9,,
SWE,Sweden,Europe & Central Asia,country,2023,10536632.0,17.2497847224289,62.2137917151827,20.5364235623884,64.931,7.611,21.941,5661389.0,5230501,49.6411,1.76882294206255,17.2817107652127,80.9494472010676,6.3627,33.4583,18.351,6.0727,16.4959,1.6256,8.1627,5.3759,4.0952,64.2447,39.821,35.7553,29.6857,0.5205,317633,3360320,ISCO-08,9,,
SWE,Sweden,Europe & Central Asia,country,2024,10569709.0,16.9857798610144,62.2674518966203,20.7467682423653,64.735,8.4,24.336,5680083.0,5202956,49.2252,1.81311485582453,17.0202664217234,81.166618722452,6.3284,33.5696,18.3819,5.8733,16.2664,1.6654,8.2666,5.3327,4.3158,64.1532,39.898,35.8469,30.5263,0.5191,305585,3337863,ISCO-08,9,,
SWE,Sweden,Europe & Central Asia,country,2025,10596620.0,16.7064916282657,62.3807116187636,20.9127967529707,64.595,8.694,24.312,5701347.0,5205672,49.1258,1.76684695457337,16.8219600412214,81.4112121058729,6.3582,33.5043,18.2775,5.5792,16.3668,1.5228,8.5338,5.5248,4.3327,63.7192,39.8625,36.2809,,0.5167,290435,3317013,ISCO-08,9,,
SWZ,Eswatini,Sub-Saharan Africa,country,2013,1129990.0,37.616262090815,59.1550367702369,3.22870113894813,51.496,24.556,50.462,363011.0,273870,24.2365,13.7480282759829,25.4045685575743,60.84776830052,,,,,,,,,,,,,,,,,,0,,
SWZ,Eswatini,Sub-Saharan Africa,country,2014,1136299.0,37.2169208984607,59.4682385534089,3.31484054813038,51.38,23.931,49.309,366547.0,278829,24.5383,13.5480400243876,25.1274970412079,61.3241042929384,,,,,,,,,,,,,,,,,,0,,
SWZ,Eswatini,Sub-Saharan Africa,country,2015,1142813.0,36.7817992890347,59.8218430407438,3.39635767022149,51.254,23.431,48.353,370293.0,283530,24.8098,13.45581388787,24.7548742981293,61.7896645128523,,,,,,,,,,,,,,,,,,0,,
SWZ,Eswatini,Sub-Saharan Africa,country,2016,1149507.0,36.376187193211,60.1487593599868,3.47505344680222,51.135,22.718,46.973,373981.0,289020,25.143,13.1979572489291,24.451771837438,62.3506169080554,2.0349,12.2149,4.1582,4.0653,27.7199,6.6526,15.6129,9.1296,18.4116,22.4733,14.2498,77.5266,14.8588,0.3213,11750,64952,ISCO-08,9,,
SWZ,Eswatini,Sub-Saharan Africa,country,2017,1158195.0,35.9795353889178,60.444597172582,3.57586743850018,50.838,24.543,48.365,376955.0,284439,24.5588,13.0660704052538,23.0632930083427,63.8706365864034,,,,,,,,,,,,,,,,,,0,,
SWZ,Eswatini,Sub-Saharan Africa,country,2018,1168929.0,35.5570203335616,60.7565725734529,3.68640709298551,50.534,26.471,49.927,380669.0,279902,23.9452,13.0986066452304,21.5441229010361,65.3576277241872,,,,,,,,,,,,,,,,,,0,,
SWZ,Eswatini,Sub-Saharan Africa,country,2019,1179874.0,35.1175210234313,61.0868194400419,3.79565953652678,50.226,28.222,51.201,384496.0,275984,23.391,12.9095843554448,20.3945199126027,66.6958957319526,,,,,,,,,,,,,,,,,,0,,
SWZ,Eswatini,Sub-Saharan Africa,country,2020,1192729.0,34.6861547400312,61.4389935018795,3.87485175808932,49.493,32.978,58.611,385559.0,258409,21.6654,13.4434692424383,18.9990247979939,67.5575059595678,,,,,,,,,,,,,,,,,,0,,
SWZ,Eswatini,Sub-Saharan Africa,country,2021,1206593.0,34.2849932475187,61.7921031399556,3.92290361252568,49.686,34.153,56.669,393966.0,259415,21.4998,13.4021810780493,17.8911619695235,68.7066569524272,3.9651,10.8929,4.8811,4.2124,25.3521,11.7419,9.7238,8.3366,20.8941,23.9515,14.858,76.0485,3.6159,0.3169,10928,62134,ISCO-08,9,,
SWZ,Eswatini,Sub-Saharan Africa,country,2022,1218917.0,33.9505618309376,62.0343969418742,4.01504122718824,50.434,36.472,58.474,406038.0,257948,21.1621,14.512058491729,21.7343604017817,63.7535811064892,,,,,,,,,,,,,,,,,,0,,
SWZ,Eswatini,Sub-Saharan Africa,country,2023,1230506.0,33.6689947062428,62.1841340066607,4.14687128709653,51.223,34.61,54.239,418086.0,273386,22.2174,15.2459544084511,26.0966259912797,58.6570538144149,3.971,11.3277,5.197,3.3902,25.3976,7.969,10.6952,10.5973,21.455,23.8859,15.2987,76.1141,8.4956,0.3183,9268,65301,ISCO-08,9,,
SWZ,Eswatini,Sub-Saharan Africa,country,2024,1242822.0,33.3522553319202,62.3857891096992,4.26195555838067,51.202,34.643,54.37,424113.0,277188,22.3031,14.9084546422065,26.0814979165539,59.0104082111225,,,,,,,,,,,,,,,,,,0,,
SWZ,Eswatini,Sub-Saharan Africa,country,2025,1256174.0,32.9958668146292,62.6582782321557,4.34585495321508,51.191,34.202,54.329,430869.0,283503,22.5688,14.5468333891818,26.7332145817534,58.7199520290647,,,,,,,,,,,,,,,,,,0,,
SXM,Sint Maarten (Dutch part),Latin America & Caribbean,country,2013,35854.0,20.6504155742734,72.8440341384504,6.50555028727618,,,,,,,,,,,,,,,,,,,,,,,,,,,0,,
SXM,Sint Maarten (Dutch part),Latin America & Caribbean,country,2014,36672.0,20.1518890691682,72.8072208663403,7.0408900644915,,,,,,,,,,,,,,,,,,,,,,,,,,,0,,
SXM,Sint Maarten (Dutch part),Latin America & Caribbean,country,2015,37471.0,19.6749529642528,72.6805705669642,7.64447646878294,,,,,,,,,,,,,,,,,,,,,,,,,,,0,,
SXM,Sint Maarten (Dutch part),Latin America & Caribbean,country,2016,38249.0,19.2148814348088,72.4267301105911,8.35838845460012,,,,,,,,,,,,,,,,,,,,,,,,,,,0,,
SXM,Sint Maarten (Dutch part),Latin America & Caribbean,country,2017,38996.0,18.7914300001282,72.1154462579975,9.09312374187427,,,,,,,,,,,,,,,,,,,,,,,,,,,0,,
SXM,Sint Maarten (Dutch part),Latin America & Caribbean,country,2018,39712.0,18.3609488315874,71.807010475423,9.83204069298952,,,,,,,,,,,,,,,,,,,,,,,,,,,0,,
SXM,Sint Maarten (Dutch part),Latin America & Caribbean,country,2019,40385.0,17.860812935656,71.4964899899714,10.6426970743726,,,,,,,,,,,,,,,,,,,,,,,,,,,0,,
SXM,Sint Maarten (Dutch part),Latin America & Caribbean,country,2020,41008.0,17.2822044747912,71.2357495580077,11.4820459672011,,,,,,,,,,,,,,,,,,,,,,,,,,,0,,
SXM,Sint Maarten (Dutch part),Latin America & Caribbean,country,2021,41571.0,16.6221644896683,71.0579490510211,12.3198864593106,,,,,,,,,,,,,,,,,,,,,,,,,,,0,,
SXM,Sint Maarten (Dutch part),Latin America & Caribbean,country,2022,42139.0,16.0387768904921,70.9849662422725,12.9762568672354,,,,,,,,,,,,,,,,,,,,,,,,,,,0,,
SXM,Sint Maarten (Dutch part),Latin America & Caribbean,country,2023,42749.0,15.560597908723,70.9923039135418,13.4470981777352,,,,,,,,,,,,,,,,,,,,,,,,,,,0,,
SXM,Sint Maarten (Dutch part),Latin America & Caribbean,country,2024,43350.0,15.1359269212581,70.9219040149479,13.942169063794,,,,,,,,,,,,,,,,,,,,,,,,,,,0,,
SXM,Sint Maarten (Dutch part),Latin America & Caribbean,country,2025,43923.0,14.8054550007968,70.7146597454636,14.4798852537395,,,,,,,,,,,,,,,,,,,,,,,,,,,0,,
SYC,Seychelles,Sub-Saharan Africa,country,2013,89949.0,21.7680045057179,71.200626882484,7.03136861179812,,,,,,,,,,,,,,,,,,,,,,,,,,,0,,
SYC,Seychelles,Sub-Saharan Africa,country,2014,91359.0,21.5881782436493,71.3810681814924,7.03075357485822,,,,,47112,51.568,,,,8.4947,11.0779,10.7998,7.2147,25.6729,4.6358,11.6,6.3827,14.1217,37.5871,19.5726,62.4131,36.0733,0.3919,3399,17708,ISCO-08,9,,
SYC,Seychelles,Sub-Saharan Africa,country,2015,93419.0,21.3733161117043,71.5689245963098,7.05775929198588,,,,,26069,27.9055,,,,7.8522,10.5719,10.6717,7.0352,25.9619,5.2476,11.7266,7.2462,13.6868,36.131,18.4241,63.8691,34.7155,0.3853,1834,9419,ISCO-08,9,,
SYC,Seychelles,Sub-Saharan Africa,country,2016,94677.0,21.1735460431065,71.7349140874696,7.09153986942388,,,,,43703,46.1601,,,,8.4319,11.6422,11.8161,5.9492,25.1356,4.3819,11.1663,6.9171,14.5596,37.8394,20.0741,62.1605,34.5236,0.3899,2600,16537,ISCO-08,9,,
SYC,Seychelles,Sub-Saharan Africa,country,2017,95843.0,21.0159526446167,71.8429373857587,7.1411099696246,,,,,46572,48.592,,,,8.1723,10.3689,13.6498,6.5232,25.0923,3.9702,10.6953,7.3177,14.2103,38.7142,18.5412,61.2858,37.6794,0.3949,3038,18030,ISCO-08,9,,
SYC,Seychelles,Sub-Saharan Africa,country,2018,96762.0,20.875347705146,71.8967315716273,7.2279207232267,,,,,46569,48.1274,,,,6.8243,11.3015,11.2736,6.5516,26.3802,5.2481,10.8763,7.0455,14.4989,35.951,18.1258,64.049,34.9232,0.3852,3051,16742,ISCO-08,9,,
SYC,Seychelles,Sub-Saharan Africa,country,2019,97625.0,20.7364184597601,71.8981219799321,7.36545956030786,,,,,47907,49.0725,,,,9.0404,11.4701,10.8001,7.2328,25.1696,4.4232,10.2261,8.2806,13.3571,38.5434,20.5105,61.4566,34.0667,0.3964,3465,18465,ISCO-08,9,,
SYC,Seychelles,Sub-Saharan Africa,country,2020,98462.0,20.5892377650863,71.8328885785304,7.57787365638327,,,,,47599,48.3425,,,,6.8132,11.9267,10.3427,7.8279,26.156,5.1346,10.87,6.7375,14.1915,36.9105,18.7399,63.0896,36.2641,0.3927,3726,17569,ISCO-08,9,,
SYC,Seychelles,Sub-Saharan Africa,country,2021,99258.0,20.4484195548328,71.6597215164143,7.89185892875292,,,,,,,,,,,,,,,,,,,,,,,,,,,0,,
SYC,Seychelles,Sub-Saharan Africa,country,2022,119878.0,20.310302933737,71.542153797128,8.14754326913502,,,,,,,,,,,,,,,,,,,,,,,,,,,0,,
SYC,Seychelles,Sub-Saharan Africa,country,2023,119773.0,20.139819695898,71.5292241921681,8.33095611193391,,,,,49753,41.5394,,,,9.5733,12.2606,13.5771,7.2679,23.4237,4.0259,9.3984,7.1875,13.2856,42.6789,21.8339,57.3211,33.314,0.4126,3616,21234,ISCO-08,9,,
SYC,Seychelles,Sub-Saharan Africa,country,2024,121354.0,19.9511572361283,71.5097934725518,8.53904929131987,,,,,26283,21.6581,,,,12.0877,12.548,12.8981,6.3691,26.9794,3.8428,8.8689,4.832,11.574,43.9029,24.6357,56.0971,37.8368,0.4218,1674,11539,ISCO-08,9,,
SYC,Seychelles,Sub-Saharan Africa,country,2025,122730.0,19.7660012727964,71.4886069657362,8.74539176146741,,,,,196691,160.2632,,,,11.6208,13.3224,13.0662,6.1564,24.7175,4.1024,9.1229,6.2906,11.6009,44.1658,24.9432,55.8343,36.7257,0.4192,12109,86870,ISCO-08,9,,
SYR,Syrian Arab Republic,"Middle East, North Africa, Afghanistan & Pakistan",country,2013,21666917.0,38.0045084862671,58.2414342049348,3.75405730879808,37.78,14.5,35.447,5074803.0,4338957,20.0257,15.0060936485928,27.5048030119771,57.4890802923476,,,,,,,,,,,,,,,,,,0,,
SYR,Syrian Arab Republic,"Middle East, North Africa, Afghanistan & Pakistan",country,2014,20273659.0,39.7603363063372,56.2502087067756,3.98945498688717,37.729,14.782,35.979,4607761.0,3926642,19.3682,15.3272179540432,26.8363264633578,57.836455582599,,,,,,,,,,,,,,,,,,0,,
SYR,Syrian Arab Republic,"Middle East, North Africa, Afghanistan & Pakistan",country,2015,19424618.0,40.5548593027672,55.2752903557743,4.16985034145845,37.705,14.244,34.807,4353793.0,3733639,19.2212,15.7016844669711,26.548380081229,57.7499354517999,,,,,,,,,,,,,,,,,,0,,
SYR,Syrian Arab Republic,"Middle East, North Africa, Afghanistan & Pakistan",country,2016,19193834.0,40.1904653387766,55.5171039698766,4.29243069134678,37.716,13.798,33.634,4329700.0,3732288,19.4452,15.8314236360903,25.9587269613884,58.2098494025213,,,,,,,,,,,,,,,,,,0,,
SYR,Syrian Arab Republic,"Middle East, North Africa, Afghanistan & Pakistan",country,2017,19224668.0,39.3089805243971,56.2943219617629,4.39669751384003,37.742,13.603,32.888,4403603.0,3804581,19.7901,16.1266497256459,25.8892984545962,57.9840518197579,,,,,,,,,,,,,,,,,,0,,
SYR,Syrian Arab Republic,"Middle East, North Africa, Afghanistan & Pakistan",country,2018,19577845.0,37.9352196321914,57.5981626169785,4.46661775083008,37.782,13.505,32.411,4590870.0,3970873,20.2825,15.7286070736751,25.8528058683036,58.4185870580212,,,,,,,,,,,,,,,,,,0,,
SYR,Syrian Arab Republic,"Middle East, North Africa, Afghanistan & Pakistan",country,2019,20353534.0,36.1049486541256,59.4003650668233,4.4946862790511,37.836,13.369,32.056,4920535.0,4262709,20.9433,15.6251583516787,25.4642402028403,58.9105779859731,,,,,,,,,,,,,,,,,,0,,
SYR,Syrian Arab Republic,"Middle East, North Africa, Afghanistan & Pakistan",country,2020,21049429.0,34.5884513066839,60.8639526516372,4.54759604167885,35.911,15.179,36.288,4944498.0,4193973,19.9244,16.9133329502457,26.0933196598087,56.9933473899456,,,,,,,,,,,,,,,,,,0,,
SYR,Syrian Arab Republic,"Middle East, North Africa, Afghanistan & Pakistan",country,2021,21628839.0,33.3574184597375,62.0241136839542,4.61846785630824,36.334,14.887,34.645,5237189.0,4457529,20.6092,17.0641786089251,26.3526682759178,56.5831531151572,,,,,,,,,,,,,,,,,,0,,
SYR,Syrian Arab Republic,"Middle East, North Africa, Afghanistan & Pakistan",country,2022,22462173.0,31.9347917036965,63.3986449885914,4.66656330771211,37.327,13.245,31.987,5706897.0,4951018,22.0416,17.0659823140689,25.7687958967929,57.1652015914187,,,,,,,,,,,,,,,,,,0,,
SYR,Syrian Arab Republic,"Middle East, North Africa, Afghanistan & Pakistan",country,2023,23594623.0,30.3355281413058,64.9776349467419,4.68683691195235,37.132,13.27,32.26,6103412.0,5293489,22.4351,16.5692768227914,25.7531214685477,57.6776017086609,,,,,,,,,,,,,,,,,,0,,
SYR,Syrian Arab Republic,"Middle East, North Africa, Afghanistan & Pakistan",country,2024,24672760.0,29.1634383255752,66.0948525032233,4.74170917120154,36.989,13.359,32.768,6464691.0,5601073,22.7014,16.4448313489796,25.4347677049293,58.1204009460911,,,,,,,,,,,,,,,,,,0,,
SYR,Syrian Arab Republic,"Middle East, North Africa, Afghanistan & Pakistan",country,2025,25620427.0,28.4407365349675,66.720081728538,4.83918173649451,36.898,13.569,33.101,6764801.0,5846885,22.8212,16.2968257372617,25.200954772477,58.5022194902612,,,,,,,,,,,,,,,,,,0,,
TCA,Turks and Caicos Islands,Latin America & Caribbean,country,2013,33653.0,20.2537663804119,72.1956437761864,7.55058984340178,,,,,,,,,,,,,,,,,,,,,,,,,,,0,,
TCA,Turks and Caicos Islands,Latin America & Caribbean,country,2014,35050.0,19.5335235378031,72.5977175463623,7.86875891583452,,,,,,,,,,,,,,,,,,,,,,,,,,,0,,
TCA,Turks and Caicos Islands,Latin America & Caribbean,country,2015,36605.0,18.8307608250239,72.9176342029777,8.25160497199836,,,,,,,,,,,,,,,,,,,,,,,,,,,0,,
TCA,Turks and Caicos Islands,Latin America & Caribbean,country,2016,38315.0,18.1847840271434,73.1371525512202,8.67806342163644,,,,,,,,,,,,,,,,,,,,,,,,,,,0,,
TCA,Turks and Caicos Islands,Latin America & Caribbean,country,2017,39913.0,17.6724083933605,73.2439711869715,9.08362041966802,,,,,,,,,,,,,,,,,,,,,,,,,,,0,,
TCA,Turks and Caicos Islands,Latin America & Caribbean,country,2018,41559.0,17.2371476352611,73.2906625600058,9.47218980473309,,,,,,,,,,,,,,,,,,,,,,,,,,,0,,
TCA,Turks and Caicos Islands,Latin America & Caribbean,country,2019,43166.0,16.8908039985637,73.2946450290162,9.8145509724201,,,,,,,,,,,,,,,,,,,,,,,,,,,0,,
TCA,Turks and Caicos Islands,Latin America & Caribbean,country,2020,44386.0,16.675490869766,73.24689369276,10.077615437474,,,,,,,,,,,,,,,,,,,,,,,,,,,0,,
TCA,Turks and Caicos Islands,Latin America & Caribbean,country,2021,45243.0,16.522815432051,73.1464188225933,10.3307657453557,,,,,,,,,,,,,,,,,,,,,,,,,,,0,,
TCA,Turks and Caicos Islands,Latin America & Caribbean,country,2022,45847.0,16.3705763673047,73.0236108839086,10.6058127487867,,,,,,,,,,,,,,,,,,,,,,,,,,,0,,
TCA,Turks and Caicos Islands,Latin America & Caribbean,country,2023,46198.0,16.2182345556085,72.8830252391878,10.8987402052037,,,,,,,,,,,,,,,,,,,,,,,,,,,0,,
TCA,Turks and Caicos Islands,Latin America & Caribbean,country,2024,46535.0,16.0708721486209,72.6772609569244,11.2518668944547,,,,,,,,,,,,,,,,,,,,,,,,,,,0,,
TCA,Turks and Caicos Islands,Latin America & Caribbean,country,2025,46855.0,15.9749863940497,72.3463061178755,11.6787074880748,,,,,,,,,,,,,,,,,,,,,,,,,,,0,,
TCD,Chad,Sub-Saharan Africa,country,2013,13691079.0,48.6137670882709,49.2853284505433,2.10090446118584,62.606,0.955,1.362,4404538.0,4362475,31.8636,73.6629058434116,7.12744010342646,19.2096769756929,,,,,,,,,,,,,,,,,,0,,
TCD,Chad,Sub-Saharan Africa,country,2014,14188678.0,48.507822627738,49.4190350426222,2.07314232963979,62.085,0.984,1.39,4535967.0,4491333,31.6543,72.9998492657774,7.56737007077384,19.4327806634488,,,,,,,,,,,,,,,,,,0,,
TCD,Chad,Sub-Saharan Africa,country,2015,14647621.0,48.5266754239477,49.4139321327334,2.05939244331895,61.561,1.032,1.426,4641464.0,4593564,31.3605,72.3825875848713,7.93112463870717,19.6862877764215,,,,,,,,,,,,,,,,,,0,,
TCD,Chad,Sub-Saharan Africa,country,2016,15114655.0,48.5126785890912,49.4357231441935,2.05159826671532,61.035,1.091,1.463,4749824.0,4698003,31.0824,71.8520905673775,8.05075284435895,20.097177873994,,,,,,,,,,,,,,,,,,0,,
TCD,Chad,Sub-Saharan Africa,country,2017,15622759.0,48.3988071505168,49.5536991897526,2.04749365973065,60.505,1.132,1.493,4877629.0,4822414,30.8679,71.127658802366,8.4324795097902,20.4398616878438,,,,,,,,,,,,,,,,,,0,,
TCD,Chad,Sub-Saharan Africa,country,2018,16156531.0,48.2481371851463,49.7052074391838,2.04665537566992,59.974,1.135,1.512,5014610.0,4957694,30.6854,70.3853027436331,8.92529943562084,20.6894179915525,0.2247,2.0872,0.6129,1.217,13.4534,71.9645,7.4982,0.8982,2.0439,4.1418,2.3119,95.8582,0.3468,0.15,60335,205338,ISCO-08,9,,
TCD,Chad,Sub-Saharan Africa,country,2019,16685223.0,48.1220928242913,49.8294508859726,2.04845628973613,59.944,1.077,1.494,5188719.0,5132836,30.7628,70.2043893743242,8.88991495952541,20.9056761837965,,,,,,,,,,,,,,,,,,0,,
TCD,Chad,Sub-Saharan Africa,country,2020,17224679.0,47.9659011352258,49.9863654933715,2.04773337140274,59.374,1.695,1.877,5321517.0,5231317,30.3711,71.6689583086822,8.78964026158554,19.5413823141309,,,,,,,,,,,,,,,,,,0,,
TCD,Chad,Sub-Saharan Africa,country,2021,17828273.0,47.6821746087752,50.2705463880168,2.04727900320802,59.34,1.53,2.018,5534858.0,5450175,30.5704,72.1110082394002,8.58946371056671,19.2995280500331,,,,,,,,,,,,,,,,,,0,,
TCD,Chad,Sub-Saharan Africa,country,2022,18455316.0,47.403703285376,50.5407859323781,2.05551078224591,59.786,1.081,1.459,5803315.0,5740581,31.1053,72.1975460302241,8.68165494194311,19.1207990278327,0.2243,1.7287,1.0073,0.9318,16.8559,68.5682,6.5734,0.6255,3.485,3.8921,1.953,96.108,0.3838,0.1565,53491,223429,ISCO-08,9,,
TCD,Chad,Sub-Saharan Africa,country,2023,19319064.0,46.737173705724,51.1880518642104,2.07477443006556,59.702,1.059,1.452,6143264.0,6078207,31.4622,71.9284339110386,8.62912059617787,19.4424454927835,,,,,,,,,,,,,,,,,,0,,
TCD,Chad,Sub-Saharan Africa,country,2024,20299123.0,46.0646280137324,51.8348354261413,2.10053656012627,59.595,1.053,1.452,6524704.0,6455999,31.8043,71.8706625128503,8.55703104876015,19.5723064383895,,,,,,,,,,,,,,,,,,0,,
TCD,Chad,Sub-Saharan Africa,country,2025,21003705.0,45.961619628537,51.9194327857871,2.11894758567596,59.44,1.057,1.457,6746477.0,6675167,31.7809,71.7359655462114,8.50213868045393,19.7618957733346,,,,,,,,,,,,,,,,,,0,,
TGO,Togo,Sub-Saharan Africa,country,2013,6798848.0,43.2724338005497,53.3035596618721,3.42406537107463,58.179,2.084,3.698,2243862.0,2197100,32.3158,35.7123670832228,18.9311533283298,45.3564383275644,,,,,,,,,,,,,,,,,,0,,
TGO,Togo,Sub-Saharan Africa,country,2014,6937644.0,42.7650654890911,53.8079642022566,3.42702796511323,58.162,2.141,3.996,2309473.0,2260027,32.5763,35.2353915725043,19.0656575305715,45.6989508969242,,,,,,,,,,,,,,,,,,0,,
TGO,Togo,Sub-Saharan Africa,country,2015,7071502.0,42.100108293825,54.4386185565669,3.4612448670735,58.138,2.204,4.315,2380396.0,2327932,32.9199,34.6188919922154,19.1732518697063,46.2078169326623,1.7214,6.9593,7.1051,5.1562,40.1401,21.4721,12.6947,0.2587,4.4924,20.942,8.6807,79.058,18.2241,0.3286,120033,487516,ISCO-08,9,,
TGO,Togo,Sub-Saharan Africa,country,2016,7200884.0,41.311400100321,55.1637826689057,3.52480334358948,58.109,2.968,6.813,2455743.0,2382857,33.0912,34.2945536790827,19.2230086363589,46.4824376845583,,,,,,,,,,,,,,,,,,0,,
TGO,Togo,Sub-Saharan Africa,country,2017,7324386.0,40.4289588233061,55.9641449808899,3.60684158371773,58.074,3.744,9.282,2533890.0,2439021,33.3,33.7922824314542,19.3320800168049,46.875599770897,3.6311,6.3362,4.166,1.3659,26.8106,32.7704,13.5183,3.9204,7.481,15.4992,9.9673,84.5007,9.0724,0.2581,33315,378029,ISCO-08,9,,
TGO,Togo,Sub-Saharan Africa,country,2018,7458206.0,39.875688603935,56.4673729848706,3.65692500314419,58.033,2.9,6.232,2602312.0,2526845,33.8801,38.4080204077315,18.0449326076538,43.5470834582556,,,,,,,,,,,,,,,,,,0,,
TGO,Togo,Sub-Saharan Africa,country,2019,7619925.0,40.0985049065444,56.267732293953,3.63365781159263,57.987,2.036,3.076,2646782.0,2592894,34.0278,42.5990382357115,16.5448528145708,40.8561441611217,,,,,,,,,,,,,,,,,,0,,
TGO,Togo,Sub-Saharan Africa,country,2020,7788054.0,40.686646497315,55.7243953367555,3.5890095266417,57.436,2.231,3.695,2653176.0,2593984,33.3072,42.7444852902948,17.0301777892081,40.2253369204971,,,,,,,,,,,,,,,,,,0,,
TGO,Togo,Sub-Saharan Africa,country,2021,7936176.0,41.1502970700247,55.2735977629528,3.57621857176555,57.713,2.344,3.778,2695442.0,2632261,33.1679,41.7112383890425,17.5407628457423,40.7479987652152,,,,,,,,,,,,,,,,,,0,,
TGO,Togo,Sub-Saharan Africa,country,2022,8068616.0,41.2971815736429,55.0884810976257,3.61433732873147,57.936,1.965,3.417,2744142.0,2690220,33.3418,39.668303291112,18.2375842153113,42.0941124935767,0.8066,4.243,1.7018,1.2778,30.9485,39.9753,13.1927,3.456,4.3983,8.0292,5.0496,91.9708,3.2676,0.2271,34376,216003,ISCO-08,9,,
TGO,Togo,Sub-Saharan Africa,country,2023,8223850.0,41.1263216133563,55.2688461000626,3.60486876584568,57.921,1.942,3.395,2804353.0,2749892,33.438,38.805696721505,18.1832060347853,43.0110972437097,,,,,,,,,,,,,,,,,,0,,
TGO,Togo,Sub-Saharan Africa,country,2024,8406558.0,40.8122563360652,55.6580112811926,3.52969669631733,57.886,1.948,3.4,2880204.0,2824098,33.594,38.2832342067192,18.1148031628662,43.6019626304146,,,,,,,,,,,,,,,,,,0,,
TGO,Togo,Sub-Saharan Africa,country,2025,8591626.0,40.4253513828465,56.0978678541175,3.4768505984781,57.845,1.995,3.436,2960760.0,2901693,33.7735,37.5921529780437,18.1606112012815,44.2472358206748,,,,,,,,,,,,,,,,,,0,,
THA,Thailand,East Asia & Pacific,country,2013,69845114.0,18.8099541307216,71.6876647113235,9.50238115795486,69.97,0.249,1.231,39678084.0,39579286,56.6672,39.3005358547268,21.2596461834777,39.4398179617955,3.7566,4.9917,3.8289,3.3306,17.9547,35.9577,11.1618,8.2541,10.7638,15.9078,8.7483,84.0921,9.4667,0.2438,1318228,6296194,ISCO-08,9,,
THA,Thailand,East Asia & Pacific,country,2014,70216367.0,18.4502177280848,71.6555591067219,9.89422316519326,69.794,0.576,3.113,39964948.0,39734750,56.589,33.4930302024769,23.5536913558203,42.9532784417028,3.9789,5.624,4.5809,3.9652,19.1315,30.6634,11.8033,9.5431,10.7097,18.149,9.6029,81.851,12.6426,0.2626,1575562,7211460,ISCO-08,9,,
THA,Thailand,East Asia & Pacific,country,2015,70540795.0,18.10770407317,71.5683231839936,10.3239727428364,69.269,0.597,3.094,40014953.0,39776064,56.3873,32.3345065204086,23.7199822557498,43.94552128009,3.9735,5.8344,4.5363,3.9168,19.4259,29.5446,11.7907,9.9926,10.9852,18.261,9.8079,81.739,12.533,0.2646,1557949,7263507,ISCO-08,9,,
THA,Thailand,East Asia & Pacific,country,2016,70859841.0,17.7345182179105,71.4840033899878,10.7814783921017,68.315,0.688,3.714,39822992.0,39549010,55.813,31.2290600430982,23.7258928161447,45.0450446122349,3.907,5.8335,4.5438,4.1334,20.2732,28.4901,11.9122,9.8073,11.0995,18.4177,9.7405,81.5823,12.5194,0.2682,1634719,7284018,ISCO-08,9,,
THA,Thailand,East Asia & Pacific,country,2017,71160187.0,17.3369766439765,71.3970271044959,11.2659962515276,67.525,0.83,4.373,39720340.0,39390661,55.3549,31.5296819916623,22.9001965786271,45.5701188910502,3.8152,5.7522,4.6737,4.1625,20.4584,28.7524,11.4006,9.7193,11.2656,18.4036,9.5674,81.5963,12.0856,0.2683,1639636,7249300,ISCO-08,9,,
THA,Thailand,East Asia & Pacific,country,2018,71376079.0,16.9415128347237,71.2751569841428,11.7833301811334,67.798,0.765,4.011,40193292.0,39885813,55.8812,32.1983100446982,22.8486643164464,44.9530256388553,3.6874,5.5685,4.583,4.2223,20.2556,29.3365,11.2974,9.743,11.3061,18.0612,9.2559,81.9386,11.7974,0.266,1684099,7203856,ISCO-08,9,,
THA,Thailand,East Asia & Pacific,country,2019,71522271.0,16.5514326299846,71.119813854904,12.3287535151114,66.94,0.716,4.19,39952678.0,39666617,55.4605,31.4905856675213,22.8893483662012,45.6200634452476,3.6716,5.6394,4.5024,4.519,20.171,28.8549,11.298,9.923,11.4206,18.3324,9.311,81.6675,12.6881,0.2682,1792534,7271843,ISCO-08,9,,
THA,Thailand,East Asia & Pacific,country,2020,71641484.0,16.1671338087241,70.9348809059768,12.8979852852991,67.021,1.099,5.199,40252215.0,39809843,55.5681,31.3894710294934,22.6027550384991,46.0077764439411,4.3156,6.0419,4.741,4.3695,19.9369,28.767,11.0791,9.63,11.1191,19.468,10.3575,80.5321,13.246,0.2727,1739491,7750180,ISCO-08,9,,
THA,Thailand,East Asia & Pacific,country,2021,71727332.0,15.7908306139144,70.7171395974968,13.4920297885888,66.952,1.215,5.858,40439671.0,39948329,55.6947,31.8973264305607,22.2725385292104,45.8301350402289,3.3753,5.6907,4.61,4.4508,20.4108,29.2606,11.0359,9.7604,11.4055,18.1268,9.066,81.8732,12.5332,0.2675,1778020,7241354,ISCO-08,9,,
THA,Thailand,East Asia & Pacific,country,2022,71735329.0,15.4329660912268,70.4702497426338,14.0967841661394,67.18,0.94,5.208,40754371.0,40371280,56.2781,30.4232397167292,22.2352690912822,47.3414812840193,3.2957,6.0149,4.9126,4.8046,20.6829,27.8952,10.6723,10.1967,11.5252,19.0278,9.3106,80.9723,14.228,0.2744,1939679,7681766,ISCO-08,9,,
THA,Thailand,East Asia & Pacific,country,2023,71702435.0,15.0896793114488,70.1920646070109,14.7182560815403,67.814,0.733,4.491,41287040.0,40984406,57.159,30.2203833465474,21.9241712091058,47.8554430043835,3.2885,5.7121,4.6894,4.6911,21.4563,27.801,10.7101,10.1944,11.4572,18.3811,9.0006,81.619,12.5204,0.2725,1922619,7533385,ISCO-08,9,,
THA,Thailand,East Asia & Pacific,country,2024,71668011.0,14.7494821643648,69.887763454186,15.3627543814492,67.129,0.781,4.66,41014040.0,40693720,56.7809,28.9863358878798,22.2543475044884,48.7593092354398,3.2916,5.5418,4.7229,4.573,21.8022,26.2939,10.8654,10.7021,12.2071,18.1293,8.8334,81.8707,12.5405,0.2726,1860924,7377487,ISCO-08,9,,
THA,Thailand,East Asia & Pacific,country,2025,71619863.0,14.4141877233136,69.5683912436415,16.017421033045,66.678,0.781,4.531,40871242.0,40552038,56.6212,28.5567111694664,22.2373264328915,49.2059648636357,3.3124,5.655,4.7023,4.6919,21.8822,25.6707,10.4155,11.0846,12.5853,18.3616,8.9674,81.6383,12.4889,0.2746,1902661,7446003,ISCO-08,9,,
TJK,Tajikistan,Europe & Central Asia,country,2013,8216724.0,36.5064614867471,60.5271432098208,2.96639530343208,40.9,7.019,13.44,2133789.0,1984018,24.1461,49.9710186418176,15.5948436367522,34.4341377214302,,,,,,,,,,,,,,,,,,0,,
TJK,Tajikistan,Europe & Central Asia,country,2014,8425552.0,36.3702995364577,60.6802913328409,2.94940913070147,40.501,7.024,13.578,2171321.0,2018807,23.9605,49.2044291614532,15.5335193842685,35.2620514542783,,,,,,,,,,,,,,,,,,0,,
TJK,Tajikistan,Europe & Central Asia,country,2015,8643840.0,36.3116103491041,60.7331753017178,2.95521434917814,40.103,7.033,13.722,2207719.0,2052450,23.7447,48.4380161504229,15.5429061991158,36.0190776504613,,,,,,,,,,,,,,,,,,0,,
TJK,Tajikistan,Europe & Central Asia,country,2016,8865631.0,36.2734305093456,60.7416550497082,2.98491444094617,39.706,7.036,13.854,2243295.0,2085457,23.5229,47.4951809193176,15.5487038830762,36.9561631486579,3.8626,13.7397,5.8111,1.2159,13.0998,2.8269,18.8403,7.8998,32.7039,24.6293,17.6023,75.3707,12.2931,0.2936,25357,513633,ISCO-08,9,,
TJK,Tajikistan,Europe & Central Asia,country,2017,9085946.0,36.2279337781669,60.7364494572167,3.03561676461647,38.877,7.035,13.956,2252648.0,2094174,23.0485,46.6144804932171,15.5241052656209,37.8614619928,,,,,,,,,,,,,,,,,,0,,
TJK,Tajikistan,Europe & Central Asia,country,2018,9307333.0,36.2464467533288,60.6510909193858,3.10246232728538,37.981,7.028,14.055,2253700.0,2095310,22.5125,45.7589738474469,15.5001496217933,38.7409242570097,,,,,,,,,,,,,,,,,,0,,
TJK,Tajikistan,Europe & Central Asia,country,2019,9529966.0,36.3201453184618,60.4935946256262,3.18626005591206,37.139,7.026,14.159,2253843.0,2095488,21.9884,45.0248100946878,15.8420018343913,39.1331880709209,,,,,,,,,,,,,,,,,,0,,
TJK,Tajikistan,Europe & Central Asia,country,2020,9749310.0,36.4444747143913,60.2954588429613,3.26006644264741,36.787,7.576,15.66,2279405.0,2106717,21.6089,46.69021699402,15.7600012151741,37.5497817908059,,,,,,,,,,,,,,,,,,0,,
TJK,Tajikistan,Europe & Central Asia,country,2021,9966908.0,36.5560594842423,60.1041285770808,3.33981193867687,37.071,7.687,15.122,2344147.0,2163952,21.7114,46.7764735457474,15.9600754350431,37.2634510192095,,,,,,,,,,,,,,,,,,0,,
TJK,Tajikistan,Europe & Central Asia,country,2022,10182222.0,36.5901421123994,59.9369813386508,3.47287654894973,37.828,7.051,14.479,2442377.0,2270165,22.2954,45.927873583851,16.404180687381,37.6679897786625,,,,,,,,,,,,,,,,,,0,,
TJK,Tajikistan,Europe & Central Asia,country,2023,10389799.0,36.5062325318436,59.8437111172079,3.65005635094848,38.094,7.037,14.511,2513014.0,2336173,22.4853,45.0625065545736,16.8133535660091,38.1241398794172,,,,,,,,,,,,,,,,,,0,,
TJK,Tajikistan,Europe & Central Asia,country,2024,10590927.0,36.2614039233108,59.8869268059856,3.85166927070363,38.347,7.041,14.556,2588617.0,2406352,22.7209,44.1181384030014,17.2753166187659,38.6065449782327,,,,,,,,,,,,,,,,,,0,,
TJK,Tajikistan,Europe & Central Asia,country,2025,10786734.0,35.8670954464574,60.0650743804879,4.06783017305471,38.276,6.931,14.594,2647875.0,2464351,22.8461,43.2727474884624,17.6553679767336,39.071884534804,,,,,,,,,,,,,,,,,,0,,
TKM,Turkmenistan,Europe & Central Asia,country,2013,5939341.0,29.612106797707,66.821369576187,3.56652362610599,44.271,3.993,8.932,1850783.0,1776881,29.9171,27.5487296660748,28.3230579184476,44.1282124154776,,,,,,,,,,,,,,,,,,0,,
TKM,Turkmenistan,Europe & Central Asia,country,2014,6075283.0,29.6146862623519,66.8288374385193,3.55647629912878,43.776,4.005,9.066,1871909.0,1796939,29.5779,26.6353317242918,28.5428083135171,44.821859962191,,,,,,,,,,,,,,,,,,0,,
TKM,Turkmenistan,Europe & Central Asia,country,2015,6215770.0,29.7155943672304,66.7187894661482,3.56561616662135,43.535,4.016,8.916,1901921.0,1825540,29.3695,25.9941277006004,28.4363907270257,45.5695363512862,,,,,,,,,,,,,,,,,,0,,
TKM,Turkmenistan,Europe & Central Asia,country,2016,6360041.0,29.9031798694379,66.5059234681034,3.59089666245862,43.325,4.026,8.788,1931509.0,1853746,29.1468,25.3910173626058,28.4398577157487,46.1691249216455,,,,,,,,,,,,,,,,,,0,,
TKM,Turkmenistan,Europe & Central Asia,country,2017,6507061.0,30.1697110262221,66.2029908740674,3.62729809971045,43.115,4.035,8.561,1959102.0,1880052,28.8925,24.7810807374985,28.3939466955598,46.8249725669417,,,,,,,,,,,,,,,,,,0,,
TKM,Turkmenistan,Europe & Central Asia,country,2018,6655524.0,30.5019184064245,65.8261242841285,3.67195730944701,42.931,4.036,8.454,1985757.0,1905612,28.632,24.2000173170623,28.390484011891,47.4094986710467,,,,,,,,,,,,,,,,,,0,,
TKM,Turkmenistan,Europe & Central Asia,country,2019,6803944.0,30.8693214649238,65.4019223701781,3.72875616489817,42.756,4.035,8.483,2011076.0,1929929,28.3649,23.6233446792679,28.4035083446767,47.9731469760554,,,,,,,,,,,,,,,,,,0,,
TKM,Turkmenistan,Europe & Central Asia,country,2020,6949912.0,31.2273090652083,64.974966589505,3.79772434528667,41.547,4.489,10.155,1985797.0,1896655,27.2903,23.8504857778113,28.5603187516509,47.5891954705378,,,,,,,,,,,,,,,,,,0,,
TKM,Turkmenistan,Europe & Central Asia,country,2021,7092043.0,31.527704250545,64.5856656124571,3.88663013699789,41.701,4.458,10.227,2025036.0,1934760,27.2807,23.3792405513415,28.8195715050662,47.8011879435923,,,,,,,,,,,,,,,,,,0,,
TKM,Turkmenistan,Europe & Central Asia,country,2022,7230193.0,31.6897972156483,64.2655251388172,4.0446776455345,42.202,4.017,9.109,2084340.0,2000612,27.6702,22.8195611805488,29.0434095856483,48.1369792486735,,,,,,,,,,,,,,,,,,0,,
TKM,Turkmenistan,Europe & Central Asia,country,2023,7364438.0,31.6704546905005,64.0571622709024,4.27238303859711,41.992,4.007,9.198,2113074.0,2028403,27.5432,22.2639025833169,29.074295010846,48.6618024058371,,,,,,,,,,,,,,,,,,0,,
TKM,Turkmenistan,Europe & Central Asia,country,2024,7494498.0,31.5068646687967,63.9628922468928,4.53024308431045,42.169,4.02,9.335,2164626.0,2077608,27.7218,22.2215537100341,28.6885908715035,49.08990355134,,,,,,,,,,,,,,,,,,0,,
TKM,Turkmenistan,Europe & Central Asia,country,2025,7618847.0,31.2185274741357,63.97368499632,4.80778752954433,42.031,4.267,10.023,2202574.0,2108590,27.676,21.9331854636199,28.5666928924369,49.5001690684825,,,,,,,,,,,,,,,,,,0,,
TLS,Timor-Leste,East Asia & Pacific,country,2013,1158695.0,40.3963510673646,54.5890419825752,5.0146069500602,67.163,3.57,9.084,463844.0,447285,38.6025,47.9688610866425,11.2590154844998,40.7721234288576,3.1746,5.1872,2.3888,1.7341,10.5305,66.4181,5.426,3.4962,1.6445,12.4847,8.3618,87.5153,3.9385,0.1897,7756,55842,ISCO-08,9,,
TLS,Timor-Leste,East Asia & Pacific,country,2014,1181903.0,39.7826472296596,55.0785237542659,5.13882901607449,66.98,3.618,8.842,476704.0,459457,38.8743,46.6933649650129,11.9393629408756,41.3672720941115,,,,,,,,,,,,,,,,,,0,,
TLS,Timor-Leste,East Asia & Pacific,country,2015,1205131.0,39.1229919722454,55.6162128365245,5.26079519123017,66.882,3.678,8.568,490678.0,472631,39.2182,45.3768177576915,12.4198895962795,42.2032926460289,3.7711,5.8563,2.4921,2.688,15.0897,60.5893,3.6239,2.128,3.7615,14.8075,9.6274,85.1924,6.4142,0.2151,12704,69985,ISCO-08,9,,
TLS,Timor-Leste,East Asia & Pacific,country,2016,1228312.0,38.4458665411828,56.1642140450529,5.38991941376434,66.823,4.657,13.065,505233.0,481704,39.2167,44.1140202281899,13.1373208443359,42.7484513311079,1.886,4.8625,0.6202,4.1075,20.2936,54.4343,3.0852,1.7464,8.9643,11.4762,6.7485,88.5238,3.944,0.2163,19786,55281,ISCO-08,9,,
TLS,Timor-Leste,East Asia & Pacific,country,2017,1251703.0,37.7850816048216,56.7203242302687,5.49459416490973,67.058,4.254,11.493,522211.0,499996,39.9453,43.7562375623756,11.7713177131771,44.4724447244472,,,,,,,,,,,,,,,,,,0,,
TLS,Timor-Leste,East Asia & Pacific,country,2018,1275959.0,37.1670249592659,57.2835020561005,5.54947298463352,67.204,3.765,9.775,538790.0,518505,40.6365,43.0663156575154,10.8961340777813,46.0375502647033,,,,,,,,,,,,,,,,,,0,,
TLS,Timor-Leste,East Asia & Pacific,country,2019,1300945.0,36.5772713593854,57.8625759976694,5.56015264294518,66.51,3.148,7.968,548771.0,531496,40.8546,39.7972872541586,12.8214776920023,47.3812350538391,,,,,,,,,,,,,,,,,,0,,
TLS,Timor-Leste,East Asia & Pacific,country,2020,1326053.0,36.0057493909559,58.4586142263491,5.53563638269497,65.922,2.808,6.786,559412.0,543704,41.0017,39.3611170886833,11.8515943564362,48.7874724801775,,,,,,,,,,,,,,,,,,0,,
TLS,Timor-Leste,East Asia & Pacific,country,2021,1350139.0,35.4378087877651,59.0810127997979,5.48117841243695,66.473,2.344,4.791,579432.0,565850,41.9105,37.8435790720074,11.52188320123,50.6345377267626,1.6039,16.9857,3.0791,0.1572,22.6801,37.2561,6.9377,3.7933,7.5068,21.8259,18.5896,78.174,7.4371,0.2836,890,123502,ISCO-08,9,,
TLS,Timor-Leste,East Asia & Pacific,country,2022,1369295.0,34.8343363430319,59.7604023382827,5.40526131868541,66.56,1.537,3.212,593922.0,584793,42.7076,48.2720351851599,4.14181452550651,47.5863212903049,0.6189,5.6927,2.4627,0.7682,16.9653,56.2422,3.9613,7.9832,5.3055,9.5425,6.3116,90.4575,3.6658,0.1961,4492,55804,ISCO-08,9,,
TLS,Timor-Leste,East Asia & Pacific,country,2023,1384286.0,34.2297762167645,60.4360659574683,5.33415782576722,66.577,1.525,3.198,606149.0,596905,43.1201,48.3871832415824,3.10149336746489,48.5113233909527,,,,,,,,,,,,,,,,,,0,,
TLS,Timor-Leste,East Asia & Pacific,country,2024,1400638.0,33.6584470791168,61.0638509022317,5.2777020186515,66.763,1.523,3.22,620365.0,610917,43.6171,46.3461425138644,3.82114726083455,49.832710225301,,,,,,,,,,,,,,,,,,0,,
TLS,Timor-Leste,East Asia & Pacific,country,2025,1418517.0,33.1150655525928,61.6556369590083,5.22929748839898,66.98,1.592,3.717,635489.0,625372,44.0863,46.0185778910624,3.80416619361111,50.1772559153265,,,,,,,,,,,,,,,,,,0,,
TON,Tonga,East Asia & Pacific,country,2013,107078.0,37.0880904018118,56.92652518036,5.98538441782821,55.639,1.75,5.052,37481.0,36825,34.3908,32.0841819416157,25.439239646979,42.4765784114053,,,,,,,,,,,,,,,,,,0,,
TON,Tonga,East Asia & Pacific,country,2014,106609.0,36.9462240523783,57.0566274892364,5.99714845838531,55.364,1.914,5.498,37216.0,36504,34.241,31.9006136313829,25.7204689896998,42.3789173789174,,,,,,,,,,,,,,,,,,0,,
TON,Tonga,East Asia & Pacific,country,2015,106095.0,36.7307601677742,57.2609453791413,6.0082944530845,55.04,2.022,5.832,36946.0,36199,34.1194,32.0146965385784,25.7244675267273,42.2608359346943,,,,,,,,,,,,,,,,,,0,,
TON,Tonga,East Asia & Pacific,country,2016,105524.0,36.511599257041,57.4594405064251,6.02896023653387,54.687,2.048,6.01,36638.0,35888,34.0093,32.1583816317432,25.5545028979046,42.2871154703522,4.5581,11.4318,5.2073,4.5665,8.5485,31.5273,23.8078,2.2566,8.0961,25.7637,15.9899,74.2363,20.5137,0.2808,1639,9246,ISCO-08,9,,
TON,Tonga,East Asia & Pacific,country,2017,105356.0,36.3773130021688,57.5541855906906,6.06850140714059,54.349,2.137,6.318,36431.0,35652,33.8396,31.5017390328733,26.0069561314933,42.4884999439022,,,,,,,,,,,,,,,,,,0,,
TON,Tonga,East Asia & Pacific,country,2018,105567.0,36.2065617407037,57.6470755400624,6.14636271923385,53.995,2.248,6.679,36363.0,35546,33.6715,31.0957940638627,26.1021240680827,42.8020818680546,3.6326,12.3977,5.309,5.3059,11.5702,29.5354,23.6575,3.0545,5.5371,26.6452,16.0303,73.3547,23.5665,0.2965,1886,9471,ISCO-08,9,,
TON,Tonga,East Asia & Pacific,country,2019,105669.0,35.9919371247143,57.7725833849881,6.23547949029758,53.468,2.165,6.473,36164.0,35381,33.4829,29.5893276052118,26.3729120149233,44.0377603798649,,,,,,,,,,,,,,,,,,0,,
TON,Tonga,East Asia & Pacific,country,2020,105704.0,35.7722308154413,57.8925957986254,6.3351733859333,52.389,2.712,7.992,35568.0,34603,32.7358,28.662254717799,26.7809149495708,44.5539404097911,,,,,,,,,,,,,,,,,,0,,
TON,Tonga,East Asia & Pacific,country,2021,105490.0,35.6514155437271,57.926618289024,6.42196616724887,51.935,2.111,6.375,35255.0,34511,32.7149,26.7226890756303,27.4442190669371,45.8330918574326,2.8683,11.2631,5.7528,5.672,13.714,21.0234,24.9152,3.0083,11.7829,25.5562,14.1314,74.4438,21.0883,0.3002,1957,8820,ISCO-08,9,,
TON,Tonga,East Asia & Pacific,country,2022,105042.0,35.6419337027094,57.8573332571733,6.50073304011729,51.378,2.002,6.147,34733.0,34038,32.4042,25.9100390751241,24.8964362311602,49.1935246937157,,,,,,,,,,,,,,,,,,0,,
TON,Tonga,East Asia & Pacific,country,2023,104597.0,35.623700375248,57.7738473672889,6.60245225746313,50.601,1.652,4.632,34073.0,33510,32.0372,24.7806624888093,23.0378991345867,52.181438376604,5.7457,15.9065,8.48,5.4138,12.9377,21.4025,19.9135,3.3433,6.8571,35.546,21.6522,64.4541,27.2329,0.3481,1814,11911,ISCO-08,9,,
TON,Tonga,East Asia & Pacific,country,2024,104175.0,35.4032378054341,57.8811716766418,6.71559051792408,50.196,1.965,5.986,33779.0,33115,31.7879,24.2367507171976,23.2885399365846,52.4747093462177,,,,,,,,,,,,,,,,,,0,,
TON,Tonga,East Asia & Pacific,country,2025,103742.0,34.9198010448998,58.2295502303792,6.85064872472094,49.808,2.008,6.029,33628.0,32953,31.7644,23.6093830607228,23.3393014293084,53.0482808848967,,,,,,,,,,,,,,,,,,0,,
TTO,Trinidad and Tobago,Latin America & Caribbean,country,2013,1340557.0,19.850239230724,72.9691934254201,7.18056734385585,63.669,2.683,6.275,684094.0,665740,49.6614,4.93864995695234,27.6931870663162,67.3681629767315,9.2171,4.8695,13.4194,10.8045,15.0719,2.496,15.3608,9.1738,19.587,38.3105,14.0866,61.6895,35.2098,0.3776,71930,255048,ISCO-88,9,,
TTO,Trinidad and Tobago,Latin America & Caribbean,country,2014,1345343.0,19.7278365865509,72.6961227725935,7.57604064085554,63.902,2.477,5.882,690101.0,673007,50.0249,5.05217168690799,27.1859641423391,67.7620048331603,9.242,5.3969,13.2352,11.1239,15.6463,2.4566,15.1848,8.9846,18.7296,38.998,14.6389,61.0019,35.3138,0.3834,74865,262459,ISCO-88,9,,
TTO,Trinidad and Tobago,Latin America & Caribbean,country,2015,1349667.0,19.6026276449887,72.3901010958317,8.0072712591796,63.045,2.428,5.869,684099.0,667489,49.4558,4.79258539290711,27.0331526652434,68.1744034203851,10.4102,5.634,12.5757,10.6474,14.995,2.1852,15.3922,9.0413,19.119,39.2673,16.0442,60.7327,33.187,0.3817,71070,262105,ISCO-88,9,,
TTO,Trinidad and Tobago,Latin America & Caribbean,country,2016,1353895.0,19.4729601273742,72.0634838896443,8.46355598298152,62.041,3.207,8.719,676403.0,654711,48.3576,4.55365044645748,26.4315779627724,69.0147715907701,10.5193,6.1518,13.4096,10.193,15.0467,2.1849,15.758,8.7688,17.9679,40.2737,16.6711,59.7263,35.5544,0.3861,66735,263676,ISCO-88,9,,
TTO,Trinidad and Tobago,Latin America & Caribbean,country,2017,1356633.0,19.3303560154035,71.738036153344,8.93160783125257,61.563,3.389,9.027,673740.0,650907,47.9796,4.52127966404781,25.9124182327899,69.5661578929152,,,,,,,,,,,,,,,,,,0,,
TTO,Trinidad and Tobago,Latin America & Caribbean,country,2018,1359193.0,19.0453911324475,71.6096737307283,9.34493513682419,61.148,3.497,9.164,672830.0,649301,47.7711,4.41212687178013,25.7960092416363,69.7920062408093,,,,,,,,,,,,,,,,,,0,,
TTO,Trinidad and Tobago,Latin America & Caribbean,country,2019,1363985.0,18.8380786776699,71.3159659881446,9.84595533418547,60.685,3.523,9.17,671805.0,648137,47.5179,4.32418872743197,25.5117355854471,70.1639339615555,10.6512,6.2208,14.0363,10.2457,15.2656,2.6887,15.268,7.51,18.1138,41.154,16.872,58.8461,34.4148,0.39,66406,266734,ISCO-88,9,,
TTO,Trinidad and Tobago,Latin America & Caribbean,country,2020,1366725.0,18.7459888381244,70.8098487296116,10.4441624322639,58.637,4.206,11.81,651175.0,623787,45.641,5.59802234770761,23.8787312135607,70.5232464387317,11.5046,6.3929,13.7057,10.11,15.287,3.6865,12.8021,7.7499,18.7613,41.7132,17.8975,58.2868,34.3999,0.3911,63065,260202,ISCO-88,9,,
TTO,Trinidad and Tobago,Latin America & Caribbean,country,2021,1367558.0,18.5453555530536,70.5391312530773,10.9155131938691,57.632,4.446,13.145,641986.0,613443,44.8568,5.37443956939749,24.3219389100674,70.3037713682898,10.8477,6.6651,14.7769,9.9795,15.1452,3.6697,12.8477,7.8163,18.2518,42.2692,17.5128,57.7307,38.2346,0.3939,61219,259297,ISCO-88,9,,
TTO,Trinidad and Tobago,Latin America & Caribbean,country,2022,1365805.0,18.2981192529153,70.343764696209,11.3581160508757,58.35,4.383,10.596,651121.0,622582,45.5835,4.50145917963308,24.2085966944815,71.2899441258854,11.3644,6.7093,14.581,9.8725,15.0876,2.9756,13.5135,6.8234,19.0726,42.5272,18.0737,57.4727,36.5371,0.3944,61464,264767,ISCO-88,9,,
TTO,Trinidad and Tobago,Latin America & Caribbean,country,2023,1367510.0,18.0270238350691,70.1190173211372,11.8539588437937,59.27,3.361,8.041,664410.0,642079,46.9524,4.62360166765392,24.8002584806891,70.5762815625611,11.3644,6.2737,13.3698,10.5478,14.368,3.1194,14.1979,6.4485,20.3105,41.5557,17.6381,58.4443,38.2605,0.389,67725,266820,ISCO-88,9,,
TTO,Trinidad and Tobago,Latin America & Caribbean,country,2024,1368333.0,17.7602988231385,69.8613492737509,12.3783519031106,58.153,3.318,7.993,654403.0,632690,46.238,4.65383473400204,24.2160056342311,71.1301596317669,11.0937,5.9853,14.3483,10.3136,15.2023,3.1133,13.6849,6.4181,19.8404,41.7409,17.079,58.259,34.7048,0.3911,65253,264091,ISCO-88,9,,
TTO,Trinidad and Tobago,Latin America & Caribbean,country,2025,1367764.0,17.4922823932687,69.5822400746449,12.9254775320864,57.75,3.329,8.216,651715.0,630019,46.062,4.49480655681181,24.180757682417,71.3244357607712,,,,,,,,,,,,,,,,,,0,,
TUN,Tunisia,"Middle East, North Africa, Afghanistan & Pakistan",country,2013,11141361.0,24.3632813066232,68.9347454469317,6.70197324644508,47.776,15.934,34.828,4026064.0,3384551,30.3783,15.4348230095424,33.2136723196893,51.3515046707682,,,,,,,,,,,,,,,,,,0,,
TUN,Tunisia,"Middle East, North Africa, Afghanistan & Pakistan",country,2014,11274288.0,24.5510093409003,68.64122151217,6.80776914692972,47.614,14.259,36.912,4050207.0,3472688,30.8018,14.9335654699976,33.3799065674883,51.6865279625141,3.2084,8.5925,5.2598,4.243,22.0323,9.6931,21.0753,7.4576,18.4378,21.3037,11.8009,78.6961,8.3028,0.2985,147346,739811,ISCO-08,9,,
TUN,Tunisia,"Middle East, North Africa, Afghanistan & Pakistan",country,2015,11402264.0,24.7048700152882,68.3260271819702,6.96910280274163,47.495,15.159,34.967,4077612.0,3459487,30.3404,14.7513622590013,33.104187268085,52.1444504729137,,,,,,,,,,,,,,,,,,0,,
TUN,Tunisia,"Middle East, North Africa, Afghanistan & Pakistan",country,2016,11528674.0,24.8604273509871,67.9779030952694,7.16166955374354,47.719,15.557,35.119,4133705.0,3490625,30.2778,14.7653884971909,33.3531673104354,51.8814728403907,,,,,,,,,,,,,,,,,,0,,
TUN,Tunisia,"Middle East, North Africa, Afghanistan & Pakistan",country,2017,11650498.0,24.9964068061122,67.6324579587732,7.37113523511462,47.488,15.33,35.315,4149640.0,3513500,30.1575,14.8123059811112,33.2897491995898,51.897944819299,,,,,,,,,,,,,,,,,,0,,
TUN,Tunisia,"Middle East, North Africa, Afghanistan & Pakistan",country,2018,11765514.0,25.0818610609846,67.2921528421048,7.62598609691059,48.61,15.459,34.877,4284730.0,3622354,30.7879,14.2906992312969,33.9512220708466,51.7580786978565,,,,,,,,,,,,,,,,,,0,,
TUN,Tunisia,"Middle East, North Africa, Afghanistan & Pakistan",country,2019,11875081.0,25.111470818599,66.9427854850001,7.94574369640089,49.68,17.153,37.867,4418079.0,3660246,30.8229,13.7052873898603,34.603551627941,51.6911609821987,4.641,10.5853,5.3392,4.613,18.4674,10.4117,14.4268,12.7765,18.7391,25.1785,15.2263,74.8215,8.7685,0.312,168847,921595,ISCO-08,9,,
TUN,Tunisia,"Middle East, North Africa, Afghanistan & Pakistan",country,2020,11974057.0,25.08334894347,66.6348757150563,8.28177534147365,45.506,17.651,41.242,4082144.0,3361605,28.0741,13.6011544512921,34.0489356695642,52.3499098791437,,,,,,,,,,,,,,,,,,0,,
TUN,Tunisia,"Middle East, North Africa, Afghanistan & Pakistan",country,2021,12048622.0,24.9611231491401,66.4809898392949,8.55788701156501,45.228,16.632,39.309,4089131.0,3409027,28.2939,12.8817883838825,33.9371526496456,53.1810296325456,4.1031,9.9996,5.4587,4.2819,17.3744,6.8915,15.571,13.769,22.5507,23.8433,14.1027,76.1566,9.4835,0.3043,145971,812825,ISCO-08,9,,
TUN,Tunisia,"Middle East, North Africa, Afghanistan & Pakistan",country,2022,12119334.0,24.7385633871698,66.4224604430598,8.83897616977039,46.404,15.3,37.826,4232595.0,3585008,29.5809,12.2726428299263,33.3252626640238,54.4020945060499,,,,,,,,,,,,,,,,,,0,,
TUN,Tunisia,"Middle East, North Africa, Afghanistan & Pakistan",country,2023,12200431.0,24.4349031603884,66.3988223039006,9.16627453571107,45.78,15.106,38.484,4220581.0,3583020,29.368,12.84771276379,33.3168762548639,53.8354109813461,,,,,,,,,,,,,,,,,,0,,
TUN,Tunisia,"Middle East, North Africa, Afghanistan & Pakistan",country,2024,12277109.0,24.03896145257,66.4314172009062,9.52962134652384,45.486,15.341,38.85,4241942.0,3591186,29.2511,12.7091643006954,33.2513457912072,54.0394899080975,,,,,,,,,,,,,,,,,,0,,
TUN,Tunisia,"Middle East, North Africa, Afghanistan & Pakistan",country,2025,12348573.0,23.5608681262199,66.5014815881965,9.9376502855836,45.219,15.108,38.075,4268286.0,3623433,29.3429,12.4585272316917,33.2794438026396,54.2620289656687,,,,,,,,,,,,,,,,,,0,,
TUR,Turkiye,Europe & Central Asia,country,2013,76147624.0,24.7039256858802,67.8629529763027,7.43312133781708,50.84,9.713,18.442,29149709.0,26318398,34.5623,21.7295159344578,28.8625238348854,49.4079602306569,5.0387,8.8568,5.2695,6.4019,17.8824,18.8718,13.6888,9.7359,14.2542,25.5669,13.8955,74.4331,17.8692,0.3096,1684878,6728798,ISCO-08,9,,
TUR,Turkiye,Europe & Central Asia,country,2014,77181884.0,24.2758055452092,68.1990081161611,7.52518633862966,50.512,9.901,17.698,29521920.0,26598955,34.4627,21.222512872229,28.9211378228255,49.8563381497761,5.1629,9.1881,5.3647,6.6777,18.3254,16.6755,14.2318,9.3057,15.0682,26.3934,14.351,73.6066,17.8266,0.3164,1776198,7020369,ISCO-08,9,,
TUR,Turkiye,Europe & Central Asia,country,2015,78218479.0,23.862729110196,68.5188387624971,7.61843212730696,51.3,10.304,18.299,30550902.0,27402937,35.0338,20.5502429665069,28.2848566246646,51.1649146782078,5.1896,9.6529,5.5385,6.9117,18.6449,15.9105,13.6884,9.1543,15.3092,27.2927,14.8425,72.7073,18.625,0.3226,1894009,7479001,ISCO-08,9,,
TUR,Turkiye,Europe & Central Asia,country,2016,79277962.0,23.5547704330919,68.6855786915971,7.75965087531105,52.0,10.899,19.369,31514194.0,28079462,35.419,19.6510699696138,27.8341440772129,52.5147859531733,5.153,10.2413,5.6292,7.1493,18.8558,14.8652,13.5582,9.2586,15.2894,28.1728,15.3943,71.8272,20.1718,0.3289,2007485,7910771,ISCO-08,9,,
TUR,Turkiye,Europe & Central Asia,country,2017,80312698.0,23.3213655170857,68.7322045337867,7.94642994912766,52.832,10.919,20.469,32535361.0,28982825,36.0875,19.5336685744718,27.590605625973,52.8757257995552,5.0273,10.1689,5.805,7.0373,19.0892,14.7344,13.6537,9.5051,14.9792,28.0385,15.1962,71.9616,19.149,0.3288,2039608,8126349,ISCO-08,9,,
TUR,Turkiye,Europe & Central Asia,country,2018,81407204.0,23.1214938912891,68.7066114748183,8.17189463389264,53.212,10.956,20.011,33302540.0,29653914,36.4266,18.5875285525291,27.7472550076012,53.6652229439553,5.1734,10.4316,5.9729,6.9961,19.4359,14.2893,13.5153,9.5649,14.6206,28.574,15.605,71.426,20.2055,0.3325,2074617,8473309,ISCO-08,9,,
TUR,Turkiye,Europe & Central Asia,country,2019,82579440.0,22.9618328859766,68.5155348426091,8.52263227141434,52.951,13.73,25.039,33686201.0,29061086,35.1917,18.2798017789929,26.3899076640693,55.3302838988809,5.3573,11.2417,6.1197,6.9404,20.2022,14.158,12.533,9.2284,14.2194,29.6591,16.599,70.341,19.9336,0.3396,2016956,8619257,ISCO-08,9,,
TUR,Turkiye,Europe & Central Asia,country,2020,83384680.0,22.769897603882,68.2662379795384,8.96386441657962,49.334,13.148,24.919,31770146.0,27593007,33.0912,17.7174904432592,27.3412119404712,54.9412870858126,5.6023,12.2981,6.1255,6.9889,19.356,13.6008,12.5975,9.0401,14.3906,31.0148,17.9004,68.985,19.5659,0.3453,1928448,8557916,ISCO-08,9,,
TUR,Turkiye,Europe & Central Asia,country,2021,84147318.0,22.5061384445013,68.1089016969559,9.38495985854274,51.359,11.969,22.36,33490693.0,29482192,35.0364,17.1660738349434,27.5652955589248,55.2686306061318,5.4355,12.1975,6.3166,6.9457,18.6463,12.8071,12.6221,9.533,15.4961,30.8953,17.633,69.1046,20.5526,0.3437,2047745,9108612,ISCO-08,9,,
TUR,Turkiye,Europe & Central Asia,country,2022,84979913.0,22.1897661942093,68.0907133995488,9.71952040624191,53.055,10.465,19.289,35081594.0,31410305,36.962,15.6680732596853,27.7083224176469,56.6236043226678,5.4542,12.1283,6.4749,6.997,19.3695,11.7307,12.8568,9.6689,15.3198,31.0544,17.5825,68.9457,21.3463,0.3468,2197779,9754282,ISCO-08,9,,
TUR,Turkiye,Europe & Central Asia,country,2023,85325965.0,21.8397289718795,68.1592433612863,10.0010276668343,53.313,9.388,17.306,35554975.0,32217074,37.7576,14.6426868701889,27.5933277392277,57.7639762862523,5.6968,12.5113,6.8279,7.0256,19.6602,11.0683,13.098,9.5461,14.5658,32.0616,18.2081,67.9384,21.9222,0.3529,2263443,10329309,ISCO-08,9,,
TUR,Turkiye,Europe & Central Asia,country,2024,85518661.0,21.4489074757866,68.2669114485188,10.2841810756946,54.2,8.8,16.287,36409307.0,33205288,38.8281,14.5510565552189,27.3689972281004,58.0799462166807,5.6337,12.4652,6.9986,7.0243,19.5561,11.1013,13.158,9.6144,14.4483,32.1218,18.0989,67.8781,21.2428,0.353,2332439,10666136,ISCO-08,9,,
TUR,Turkiye,Europe & Central Asia,country,2025,85878556.0,21.0229035096437,68.4061556592084,10.5709408311479,54.379,8.52,16.042,36882225.0,33739859,39.2879,14.2199829949572,27.290562456696,58.4894545483468,5.6527,13.0888,7.2128,7.1799,19.4119,10.8655,13.0176,9.3765,14.1945,33.1342,18.7415,66.866,20.4537,0.3585,2422488,11179432,ISCO-08,9,,
TUV,Tuvalu,East Asia & Pacific,country,2013,11001.0,32.3803463478933,62.2471705831553,5.37248306895141,,,,,,,,,,,,,,,,,,,,,,,,,,,0,,
TUV,Tuvalu,East Asia & Pacific,country,2014,10984.0,32.1103423160961,62.4772396212673,5.41241806263656,,,,,,,,,,,,,,,,,,,,,,,,,,,0,,
TUV,Tuvalu,East Asia & Pacific,country,2015,10963.0,31.9301286144304,62.6516464471404,5.41822493842926,,,,,,,,,,,,,,,,,,,,,,,,,,,0,,
TUV,Tuvalu,East Asia & Pacific,country,2016,10930.0,31.7718102383458,62.8253808499931,5.4028089116611,,,,,3793,34.7027,,,,8.5948,13.6567,8.4366,7.8829,11.2576,26.6807,13.604,3.7174,6.1693,38.571,22.2515,61.429,18.9953,0.3574,299,1463,ISCO-08,9,,
TUV,Tuvalu,East Asia & Pacific,country,2017,10869.0,31.622044346306,62.9680743398657,5.40988131382832,,,,,2588,23.8108,,,,13.1762,19.9768,11.5147,8.5394,12.983,5.4096,11.4374,3.9413,13.0216,53.2071,33.153,46.7929,40.2667,0.4459,221,1377,ISCO-08,9,,
TUV,Tuvalu,East Asia & Pacific,country,2018,10751.0,31.6031812473838,62.9040509743733,5.49276777824287,,,,,,,,,,,,,,,,,,,,,,,,,,,0,,
TUV,Tuvalu,East Asia & Pacific,country,2019,10581.0,31.6699744825631,62.7114639448067,5.61856157263019,,,,,,,,,,,,,,,,,,,,,,,,,,,0,,
TUV,Tuvalu,East Asia & Pacific,country,2020,10399.0,31.6649838934564,62.6087792682341,5.72623683830953,,,,,,,,,,,,,,,,,,,,,,,,,,,0,,
TUV,Tuvalu,East Asia & Pacific,country,2021,10194.0,31.6476185804679,62.5938097807426,5.75857163878942,,,,,,,,,,,,,,,,,,,,,,,,,,,0,,
TUV,Tuvalu,East Asia & Pacific,country,2022,9992.0,31.9855884707766,62.1297037630104,5.88470776621297,,,,,2946,29.4836,,,,17.8547,17.5492,10.7604,10.1833,12.3557,4.1752,11.0319,3.3265,12.7631,56.3476,35.4039,43.6524,48.4778,0.4588,300,1660,ISCO-08,9,,
TUV,Tuvalu,East Asia & Pacific,country,2023,9816.0,32.6014976312974,61.1227140746778,6.27578829402476,,,,,,,,,,,,,,,,,,,,,,,,,,,0,,
TUV,Tuvalu,East Asia & Pacific,country,2024,9646.0,32.9480068425691,60.3856720750609,6.66632108237002,,,,,,,,,,,,,,,,,,,,,,,,,,,0,,
TUV,Tuvalu,East Asia & Pacific,country,2025,9492.0,33.0225453013064,59.9346818373367,7.04277286135693,,,,,,,,,,,,,,,,,,,,,,,,,,,0,,
TWN,"Taiwan, China",East Asia & Pacific,country,2013,,,,,,,,,10969000,,,,,3.6831,11.7331,17.8959,11.2317,19.6554,4.4854,,31.3155,,44.5438,15.4162,55.4563,,0.4376,1232005,4886009,ISCO-88,7,,
TWN,"Taiwan, China",East Asia & Pacific,country,2014,,,,,,,,,11078000,,,,,3.5566,12.0329,17.9635,11.2295,19.5523,4.4412,,31.224,,44.7825,15.5895,55.2175,,0.4388,1244004,4961005,ISCO-88,7,,
TWN,"Taiwan, China",East Asia & Pacific,country,2015,,,,,,,,,11199000,,,,,3.4557,12.2332,18.0284,11.1528,19.475,4.4379,,31.2171,,44.8701,15.6889,55.13,,0.4391,1249002,5025002,ISCO-88,7,,
TWN,"Taiwan, China",East Asia & Pacific,country,2016,,,,,,,,,11269000,,,,,3.381,12.3258,18.014,11.1545,19.5758,4.437,,31.1119,,44.8753,15.7068,55.1247,,0.4394,1257001,5056998,ISCO-88,7,,
TWN,"Taiwan, China",East Asia & Pacific,country,2017,,,,,,,,,11351000,,,,,3.3742,12.413,17.9984,11.1973,19.6547,4.4049,,30.9576,,44.9829,15.7872,55.0172,,0.4403,1271006,5106009,ISCO-88,7,,
TWN,"Taiwan, China",East Asia & Pacific,country,2018,,,,,,,,,11434000,,,,,3.3497,12.5066,17.9377,11.2734,19.7569,4.4167,,30.7591,,45.0674,15.8563,54.9327,,0.4411,1289001,5153007,ISCO-88,7,,
TWN,"Taiwan, China",East Asia & Pacific,country,2019,,,,,,,,,11501000,,,,,3.3301,12.5641,17.8506,11.3121,19.8504,4.4083,,30.6843,,45.0569,15.8942,54.943,,0.4413,1301005,5181994,ISCO-88,7,,
TWN,"Taiwan, China",East Asia & Pacific,country,2020,,,,,,,,,11503000,,,,,3.2513,12.6489,17.9345,11.3536,19.8818,4.3119,,30.6181,,45.1883,15.9002,54.8118,,0.4423,1306005,5198010,ISCO-88,7,,
TZA,Tanzania,Sub-Saharan Africa,country,2013,48824128.0,44.9363412600391,52.1500522021607,2.91360653780026,84.58,2.93,5.689,22738784.0,22072538,45.2083,67.4674382208743,7.74607629474209,24.7864900149072,,,,,,,,,,,,,,,,,,0,,
TZA,Tanzania,Sub-Saharan Africa,country,2014,50351512.0,44.7713352160243,52.2929296769969,2.93573510697886,83.967,2.125,3.693,23349936.0,22853750,45.3884,66.8336668392283,7.83732800190639,25.3290007832003,0.4518,0.8451,2.0769,0.6443,9.4545,67.4467,5.9021,2.6022,10.5763,4.0181,1.2969,95.9818,1.1543,0.14,147247,918287,ISCO-88,9,,
TZA,Tanzania,Sub-Saharan Africa,country,2015,52020962.0,44.5263834221289,52.525953864521,2.94766271335005,83.935,2.009,3.443,24221886.0,23735268,45.6264,66.4279036113045,7.87043007642645,25.701666312269,,,,,,,,,,,,,,,,,,0,,
TZA,Tanzania,Sub-Saharan Africa,country,2016,53824013.0,44.2195725911407,52.8248609036268,2.95556650523252,83.894,1.931,3.241,25187717.0,24701342,45.8928,65.9819389643126,7.91321058053826,26.1048423584264,,,,,,,,,,,,,,,,,,0,,
TZA,Tanzania,Sub-Saharan Africa,country,2017,55652890.0,43.9599219375669,53.0736238495431,2.96645421288993,83.86,1.854,3.037,26154191.0,25669292,46.1239,65.5740614570075,7.93788936940802,26.4880374864395,,,,,,,,,,,,,,,,,,0,,
TZA,Tanzania,Sub-Saharan Africa,country,2018,57437145.0,43.7638338723472,53.2535161109898,2.982650016663,83.834,1.792,2.846,27078758.0,26593507,46.3002,65.1436788643543,7.99823356307617,26.8580913328661,,,,,,,,,,,,,,,,,,0,,
TZA,Tanzania,Sub-Saharan Africa,country,2019,59174891.0,43.5911795764862,53.4064794475076,3.00234097600619,83.811,1.735,2.657,27975993.0,27490610,46.4565,64.6845484878054,8.03983168838161,27.275619823813,,,,,,,,,,,,,,,,,,0,,
TZA,Tanzania,Sub-Saharan Africa,country,2020,60972798.0,43.3726253088519,53.6083841322846,3.01899055886357,82.837,1.792,2.746,28601375.0,28088838,46.0678,65.793951747757,7.98207866189772,26.2239695903453,0.3557,0.8368,2.0579,0.5589,11.2084,60.9088,7.8931,2.5334,13.6469,3.8093,1.1925,96.1906,2.2038,0.1461,156989,1069988,ISCO-08,9,,
TZA,Tanzania,Sub-Saharan Africa,country,2021,62830412.0,43.132862155989,53.839348530772,3.02778931323895,83.733,1.876,2.752,29917681.0,29356425,46.7233,65.9189768508938,7.94469353812666,26.1363296109795,,,,,,,,,,,,,,,,,,0,,
TZA,Tanzania,Sub-Saharan Africa,country,2022,64711821.0,42.9162231426002,54.0487270478758,3.03504980952398,83.77,1.573,2.344,30944597.0,30457838,47.0669,65.5820823164579,8.01563092155913,26.402286761983,,,,,,,,,,,,,,,,,,0,,
TZA,Tanzania,Sub-Saharan Africa,country,2023,66617606.0,42.7238946208612,54.2329053806519,3.04319999848689,83.766,1.565,2.339,31961730.0,31461529,47.227,65.1616409810771,8.04453818145295,26.7938240159534,,,,,,,,,,,,,,,,,,0,,
TZA,Tanzania,Sub-Saharan Africa,country,2024,68560157.0,42.5361081072203,54.4188908435551,3.04500104922455,83.749,1.557,2.334,32994873.0,32481143,47.3761,65.0897916276375,8.05112891261008,26.8590825384721,0.4495,1.6219,1.8348,0.4409,5.757,51.5969,7.2877,2.7757,28.2356,4.3471,2.0714,95.6529,1.2518,0.1402,143209,1411988,ISCO-08,9,,
TZA,Tanzania,Sub-Saharan Africa,country,2025,70545865.0,42.3404922457184,54.6177440733061,3.04176368097549,83.716,1.572,2.381,34052654.0,33517346,47.5114,64.571791454879,8.10354547232463,27.3246630727964,,,,,,,,,,,,,,,,,,0,,
UGA,Uganda,Sub-Saharan Africa,country,2013,35337042.0,48.8277683231098,49.2705614691801,1.90167020771009,84.524,1.91,2.591,15284266.0,14992337,42.4267,70.6855410208648,9.76520314583242,19.5492558333028,0.3652,1.5494,2.1842,0.3771,11.2388,64.6221,5.2226,2.1128,12.3277,4.4759,1.9146,95.524,,0.1471,56536,671042,ISCO-08,9,,
UGA,Uganda,Sub-Saharan Africa,country,2014,36395539.0,48.4979360863145,49.5886315846103,1.91343232907517,77.206,2.357,3.324,14471843.0,14130742,38.8255,71.9374720820862,6.78552503228429,21.2769958088453,0.4947,4.2756,1.1306,0.3588,12.5167,63.5646,2.4624,1.026,14.1705,6.2597,4.7703,93.7402,2.2765,0.1599,50701,884542,ISCO-08,9,,
UGA,Uganda,Sub-Saharan Africa,country,2015,37531446.0,48.072905958285,49.9920100332933,1.93508400842168,75.584,2.681,3.871,14730557.0,14335631,38.1963,71.7568690258536,6.81283757436838,21.430293399778,,,,,,,,,,,,,,,,,,0,,
UGA,Uganda,Sub-Saharan Africa,country,2016,38799152.0,47.5229368415062,50.51846880571,1.95859435278379,73.777,3.002,4.411,15021481.0,14570536,37.5537,71.6224247097463,6.80467892367048,21.5728757769581,,,,,,,,,,,,,,,,,,0,,
UGA,Uganda,Sub-Saharan Africa,country,2017,40177388.0,46.9022040457185,51.1141789506077,1.98361700367381,71.759,3.428,5.052,15308568.0,14783790,36.7963,71.4913397378003,6.81704113840997,21.6916191237897,0.7315,3.3593,1.5258,0.3493,10.9259,68.7298,5.1718,2.928,6.2786,5.9659,4.0908,94.0341,2.4656,0.1538,51640,881986,ISCO-08,9,,
UGA,Uganda,Sub-Saharan Africa,country,2018,41565831.0,46.3282822373983,51.6624784910471,2.00923927155456,74.794,3.249,4.884,16685865.0,16143741,38.839,66.7602819993876,7.23572251580382,26.0039954848086,,,,,,,,,,,,,,,,,,0,,
UGA,Uganda,Sub-Saharan Africa,country,2019,42999637.0,45.7632788183389,52.2003191305973,2.0364020510638,77.242,3.057,4.691,18014065.0,17463375,40.6128,61.3604268185351,7.74858628270773,30.8909811725393,0.6089,5.5574,1.4971,0.5,15.2396,55.7825,4.7679,3.0938,12.9527,8.1634,6.1663,91.8365,2.3763,0.182,87317,1425605,ISCO-08,9,,
UGA,Uganda,Sub-Saharan Africa,country,2020,44457152.0,45.2237814826309,52.7143590674189,2.06185944995015,78.009,3.819,5.688,18996710.0,18271226,41.0985,64.7499841005898,7.369707754063,27.8803190915849,,,,,,,,,,,,,,,,,,0,,
UGA,Uganda,Sub-Saharan Africa,country,2021,45910930.0,44.7325571492453,53.1816671977675,2.08577565298721,79.3,3.416,5.04,20121421.0,19434073,42.3299,66.6586155375027,7.14386604553937,26.1975081257831,0.5885,2.8354,1.7586,0.3789,15.1915,60.5766,6.9865,3.7824,7.9017,5.5614,3.4239,94.4387,1.384,0.1656,73636,1080807,ISCO-08,9,,
UGA,Uganda,Sub-Saharan Africa,country,2022,47312719.0,44.3070937826772,53.5777012352883,2.11520498203448,80.03,2.885,4.335,21087767.0,20479385,43.2852,66.3509508584538,7.1513436806593,26.4977054608869,,,,,,,,,,,,,,,,,,0,,
UGA,Uganda,Sub-Saharan Africa,country,2023,48656601.0,43.938060491134,53.9113567148746,2.15058279399148,79.998,2.754,4.208,21821722.0,21220752,43.6133,65.8927506516622,7.18398773652279,26.9232663241872,,,,,,,,,,,,,,,,,,0,,
UGA,Uganda,Sub-Saharan Africa,country,2024,50015092.0,43.5430165404573,54.2684170783049,2.18856638123782,79.972,2.74,4.211,22581703.0,21962964,43.9127,65.4114417356169,7.22741637556789,27.3611464419171,,,,,,,,,,,,,,,,,,0,,
UGA,Uganda,Sub-Saharan Africa,country,2025,51384894.0,43.1111622026505,54.6603355842283,2.22850221312123,80.028,2.746,4.183,23393999.0,22751600,44.2768,64.8536445563912,7.29617599107653,27.8501794525323,,,,,,,,,,,,,,,,,,0,,
UKR,Ukraine,Europe & Central Asia,country,2013,46126770.0,14.615300557738,70.7630587483478,14.6216406939142,56.279,7.17,17.643,22165599.0,20576326,44.6082,14.1987274318509,26.6881133013717,59.1131641267273,7.5892,14.8784,11.2698,3.2435,15.3077,0.8704,11.9897,11.1502,23.7011,36.9809,22.4676,63.0191,,0.3641,667393,7609311,ISCO-88,9,,
UKR,Ukraine,Europe & Central Asia,country,2014,45972380.0,14.8615460537224,70.3752093063791,14.7632446398985,56.286,9.27,23.573,22030438.0,19988216,43.4787,14.3851665058874,26.3371206273024,59.2777078638239,7.9814,17.1396,12.249,3.2468,15.9047,0.9611,12.8383,11.4141,18.2651,40.6168,25.121,59.3833,,0.3856,648977,8118574,ISCO-88,9,,
UKR,Ukraine,Europe & Central Asia,country,2015,45784896.0,15.0784638672107,69.7670395494619,15.1544965833274,56.292,9.14,22.611,21887026.0,19886552,43.4347,14.8536221190806,24.9225998018664,60.223778079053,7.8999,17.659,12.0311,3.1697,16.3666,0.9475,12.2665,11.246,18.4137,40.7597,25.5589,59.2403,,0.3874,630344,8105699,ISCO-88,9,,
UKR,Ukraine,Europe & Central Asia,country,2016,45616832.0,15.2599001175706,69.2108781249868,15.5292217574425,56.299,9.35,23.139,21762800.0,19727978,43.2471,15.1913515069828,24.4706691004535,60.3379793925637,7.7392,17.8535,11.7301,2.9821,16.8011,0.8521,11.9587,11.1889,18.8943,40.3049,25.5927,59.6951,,0.3859,588308,7951342,ISCO-88,9,,
UKR,Ukraine,Europe & Central Asia,country,2017,45436041.0,15.3881165021825,68.6550169648912,15.9568665329263,56.305,9.5,18.963,21646057.0,19589682,43.1149,15.0029523151209,24.5220360831255,60.4750218111947,7.6434,17.8889,11.3336,2.953,16.8775,0.8405,11.9711,11.0483,19.4437,39.8189,25.5323,60.1811,,0.3835,578483,7800396,ISCO-88,9,,
UKR,Ukraine,Europe & Central Asia,country,2018,45208907.0,15.4195267317566,68.2325299304405,16.3479433378029,56.312,8.799,17.965,21532531.0,19637884,43.4381,14.9050893936788,24.3110434998077,60.7838620142784,8.0707,18.4116,11.2026,2.902,16.7462,0.739,11.6254,11.1655,19.137,40.5869,26.4823,59.4131,32.2629,0.3871,569891,7970408,ISCO-88,9,,
UKR,Ukraine,Europe & Central Asia,country,2019,44957458.0,15.3715841763117,67.9121159385835,16.7162998851047,56.318,8.194,15.484,21427188.0,19671444,43.7557,13.9078605168498,24.9772767478604,61.1148627352899,8.0081,17.9612,11.5658,3.1918,16.573,0.9763,12.4155,11.097,18.2114,40.7269,25.9693,59.2732,35.6328,0.3878,627873,8011569,ISCO-88,9,,
UKR,Ukraine,Europe & Central Asia,country,2020,44680014.0,15.2834003668463,67.6202746084606,17.0963250246931,55.087,9.475,19.355,20851194.0,18875543,42.2461,14.1222074905303,24.7369884388182,61.1408093685508,7.9552,17.9327,11.748,3.1988,16.4882,1.2276,12.2696,11.1088,18.071,40.8347,25.8879,59.1652,34.6313,0.3881,603791,7707771,ISCO-88,9,,
UKR,Ukraine,Europe & Central Asia,country,2021,44298640.0,15.1444728325745,67.4674594976279,17.3880676697975,54.639,9.834,19.145,20538715.0,18518938,41.8048,14.116201474496,25.2186445501264,60.6651539753775,8.0673,18.0094,11.8063,3.1371,16.3965,1.4504,12.2069,11.264,17.662,41.0201,26.0767,58.9798,34.0199,0.3886,580958,7596487,ISCO-88,9,,
UKR,Ukraine,Europe & Central Asia,country,2022,41048766.0,14.821728136724,67.3213331187593,17.8569387445167,,,,,,,,,,,,,,,,,,,,,,,,,,,0,,
UKR,Ukraine,Europe & Central Asia,country,2023,37732836.0,14.2955371058716,67.1469283033341,18.5575345907943,,,,,,,,,,,,,,,,,,,,,,,,,,,0,,
UKR,Ukraine,Europe & Central Asia,country,2024,37860221.0,13.8885360192623,67.1490154911006,18.9624484896371,,,,,,,,,,,,,,,,,,,,,,,,,,,0,,
UKR,Ukraine,Europe & Central Asia,country,2025,38980376.0,13.6943867127605,67.3338750332491,18.9717382539904,,,,,,,,,,,,,,,,,,,,,,,,,,,0,,
URY,Uruguay,Latin America & Caribbean,country,2013,3345337.0,21.5240049059332,64.0250892510979,14.4509058429689,64.844,6.444,19.302,1702341.0,1592642,47.6078,10.1472461744312,19.8101390208327,70.042614804736,2.2971,11.2169,6.9986,11.5657,21.5265,4.8109,14.7403,7.2276,19.6163,32.0783,13.514,67.9216,21.4946,0.3707,184200,510892,ISCO-08,9,,
URY,Uruguay,Latin America & Caribbean,country,2014,3356334.0,21.3228151127368,64.1471819927364,14.5300028945268,65.873,6.547,19.422,1739488.0,1625604,48.4339,9.98193915414218,19.2804450743595,70.7376772866409,2.2418,11.3484,7.4977,11.5126,21.7637,4.6243,14.1935,7.6856,19.1325,32.6005,13.5902,67.3996,23.1784,0.3741,187149,529955,ISCO-08,9,,
URY,Uruguay,Latin America & Caribbean,country,2015,3368017.0,21.1456177329271,64.2445391457347,14.6098431213382,64.934,7.488,22.875,1724536.0,1595403,47.3692,9.63788663994003,18.7741473675765,71.5880286722176,2.5049,11.5016,7.2886,11.8042,22.1421,4.5379,14.3097,7.3506,18.5604,33.0993,14.0065,66.9007,23.264,0.3779,188325,528067,ISCO-08,9,,
URY,Uruguay,Latin America & Caribbean,country,2016,3379283.0,20.9805452813511,64.3219434418485,14.6975112768004,64.612,7.841,24.149,1725328.0,1590045,47.0527,8.9884142591025,18.4007753176299,72.61074753248,2.5016,11.5401,7.4534,11.3828,22.518,4.5209,14.0862,7.4383,18.5586,32.8779,14.0417,67.122,21.5633,0.3767,180992,522773,ISCO-08,9,,
URY,Uruguay,Latin America & Caribbean,country,2017,3388438.0,20.7672710504473,64.4238089089735,14.8089200405792,64.114,7.89,25.251,1721302.0,1585491,46.7912,9.54741034047347,18.0837188063309,72.3688708531956,2.7058,12.1458,7.5047,11.3473,22.1532,4.61,13.7398,7.3054,18.4881,33.7036,14.8516,66.2965,22.8751,0.3801,179910,534368,ISCO-08,9,,
URY,Uruguay,Latin America & Caribbean,country,2018,3394534.0,20.4930190712481,64.5510989137242,14.9558820150277,63.679,8.336,26.538,1718627.0,1575362,46.4088,9.12915143205363,17.5819495226488,73.2888990452976,2.5305,12.1979,7.4742,11.5232,22.5195,4.271,13.561,7.0784,18.8444,33.7258,14.7284,66.2743,22.4958,0.3815,181532,531303,ISCO-08,9,,
URY,Uruguay,Latin America & Caribbean,country,2019,3397206.0,20.1749643935287,64.6984116798351,15.1266239266362,63.494,8.836,28.474,1721844.0,1569702,46.2057,8.93794885483685,17.4354282918463,73.6265591464296,2.5536,12.5049,7.6252,11.2897,22.4428,4.5956,13.4045,7.2207,18.3631,33.9734,15.0585,66.0267,21.6122,0.3822,177215,533281,ISCO-08,9,,
URY,Uruguay,Latin America & Caribbean,country,2020,3398968.0,19.8076445556416,64.866512423771,15.3258430205874,61.103,10.413,34.215,1665492.0,1492064,43.8976,9.09730045996532,17.4056963853548,73.497070175709,2.6146,13.8774,7.8536,11.7935,21.1597,4.8722,13.2149,7.3825,17.2317,36.1391,16.492,63.861,23.8898,0.3922,175967,539219,ISCO-08,9,,
URY,Uruguay,Latin America & Caribbean,country,2021,3396695.0,19.4316121158379,65.0844077970509,15.4839800871112,62.887,9.328,31.807,1721005.0,1560470,45.9408,8.99426583751583,17.8509450986625,73.1547890638217,2.5662,14.5037,8.3472,11.4996,20.5483,5.0024,13.2831,6.7887,17.4608,36.9167,17.0699,63.0833,25.3888,0.3942,179448,576074,ISCO-08,9,,
URY,Uruguay,Latin America & Caribbean,country,2022,3390913.0,19.0668560355279,65.3197383713472,15.6134055931249,63.181,7.877,25.32,1733922.0,1597341,47.1065,8.68558650152504,17.9844440994255,73.3299693990494,2.5129,14.5293,7.8709,11.7435,21.5377,4.6078,12.7108,7.0269,17.4604,36.6566,17.0422,63.3436,25.8306,0.3959,187584,585531,ISCO-08,9,,
URY,Uruguay,Latin America & Caribbean,country,2023,3388081.0,18.6854031360825,65.5017789571411,15.8128179067764,64.584,8.355,26.221,1779292.0,1630632,48.1285,8.56640858566501,18.7931621310847,72.6403679570717,2.8028,14.2127,7.9163,11.2279,20.7445,4.7149,13.1244,7.2924,17.9641,36.1597,17.0155,63.8403,25.6303,0.3902,183086,589632,ISCO-08,9,,
URY,Uruguay,Latin America & Caribbean,country,2024,3386588.0,18.2929719075618,65.6618351068738,16.0451929855644,65.018,8.209,26.698,1799101.0,1651413,48.7633,8.31014111526109,18.7723141837066,72.9175447010323,2.8626,14.0004,8.1544,10.7576,22.0024,4.3079,13.2963,7.4997,17.1186,35.775,16.863,64.2249,24.6847,0.3902,177652,590793,ISCO-08,9,,
URY,Uruguay,Latin America & Caribbean,country,2025,3384688.0,17.8970557995301,65.8210446575874,16.2818995428825,64.99,7.516,25.149,1806025.0,1670284,49.3482,8.07077350824949,18.7777422549192,73.1514842368313,2.8476,14.5115,8.6596,10.0566,21.8134,4.4819,12.9924,7.4953,17.1417,36.0753,17.3591,63.9247,25.5898,0.3899,167974,602560,ISCO-08,9,,
USA,United States,North America,country,2013,316726282.0,19.4092161082283,66.8895911742848,13.7011927174869,62.735,7.375,15.558,160132463.0,148322694,46.8299,1.72950794487142,19.8032434024193,78.4672386465152,10.2053,21.0033,14.4263,10.7501,18.7273,0.4088,9.6633,5.9782,8.8375,56.385,31.2086,43.6151,33.5155,0.4857,15944838,83631751,ISCO-08,9,,
USA,United States,North America,country,2014,319257560.0,19.3063454853775,66.6847279137693,14.0089266008532,62.447,6.168,13.411,160876331.0,150953479,47.2827,1.76919324552367,19.8362096579529,78.3945970965234,10.2127,21.286,14.4858,10.567,18.33,0.3938,9.7604,6.0155,8.9488,56.5515,31.4987,43.4485,34.4528,0.4855,15951254,85366457,ISCO-08,9,,
USA,United States,North America,country,2015,321815121.0,19.1916943798524,66.4980809064681,14.3102247136795,62.267,5.28,11.634,161927418.0,153377650,47.6602,1.89654672691753,19.678506704267,78.4249562193854,10.5581,21.4669,14.606,10.3914,18.0348,0.4138,9.6703,6.0015,8.8572,57.0224,32.025,42.9776,35.0692,0.4866,15938085,87459617,ISCO-08,9,,
USA,United States,North America,country,2016,324353340.0,19.0672311047361,66.3180403833652,14.6147285118987,62.431,4.869,10.432,163886456.0,155906824,48.067,1.89639178595969,19.6004288978866,78.5031793161537,10.6006,21.7318,14.3408,10.2176,18.189,0.4132,9.5755,6.0101,8.9213,56.8908,32.3324,43.1091,35.0134,0.4861,15929936,88696639,ISCO-08,9,,
USA,United States,North America,country,2017,326608609.0,18.938947483366,66.1219291236341,14.9391233929999,62.548,4.355,9.238,165597316.0,158385553,48.494,1.88251210793922,19.5555626898736,78.5619258229225,10.6161,21.9936,14.4531,10.1073,17.7751,0.4471,9.6302,6.017,8.9606,57.1701,32.6097,42.83,35.84,0.4865,16008503,90549179,ISCO-08,9,,
USA,United States,North America,country,2018,328529577.0,18.7864697356003,65.9220436398193,15.2914866245804,62.592,3.896,8.607,167002008.0,160495610,48.8527,1.8191184184211,19.7028367872634,78.4780350193183,10.7578,22.2461,14.4124,9.8718,17.6703,0.4194,9.5876,5.9999,9.0348,57.2881,33.0039,42.712,36.3547,0.4864,15843806,91944886,ISCO-08,9,,
USA,United States,North America,country,2019,330226227.0,18.6084404882877,65.718674264212,15.6728852475003,62.848,3.669,8.375,168920514.0,162722820,49.2762,1.78830473970119,19.7528962033625,78.4587894445038,11.0695,22.4656,14.4581,9.9121,17.4011,0.4428,9.291,5.8764,9.0835,57.9053,33.5351,42.0948,36.1428,0.4887,16129249,94225137,ISCO-08,9,,
USA,United States,North America,country,2020,331578104.0,18.3928572241369,65.5352308319268,16.0719119439363,61.556,8.055,14.891,166565253.0,153148422,46.1877,1.74639361793943,19.4184044990188,78.8351929532077,11.521,23.0941,17.378,8.9462,14.517,0.4456,8.4632,5.6851,9.9499,60.9393,34.6151,39.0608,36.8497,0.4948,13700964,93327576,ISCO-08,9,,
USA,United States,North America,country,2021,332100166.0,18.1461171256033,65.380112850592,16.4737700238047,61.501,5.349,9.704,167182400.0,158239813,47.6482,1.6624029464832,19.183666430817,79.1539306226998,11.4312,22.4429,17.0869,8.8033,14.7498,0.4353,8.6201,5.8073,10.6232,59.7643,33.8741,40.2357,36.3461,0.4888,13930325,94570917,ISCO-08,9,,
USA,United States,North America,country,2022,333996304.0,17.8818251956671,65.1985544146872,16.9196203896458,61.794,3.65,8.105,169483435.0,163297290,48.8919,1.62054352999574,19.2767779678998,79.1026785021045,11.7165,22.6828,17.0568,8.6055,14.5963,0.4233,8.4593,5.8884,10.5711,60.0616,34.3993,39.9384,36.1623,0.4895,14052548,98078965,ISCO-08,9,,
USA,United States,North America,country,2023,336755052.0,17.5946376490897,64.9735428685564,17.4318194823539,62.08,3.638,7.953,172274620.0,166007269,49.2961,1.5696095192715,19.3356581942933,79.0947316958393,11.8599,22.9206,17.1785,8.4279,14.741,0.4167,8.3317,5.8417,10.2819,60.3869,34.7805,39.613,36.9327,0.4911,13990927,100246644,ISCO-08,9,,
USA,United States,North America,country,2024,340003797.0,17.3245769214436,64.7466928651531,17.9287302134033,61.959,4.022,8.92,174166487.0,167161511,49.1646,1.5689918084039,19.0437070998445,79.3873005029237,11.6867,23.232,17.3802,8.3151,14.5751,0.3953,8.2408,5.6802,10.4946,60.614,34.9187,39.386,37.5529,0.4918,13899647,101323278,ISCO-08,9,,
USA,United States,North America,country,2025,341784857.0,17.0990415161586,64.5137336553454,18.387224828496,61.704,4.198,9.34,174833917.0,167494389,49.0058,1.52494439217106,18.9122762686396,79.5627787515985,11.6979,23.001,17.7732,8.2726,14.7149,0.3987,8.1486,5.6138,10.3794,60.7447,34.6989,39.2554,37.1995,0.4925,13856141,101743964,ISCO-08,9,,
UZB,Uzbekistan,Europe & Central Asia,country,2013,29724065.0,28.0899971117679,67.2375935121929,4.67240937603925,55.877,4.86,10.758,11943472.0,11363019,38.2283,27.2993593375509,22.8458937425096,49.8547557204896,,,,,,,,,,,,,,,,,,0,,
UZB,Uzbekistan,Europe & Central Asia,country,2014,30222994.0,28.1377620651641,67.1905084451678,4.67172948966819,56.061,5.09,11.372,12175844.0,11556094,38.2361,27.6562830050207,22.8827137262897,49.4610032686896,,,,,,,,,,,,,,,,,,0,,
UZB,Uzbekistan,Europe & Central Asia,country,2015,30749346.0,28.3081007916705,66.9631109070887,4.72878830124081,56.286,5.15,11.455,12408130.0,11769111,38.2743,27.5816950924486,22.9042032680756,49.5141016394757,,,,,,,,,,,,,,,,,,0,,
UZB,Uzbekistan,Europe & Central Asia,country,2016,31284568.0,28.529321549206,66.6394929921998,4.83118545859416,56.447,5.16,11.464,12621150.0,11969899,38.2614,27.4220937139458,23.0554068019345,49.5224994841197,,,,,,,,,,,,,,,,,,0,,
UZB,Uzbekistan,Europe & Central Asia,country,2017,31819178.0,28.7533610823221,66.3032741811129,4.94336473656492,56.468,5.83,12.887,12801349.0,12055030,37.8861,27.1539848581967,23.0527389904132,49.7932678560571,,,,,,,,,,,,,,,,,,0,,
UZB,Uzbekistan,Europe & Central Asia,country,2018,32373490.0,29.0174502499198,65.9153420605047,5.06720768957552,56.552,5.392,12.073,12995383.0,12294672,37.9776,26.6493914736113,22.6653905613483,50.6852179650404,,,,,,,,,,,,,,,,,,0,,
UZB,Uzbekistan,Europe & Central Asia,country,2019,32964701.0,29.3439503667878,65.4579393879532,5.19811024525901,56.626,4.936,11.27,13189076.0,12538063,38.0348,26.1766052839745,23.2337102815411,50.5896924101986,,,,,,,,,,,,,,,,,,0,,
UZB,Uzbekistan,Europe & Central Asia,country,2020,33586372.0,29.7356662994145,64.9556790474422,5.30865465314325,55.517,5.293,12.838,13101591.0,12408124,36.9439,27.1860834171962,23.4344074033211,49.3795091794828,,,,,,,,,,,,,,,,,,0,,
UZB,Uzbekistan,Europe & Central Asia,country,2021,34243696.0,30.1776585415555,64.4123354034613,5.41000605498317,56.03,5.364,13.031,13396633.0,12678038,37.023,26.9945200455118,23.6928859187452,49.3126019234068,,,,,,,,,,,,,,,,,,0,,
UZB,Uzbekistan,Europe & Central Asia,country,2022,34938955.0,30.5682549668664,63.88678820121,5.54495683192361,57.685,4.456,10.853,13993646.0,13370089,38.267,26.5612109703802,23.8986156957819,49.5401658544276,,,,,,,,,,,,,,,,,,0,,
UZB,Uzbekistan,Europe & Central Asia,country,2023,35652307.0,30.8710611630266,63.4338978400472,5.69504099692623,57.743,4.434,10.762,14231376.0,13600357,38.1472,26.1279176228967,24.1341945506432,49.7378951792477,,,,,,,,,,,,,,,,,,0,,
UZB,Uzbekistan,Europe & Central Asia,country,2024,36361859.0,31.1034262577169,63.0320578494076,5.86451589287555,57.701,4.439,10.809,14455298.0,13813627,37.9893,25.6474629581127,24.3810594797073,49.97147756218,,,,,,,,,,,,,,,,,,0,,
UZB,Uzbekistan,Europe & Central Asia,country,2025,37053428.0,31.2904692650839,62.6402164463704,6.06931428854572,57.499,4.622,11.381,14638807.0,13962201,37.6813,25.1978529929594,24.6114383374347,50.1906943451481,,,,,,,,,,,,,,,,,,0,,
VCT,St. Vincent and the Grenadines,Latin America & Caribbean,country,2013,108135.0,24.4198251268085,66.4485760920327,9.13159878115882,66.761,19.356,42.024,54562.0,44001,40.6908,12.0653606654243,20.23317121949,67.7014681150857,,,,,,,,,,,,,,,,,,0,,
VCT,St. Vincent and the Grenadines,Latin America & Caribbean,country,2014,107535.0,24.049379271865,66.6299344399498,9.32068628818524,66.823,19.237,42.008,54577.0,44078,40.9894,11.8040745950361,19.9941013657607,68.2018240392032,,,,,,,,,,,,,,,,,,0,,
VCT,St. Vincent and the Grenadines,Latin America & Caribbean,country,2015,106960.0,23.6995138369484,66.7740276738968,9.52645848915482,66.906,19.135,42.029,54603.0,44155,41.2818,11.4868078360322,20.1245612048466,68.3886309591213,,,,,,,,,,,,,,,,,,0,,
VCT,St. Vincent and the Grenadines,Latin America & Caribbean,country,2016,106349.0,23.3670432587202,66.8946905692135,9.73826617206637,67.028,19.029,42.09,54627.0,44232,41.5914,11.2022969795623,20.0940495568819,68.7013926569,,,,,,,,,,,,,,,,,,0,,
VCT,St. Vincent and the Grenadines,Latin America & Caribbean,country,2017,105663.0,23.0383388698031,66.9908104066703,9.97085072352669,67.132,19.024,42.39,54592.0,44206,41.8368,10.930642899154,20.1171786635298,68.9544405736778,,,,,,,,,,,,,,,,,,0,,
VCT,St. Vincent and the Grenadines,Latin America & Caribbean,country,2018,104926.0,22.7322112727065,67.0324800335475,10.2353086937461,67.294,19.005,42.737,54559.0,44190,42.1154,10.6564982235398,20.1203919527484,69.2231098237118,,,,,,,,,,,,,,,,,,0,,
VCT,St. Vincent and the Grenadines,Latin America & Caribbean,country,2019,104167.0,22.46392811543,66.995305615022,10.5407662695479,67.433,19.248,43.587,54464.0,43981,42.2216,10.4024556616644,19.9658935879945,69.6339245111414,,,,,,,,,,,,,,,,,,0,,
VCT,St. Vincent and the Grenadines,Latin America & Caribbean,country,2020,103526.0,22.2383749009911,66.9841392500435,10.7774858489655,66.523,20.635,47.708,53554.0,42503,41.0554,10.5759728953932,19.8931814973413,69.5308456072655,,,,,,,,,,,,,,,,,,0,,
VCT,St. Vincent and the Grenadines,Latin America & Caribbean,country,2021,102841.0,22.0767981641563,66.9562723038477,10.966929531996,66.756,20.356,46.04,53497.0,42607,41.43,10.3199004858357,20.2431525336212,69.4369469805431,,,,,,,,,,,,,,,,,,0,,
VCT,St. Vincent and the Grenadines,Latin America & Caribbean,country,2022,102046.0,21.9043372596672,66.8522039080415,11.2434588322913,67.55,19.277,43.995,53833.0,43456,42.5847,9.95259572901325,20.7267120765832,69.3183910162003,,,,,,,,,,,,,,,,,,0,,
VCT,St. Vincent and the Grenadines,Latin America & Caribbean,country,2023,101323.0,21.6467221002245,66.7901996101557,11.5630782896198,67.862,18.348,42.333,53876.0,43991,43.4166,9.62491475335303,21.002500568311,69.372584678336,,,,,,,,,,,,,,,,,,0,,
VCT,St. Vincent and the Grenadines,Latin America & Caribbean,country,2024,100616.0,21.2913453128727,66.8174047865151,11.8912499006122,68.037,18.093,41.851,53881.0,44132,43.8618,9.34016133417928,21.0731442037524,69.5889603915526,,,,,,,,,,,,,,,,,,0,,
VCT,St. Vincent and the Grenadines,Latin America & Caribbean,country,2025,99924.0,20.8712577996387,66.8784932624131,12.2502489379482,67.9,18.003,41.947,53688.0,44023,44.0565,9.07480180814574,21.1321354746383,69.7907911773391,,,,,,,,,,,,,,,,,,0,,
VEN,"Venezuela, RB",Latin America & Caribbean,country,2013,29912198.0,28.8779881705784,64.9271711828064,6.19484064661514,62.635,7.54,16.224,13325068.0,12320358,41.1884,7.44570387746484,21.3259307880631,71.228365334472,4.1955,15.1462,,6.9847,37.2184,7.3063,20.2204,8.9286,,26.3264,19.3417,73.6737,,0.371,860540,3243507,ISCO-08,7,,
VEN,"Venezuela, RB",Latin America & Caribbean,country,2014,30254079.0,28.5371453548462,65.1036592454194,6.35919539973436,62.154,6.821,14.767,13437961.0,12521358,41.3873,6.83822683797926,21.3454768491602,71.8162963128606,,,,,,,,,,,,,,,,,,0,,
VEN,"Venezuela, RB",Latin America & Caribbean,country,2015,30573972.0,28.198406801707,65.2656383671706,6.53595483112237,61.671,6.139,13.334,13538387.0,12707265,41.5624,6.44996892704785,21.3119844799713,72.2380544625395,,,,,,,,,,,,,,,,,,0,,
VEN,"Venezuela, RB",Latin America & Caribbean,country,2016,30765720.0,27.9084297733252,65.3559259241141,6.7356443025607,61.185,5.319,11.677,13570521.0,12848705,41.7631,6.05440848477047,21.1378092637334,72.8077900344325,5.5881,18.4203,,7.182,35.5201,5.809,,26.9186,0.5618,31.1904,24.0084,68.8095,19.4919,0.3988,922794,4007562,ISCO-88,7,,
VEN,"Venezuela, RB",Latin America & Caribbean,country,2017,30565323.0,27.7920942011296,65.2043630423215,7.00354275654894,59.903,5.045,12.247,13220939.0,12553943,41.0725,8.08683421779959,20.0638940937792,71.8492557571158,4.1593,15.9255,,6.8414,37.5853,7.8842,,27.1204,0.4839,26.9262,20.0848,73.0738,17.0439,0.3798,858865,3380300,ISCO-88,7,,
VEN,"Venezuela, RB",Latin America & Caribbean,country,2018,29807592.0,27.9217220901306,64.6872095538613,7.39106835600809,58.193,5.468,12.034,12502649.0,11819004,39.651,8.79253921551871,18.6723353186815,72.5351339268112,,,,,,,,,,,,,,,,,,0,,
VEN,"Venezuela, RB",Latin America & Caribbean,country,2019,28938098.0,28.0354811155868,64.1174309382738,7.84708794613938,55.163,5.89,11.767,11487785.0,10811154,37.3596,9.17974471433885,17.5673651995346,73.2528900861266,,,,,,,,,,,,,,,,,,0,,
VEN,"Venezuela, RB",Latin America & Caribbean,country,2020,28444077.0,27.831238330721,63.9037019217797,8.26505974749928,48.178,7.53,13.608,9889854.0,9145148,32.1513,9.78335796574615,17.5248973989659,72.6917446352879,,,,,,,,,,,,,,,,,,0,,
VEN,"Venezuela, RB",Latin America & Caribbean,country,2021,28237826.0,27.37666844466,63.9917694088773,8.63156214646269,48.611,7.027,12.943,9968779.0,9268273,32.8222,9.77794667025743,17.6150252734504,72.6070280562921,,,,,,,,,,,,,,,,,,0,,
VEN,"Venezuela, RB",Latin America & Caribbean,country,2022,28213017.0,26.7906588435873,64.2273026707371,8.98203848567557,50.883,5.646,10.58,10509662.0,9916286,35.1479,9.40511805647857,17.5364096639575,73.0584823640864,,,,,,,,,,,,,,,,,,0,,
VEN,"Venezuela, RB",Latin America & Caribbean,country,2023,28300854.0,26.1537708367387,64.5126609960251,9.33356816723623,51.366,5.407,10.274,10735039.0,10154595,35.8809,9.18092202736474,17.3276921466437,73.4913759782388,,,,,,,,,,,,,,,,,,0,,
VEN,"Venezuela, RB",Latin America & Caribbean,country,2024,28405543.0,25.5270054158092,64.793783382349,9.67921120184184,52.05,5.321,10.158,11010896.0,10425006,36.7006,8.90218335115606,17.2136363618923,73.8841898793772,,,,,,,,,,,,,,,,,,0,,
VEN,"Venezuela, RB",Latin America & Caribbean,country,2025,28516896.0,24.9159954154898,65.0657490913457,10.0182554931645,51.927,5.307,10.444,11118416.0,10528362,36.9197,8.87472626253569,16.7519824595264,74.3732817797608,,,,,,,,,,,,,,,,,,0,,
VGB,British Virgin Islands,Latin America & Caribbean,country,2013,31703.0,20.1980853848944,73.2663586039396,6.53555601116596,,,,,,,,,,,,,,,,,,,,,,,,,,,0,,
VGB,British Virgin Islands,Latin America & Caribbean,country,2014,32962.0,19.7545658637219,73.5195073114495,6.72592682482859,,,,,,,,,,,,,,,,,,,,,,,,,,,0,,
VGB,British Virgin Islands,Latin America & Caribbean,country,2015,34498.0,19.3767664323502,73.7531705196029,6.87006304804696,,,,,,,,,,,,,,,,,,,,,,,,,,,0,,
VGB,British Virgin Islands,Latin America & Caribbean,country,2016,33878.0,19.0935120136962,73.727787944979,7.17870004132475,,,,,,,,,,,,,,,,,,,,,,,,,,,0,,
VGB,British Virgin Islands,Latin America & Caribbean,country,2017,32699.0,18.6794703201933,73.7040888100554,7.61644086975137,,,,,,,,,,,,,,,,,,,,,,,,,,,0,,
VGB,British Virgin Islands,Latin America & Caribbean,country,2018,34657.0,18.0598436102375,74.1047984534149,7.83535793634764,,,,,,,,,,,,,,,,,,,,,,,,,,,0,,
VGB,British Virgin Islands,Latin America & Caribbean,country,2019,36395.0,17.5150091359958,74.4343238676174,8.05066699638682,,,,,,,,,,,,,,,,,,,,,,,,,,,0,,
VGB,British Virgin Islands,Latin America & Caribbean,country,2020,37135.0,16.9963241729389,74.6785334392546,8.32514238780649,,,,,,,,,,,,,,,,,,,,,,,,,,,0,,
VGB,British Virgin Islands,Latin America & Caribbean,country,2021,37809.0,16.4865972837514,74.9375157037253,8.57588701252331,,,,,,,,,,,,,,,,,,,,,,,,,,,0,,
VGB,British Virgin Islands,Latin America & Caribbean,country,2022,38319.0,15.8889845768418,75.25379054777,8.85722487538819,,,,,,,,,,,,,,,,,,,,,,,,,,,0,,
VGB,British Virgin Islands,Latin America & Caribbean,country,2023,38985.0,15.139156085674,75.6585866358856,9.20225727844043,,,,,,,,,,,,,,,,,,,,,,,,,,,0,,
VGB,British Virgin Islands,Latin America & Caribbean,country,2024,39471.0,14.4916520990094,75.8848268348914,9.62352106609916,,,,,,,,,,,,,,,,,,,,,,,,,,,0,,
VGB,British Virgin Islands,Latin America & Caribbean,country,2025,39732.0,14.083106815665,75.8091714487063,10.1077217356287,,,,,,,,,,,,,,,,,,,,,,,,,,,0,,
VIR,Virgin Islands (U.S.),Latin America & Caribbean,country,2013,108041.0,20.0198725250224,64.1077963308533,15.8723311441243,56.95,11.802,26.179,49212.0,43404,40.1736,2.15728384932796,19.6061871093844,78.2389421104703,,,,,,,,,,,,,,,,,,0,,
VIR,Virgin Islands (U.S.),Latin America & Caribbean,country,2014,107882.0,19.8638228618768,63.5860960102746,16.5500811278487,56.265,11.871,26.297,48643.0,42869,39.7369,2.1046138662719,19.2548729336294,78.6405132000987,,,,,,,,,,,,,,,,,,0,,
VIR,Virgin Islands (U.S.),Latin America & Caribbean,country,2015,107712.0,19.5416344547246,63.1876106636076,17.2707548816679,58.651,11.649,25.425,50829.0,44908,41.6927,2.05043544836826,18.9300411522634,79.0171308259164,,,,,,,,,,,,,,,,,,0,,
VIR,Virgin Islands (U.S.),Latin America & Caribbean,country,2016,107516.0,18.9795167046744,62.9562211745938,18.0642621207318,58.324,11.734,26.746,50806.0,44844,41.7091,1.98842740155936,18.6681704506448,79.3458539694993,,,,,,,,,,,,,,,,,,0,,
VIR,Virgin Islands (U.S.),Latin America & Caribbean,country,2017,107281.0,18.3320629747418,62.7912844639525,18.8766525613058,59.135,11.445,26.044,51811.0,45881,42.7671,1.93465916074633,18.2280783696748,79.8372624695789,,,,,,,,,,,,,,,,,,0,,
VIR,Virgin Islands (U.S.),Latin America & Caribbean,country,2018,107001.0,17.6161817521925,62.6625786146487,19.7212396331587,55.066,11.703,26.474,48542.0,42861,40.0566,1.87168668181326,17.9243752028562,80.2066428648707,,,,,,,,,,,,,,,,,,0,,
VIR,Virgin Islands (U.S.),Latin America & Caribbean,country,2019,106669.0,16.8513804581946,62.5404906430949,20.6081288987105,52.303,11.774,26.505,46389.0,40927,38.3682,1.8080545915838,17.6372809191916,80.5546644892246,,,,,,,,,,,,,,,,,,0,,
VIR,Virgin Islands (U.S.),Latin America & Caribbean,country,2020,106290.0,16.4634320147309,62.3448661159663,21.1917018693027,52.454,14.366,34.064,46574.0,39883,37.5228,1.78967518458874,17.2039743550788,81.0063504603324,,,,,,,,,,,,,,,,,,0,,
VIR,Virgin Islands (U.S.),Latin America & Caribbean,country,2021,105870.0,16.4876236772411,62.0530135400066,21.4593627827523,53.562,13.508,30.712,47357.0,40960,38.689,1.76915098533116,17.6737294413987,80.5571195732701,,,,,,,,,,,,,,,,,,0,,
VIR,Virgin Islands (U.S.),Latin America & Caribbean,country,2022,105413.0,16.5096466181927,61.6788236790086,21.8115297027986,54.524,12.092,25.611,47986.0,42184,40.0178,1.7216476977295,17.3666878502513,80.9116644520192,,,,,,,,,,,,,,,,,,0,,
VIR,Virgin Islands (U.S.),Latin America & Caribbean,country,2023,104917.0,16.5190604543704,61.2373251187267,22.2436144269028,54.564,11.358,23.588,47790.0,42362,40.3767,1.67326532381585,17.1054532843973,81.2212813917868,,,,,,,,,,,,,,,,,,0,,
VIR,Virgin Islands (U.S.),Latin America & Caribbean,country,2024,104377.0,16.4966727518992,60.8132618809257,22.6900653671751,54.471,11.423,23.049,47476.0,42053,40.2895,1.62827408793265,16.8089335827877,81.5627923292797,,,,,,,,,,,,,,,,,,0,,
VIR,Virgin Islands (U.S.),Latin America & Caribbean,country,2025,103792.0,16.4579829685578,60.4182389750233,23.1237780564189,54.356,11.443,24.196,47132.0,41739,40.2141,1.58711393527412,16.553864341658,81.8619772425004,,,,,,,,,,,,,,,,,,0,,
VNM,Viet Nam,East Asia & Pacific,country,2013,90573104.0,23.9358308841883,69.8981123579468,6.1660567578649,77.234,1.316,4.559,53209344.0,52509109,57.9743,46.813420117302,21.1832292145355,32.0033506681625,1.058,5.6998,3.2615,1.6926,16.2475,12.0591,12.0479,6.9842,40.9493,11.7119,6.7578,88.288,8.1648,0.2266,888769,6149814,ISCO-08,9,,
VNM,Viet Nam,East Asia & Pacific,country,2014,91679578.0,23.9697389313899,69.7479006720559,6.28236039655418,77.306,1.256,4.666,53885546.0,53208744,58.0377,46.3357632626857,21.4461042822337,32.2181324550806,1.09,6.1239,3.1176,1.7318,16.1431,12.2501,11.9984,7.3919,40.1533,12.0633,7.2139,87.9368,8.2893,0.2287,921469,6418730,ISCO-08,9,,
VNM,Viet Nam,East Asia & Pacific,country,2015,92823254.0,23.9927664031257,69.5564437980164,6.45078979885794,77.43,1.848,6.267,54628714.0,53619175,57.7648,44.0184515218041,22.7436707500954,33.2378777281005,1.0814,6.5403,3.1642,1.8228,16.5705,10.3509,12.0432,8.5242,39.9024,12.6087,7.6217,87.3912,9.5559,0.2344,977370,6760681,ISCO-08,9,,
VNM,Viet Nam,East Asia & Pacific,country,2016,94000117.0,24.1320754107789,69.2591615032732,6.60876308594788,76.965,1.848,6.763,54888312.0,53873976,57.3127,41.8649072066788,24.7622070388361,33.37288761068,1.0437,6.8812,3.0824,1.8654,16.6651,10.2888,12.839,9.2557,38.0787,12.8727,7.9249,87.1273,9.6215,0.237,1004965,6935035,ISCO-08,9,,
VNM,Viet Nam,East Asia & Pacific,country,2017,95176977.0,24.4196414223158,68.8126189382964,6.76773963938779,77.2,1.874,7.124,55533898.0,54493193,57.2546,40.1554391261382,25.7768318231697,34.0677198752187,1.1476,7.223,3.2754,1.8235,16.7425,9.7969,13.1643,9.6215,37.2051,13.4695,8.3706,86.5303,9.9374,0.2408,993683,7339961,ISCO-08,9,,
VNM,Viet Nam,East Asia & Pacific,country,2018,96237319.0,24.5830496141364,68.4353308489645,6.98161953689909,77.482,1.161,4.648,56235855.0,55582957,57.7561,37.7241139171479,26.7047230561435,35.5711648258268,1.1528,7.1226,3.4056,1.9935,17.7422,9.5157,13.4998,9.9157,35.652,13.6745,8.2754,86.3254,10.2276,0.2448,1108046,7600691,ISCO-08,9,,
VNM,Viet Nam,East Asia & Pacific,country,2019,97173776.0,24.53947310095,68.2102971289821,7.25022977006795,76.615,1.681,5.624,56180127.0,55235739,56.8422,34.5351601063592,29.5891842687317,35.8756556249091,0.9867,8.1397,3.4043,1.9805,17.4992,7.4237,14.0904,11.8572,34.6183,14.5112,9.1264,85.4888,10.5384,0.2516,1093944,8015369,ISCO-08,9,,
VNM,Viet Nam,East Asia & Pacific,country,2020,98079191.0,24.3889440319711,68.0438111484831,7.56724481954587,74.367,2.103,6.546,55149609.0,53989813,55.0472,32.6123879661738,31.0698896075906,36.3177224262355,1.0328,8.1154,3.2404,1.9154,18.0485,7.3007,13.8042,13.4323,33.1103,14.304,9.1482,85.696,9.8631,0.2525,1034121,7722703,ISCO-08,9,,
VNM,Viet Nam,East Asia & Pacific,country,2021,98935098.0,24.1976460962436,67.91665042917,7.88570347458642,73.738,2.383,6.903,55299911.0,53982114,54.5632,29.0283266030004,33.1255735800284,37.8460942595862,0.9287,6.9791,3.1725,2.1868,18.0492,16.9319,13.8576,13.4444,24.4498,13.2671,7.9078,86.7329,8.5293,0.2433,1180481,7161861,ISCO-08,9,,
VNM,Viet Nam,East Asia & Pacific,country,2022,99680655.0,23.9348788388279,67.8350734151978,8.23004774597438,74.484,1.57,6.097,56475416.0,55588752,55.7668,33.4623722339218,30.6825928896503,35.8550348764279,0.8886,6.8754,3.1274,2.3099,18.3514,16.8083,13.7993,14.2846,23.5551,13.2013,7.764,86.7987,8.225,0.2444,1284045,7338438,ISCO-08,9,,
VNM,Viet Nam,East Asia & Pacific,country,2023,100352192.0,23.6058472126142,67.7729868011901,8.62116598619573,73.545,1.645,6.441,56381956.0,55454473,55.2599,26.9827056291982,33.467876483268,39.5494160842561,0.8933,6.7773,3.2376,2.4355,19.0175,15.4143,13.6365,14.063,24.525,13.3437,7.6706,86.6563,7.7544,0.2472,1350594,7399679,ISCO-08,9,,
VNM,Viet Nam,East Asia & Pacific,country,2024,100987686.0,23.2240051365074,67.7288116705198,9.04718319297274,73.134,1.602,6.338,56703936.0,55795539,55.2498,25.8741334316538,34.3195198506067,39.8063485099891,0.8799,7.2233,2.9582,2.4197,19.3369,15.2812,13.4527,14.2897,24.1583,13.4811,8.1032,86.5188,8.9383,0.2491,1350085,7521852,ISCO-08,9,,
VNM,Viet Nam,East Asia & Pacific,country,2025,101598527.0,22.8560173908821,67.6494468271179,9.49453578200007,72.778,1.523,6.165,57041323.0,56172584,55.2888,25.0433926775449,34.8260889132074,40.1305077279733,,,,,,,,,,,,,,,,,,0,,
VUT,Vanuatu,East Asia & Pacific,country,2013,254482.0,38.2392467836625,58.2249432179879,3.53580999834959,62.492,5.038,10.465,98219.0,93271,36.6513,52.8803164970891,9.71791875288139,37.4006926054186,,,,,,,,,,,,,,,,,,0,,
VUT,Vanuatu,East Asia & Pacific,country,2014,260240.0,38.375035304018,57.9833192117261,3.64164548425585,61.853,5.137,10.814,99196.0,94100,36.1589,51.606286995611,9.75249471301502,38.641218291374,,,,,,,,,,,,,,,,,,0,,
VUT,Vanuatu,East Asia & Pacific,country,2015,266101.0,38.5257853221145,57.7367240258398,3.73749065204565,61.209,5.168,11.067,100128.0,94953,35.6831,50.2711867976789,9.57736985666593,40.1514433456552,,,,,,,,,,,,,,,,,,0,,
VUT,Vanuatu,East Asia & Pacific,country,2016,272087.0,38.6728117712566,57.5021178926555,3.82507033608797,60.561,5.197,11.32,101055.0,95803,35.2104,48.2954426838688,9.89645310118787,41.8081042149433,,,,,,,,,,,,,,,,,,0,,
VUT,Vanuatu,East Asia & Pacific,country,2017,278507.0,38.8237997608678,57.2890447995921,3.88715543954012,59.909,5.247,11.612,102073.0,96717,34.727,46.2302777145929,10.4758162906594,43.2939059947476,,,,,,,,,,,,,,,,,,0,,
VUT,Vanuatu,East Asia & Pacific,country,2018,285259.0,38.9483573670898,57.114161365919,3.93748126699117,59.254,5.353,11.992,103194.0,97670,34.2391,44.6093989966213,10.6225043513873,44.7680966519914,,,,,,,,,,,,,,,,,,0,,
VUT,Vanuatu,East Asia & Pacific,country,2019,291985.0,39.003097767176,56.990696423954,4.00620580886999,58.596,5.444,12.336,104361.0,98680,33.7963,42.9179460675524,10.7885163003273,46.2935376321203,5.6322,7.3188,3.6295,2.1767,16.4909,49.3575,5.8711,3.0972,6.4261,18.7572,12.951,81.2428,10.8478,0.2425,2148,18510,ISCO-08,9,,
VUT,Vanuatu,East Asia & Pacific,country,2020,298858.0,39.0050809998712,56.9353055041098,4.05961349601902,58.039,4.046,9.696,105798.0,101517,33.9683,44.6876416005043,10.6532831616068,44.6590752378888,2.9188,10.0481,2.4338,2.738,17.4227,40.3688,5.964,3.1241,14.9817,18.1387,12.9669,81.8613,9.4567,0.2506,2780,18414,ISCO-08,9,,
VUT,Vanuatu,East Asia & Pacific,country,2021,305868.0,38.9610241002261,56.9427711581938,4.09620474158012,58.284,4.776,10.921,108816.0,103619,33.877,45.1036971983903,10.8097935706772,44.0855441569596,,,,,,,,,,,,,,,,,,0,,
VUT,Vanuatu,East Asia & Pacific,country,2022,313046.0,38.8356042952085,57.0145329847163,4.14986272007513,58.425,5.077,11.61,111868.0,106188,33.9209,44.7616984810103,10.6574127263653,44.5808887926245,,,,,,,,,,,,,,,,,,0,,
VUT,Vanuatu,East Asia & Pacific,country,2023,320409.0,38.6133638776749,57.1684271796784,4.21820894264665,58.399,5.011,11.489,114864.0,109108,34.0527,44.6286672715774,10.5694410074514,44.8018917209712,,,,,,,,,,,,,,,,,,0,,
VUT,Vanuatu,East Asia & Pacific,country,2024,327777.0,38.3139477236845,57.390302873138,4.29574940317746,58.345,4.988,11.425,117969.0,112085,34.1955,44.6348753178391,10.2591783021814,45.1059463799795,,,,,,,,,,,,,,,,,,0,,
VUT,Vanuatu,East Asia & Pacific,country,2025,335169.0,37.9617446720908,57.6594195763928,4.3788357515164,58.111,5.073,11.343,120833.0,114703,34.2224,44.5275583686422,10.0451605028683,45.4272811284895,2.2522,6.9595,2.8363,1.1199,14.9078,47.6116,8.7152,3.0936,12.5039,13.1679,9.2117,86.8321,6.1887,0.2121,1285,15104,ISCO-08,9,,
WLD,World,AGGREGATE,world,2013,7242060524.0,26.9218,65.1673,7.9109,61.9764,6.3943,15.7352,3279182114.0,3089992846,42.6673,30.1766,23.4535,46.3699,5.1057,11.6031,9.6216,6.667,17.2644,15.8048,12.2414,7.588,14.9532,32.5307,16.7077,67.4693,22.3874,0.3453,103737925,1005196303,,,50.36,218
WLD,World,AGGREGATE,world,2014,7330140187.0,26.8066,65.1271,8.0663,61.7569,6.2551,15.6137,3313069832.0,3126660765,42.6549,29.303,23.4556,47.2414,5.1433,12.0835,9.1925,7.2144,17.8227,14.4609,11.8809,7.7693,15.1219,33.2258,17.2255,66.7742,23.4535,0.3522,103534610,1038858052,,,45.9,218
WLD,World,AGGREGATE,world,2015,7417623209.0,26.6752,65.0793,8.2454,61.6282,6.3248,15.8664,3351543980.0,3161529948,42.6219,28.6225,23.2866,48.0909,5.5714,12.6059,9.4291,7.1525,17.761,12.6592,12.0688,7.9784,15.516,34.3138,18.1757,65.6862,24.2113,0.3584,96865543,1084841063,,,42.84,218
WLD,World,AGGREGATE,world,2016,7504713217.0,26.5358,65.0293,8.4349,61.474,6.2847,15.876,3388704395.0,3197481038,42.6063,28.0952,23.2932,48.6115,5.4844,13.795,10.142,7.115,18.0545,11.5655,12.3324,8.4675,14.0981,35.9127,19.2777,64.0873,26.101,0.3688,89667995,1148301773,,,39.41,218
WLD,World,AGGREGATE,world,2017,7590236185.0,26.4039,64.9564,8.6397,61.2817,6.2329,15.7893,3423008994.0,3232261591,42.5845,27.5306,23.3821,49.0873,5.3847,13.0585,9.1292,6.9591,18.84,12.5008,12.1841,8.218,14.5977,34.0396,18.4417,65.9604,24.19,0.3598,100720420,1100248917,,,44.78,218
WLD,World,AGGREGATE,world,2018,7672585454.0,26.2533,64.8874,8.8594,61.1497,6.1118,15.4958,3459599511.0,3271676790,42.6411,26.8876,23.4805,49.632,6.5634,11.5999,8.5747,5.9676,16.0079,15.1229,12.0828,7.7634,16.896,32.3801,18.1619,67.6198,22.6038,0.3394,105001778,1059372216,,,53.78,218
WLD,World,AGGREGATE,world,2019,7753571445.0,26.0747,64.8377,9.0876,61.0195,5.9015,14.9437,3496784816.0,3312913152,42.7276,26.355,23.5,50.145,6.3072,11.1823,7.9274,5.6976,16.7203,16.4636,11.7244,7.6418,16.8585,30.8191,17.4611,69.1809,22.1514,0.3317,113642430,1021010017,,,60.21,218
WLD,World,AGGREGATE,world,2020,7830279316.0,25.8699,64.818,9.3121,59.6575,6.9307,16.888,3460560394.0,3243938630,41.4281,27.2711,23.2488,49.4801,6.1273,11.4082,8.0026,5.6164,15.8144,18.7991,11.3197,7.3551,16.068,30.8778,17.5343,69.1222,21.964,0.3288,108866034,1001656882,,,59.75,218
WLD,World,AGGREGATE,world,2021,7896080486.0,25.6451,64.8486,9.5064,60.3876,6.3863,15.5288,3543824191.0,3329423036,42.1655,26.9411,23.5138,49.5451,5.0842,13.6979,9.246,6.6547,18.0781,13.509,11.4516,7.9201,14.7997,34.2744,18.782,65.7256,24.1856,0.3584,100430520,1141139769,,,45.33,217
WLD,World,AGGREGATE,world,2022,7965363923.0,25.384,64.8995,9.7165,60.7709,5.5132,14.2011,3587199331.0,3399221553,42.675,26.9828,23.5312,49.486,4.7697,11.6039,7.2552,5.5743,16.8762,18.9152,11.2983,7.2806,16.6976,28.9655,16.3737,71.0345,20.9588,0.3226,114221657,984601519,,,60.28,217
WLD,World,AGGREGATE,world,2023,8039550134.0,25.0823,64.9605,9.9572,61.2754,5.1069,13.5481,3644820811.0,3468051942,43.1374,26.6301,23.4721,49.8978,4.4752,12.0974,7.4917,5.6983,17.2218,18.0645,11.5847,7.4418,16.2073,29.5133,16.5725,70.4867,21.1646,0.3275,115449681,1023536574,,,58.42,217
WLD,World,AGGREGATE,world,2024,8117484624.0,24.7633,65.0608,10.1759,61.2245,5.0655,13.4495,3684917480.0,3508351452,43.2197,26.1445,23.5636,50.2919,4.5001,11.9853,7.5336,4.8428,16.6186,20.0702,11.605,7.4292,15.4535,28.8619,16.4854,71.1381,20.3667,0.32,93998037,1012576888,,,55.32,217
WLD,World,AGGREGATE,world,2025,8192078152.0,24.4458,65.1792,10.3749,61.0848,5.0564,13.5882,3724371187.0,3546654857,43.2937,25.8346,23.6252,50.5403,4.7198,13.2327,8.5007,5.3275,16.0757,17.573,11.2362,7.2739,16.0643,31.7807,17.9525,68.2194,21.5221,0.3361,84980795,1127151740,,,44.98,217
WLD,World,AGGREGATE,world,2026,,,,,,,,,59443691,,,,,3.0002,10.668,7.7782,6.3591,20.9397,6.4733,13.8788,10.4957,20.407,27.8055,13.6682,72.1945,18.1101,0.3361,3780084,16528616,,,100.0,1
WSM,Samoa,East Asia & Pacific,country,2013,198268.0,38.1169979094006,57.0014904031654,4.88151168743396,54.869,8.772,17.555,67321.0,61416,30.9763,32.4036081802788,13.0731405496939,54.5232512700274,,,,,,,,,,,,,,,,,,0,,
WSM,Samoa,East Asia & Pacific,country,2014,200037.0,38.0784554857351,57.0476961762074,4.87384833805746,54.838,8.72,17.525,67926.0,62003,30.9958,31.7823331129139,12.9558247181588,55.2618421689273,,,,,,,,,,,,,,,,,,0,,
WSM,Samoa,East Asia & Pacific,country,2015,201782.0,38.065337839847,57.0613335183515,4.87332864180155,54.71,8.901,18.058,68373.0,62287,30.8685,31.2291292062677,13.1839198561521,55.5853454919086,,,,,,,,,,,,,,,,,,0,,
WSM,Samoa,East Asia & Pacific,country,2016,203499.0,38.1051012535688,57.0160049926535,4.87889375377766,54.498,9.063,18.605,68644.0,62423,30.6748,30.3658966390055,13.9325878696613,55.7015154913332,,,,,,,,,,,,,,,,,,0,,
WSM,Samoa,East Asia & Pacific,country,2017,205415.0,38.2149264049033,56.8389768005667,4.94609679453008,54.432,9.4,19.382,69083.0,62589,30.4695,29.9269839748199,14.0168400198118,56.0561760053684,4.7996,7.517,7.0972,3.6434,13.933,38.9639,10.4534,5.8398,7.7526,23.0572,12.3166,76.9427,13.1123,0.2694,2280,14431,ISCO-08,9,,
WSM,Samoa,East Asia & Pacific,country,2018,207582.0,38.3294312608993,56.614253644343,5.05631509475773,52.348,8.649,18.45,67014.0,61218,29.491,29.6770610431402,13.6150541498554,56.7062513272023,5.9341,8.4397,3.915,4.1068,14.2436,40.9156,12.9404,4.5589,4.946,22.3956,14.3738,77.6045,17.5986,0.267,2514,13710,ISCO-08,9,,
WSM,Samoa,East Asia & Pacific,country,2019,209780.0,38.4572849110614,56.371809447539,5.17090564139966,50.147,7.858,17.486,64742.0,59655,28.4369,29.1916719750562,13.9353605793409,56.872967445603,,,,,,,,,,,,,,,,,,0,,
WSM,Samoa,East Asia & Pacific,country,2020,211944.0,38.598167440456,56.1034990374816,5.29833352206243,47.572,7.467,17.834,61909.0,57286,27.0288,30.0364829717039,13.861783650741,56.0999877808229,,,,,,,,,,,,,,,,,,0,,
WSM,Samoa,East Asia & Pacific,country,2021,213779.0,38.7091341993367,55.8700807843614,5.42078501630188,45.59,6.664,16.034,59735.0,55754,26.0802,30.0726392251816,13.9574926015604,55.969868173258,,,,,,,,,,,,,,,,,,0,,
WSM,Samoa,East Asia & Pacific,country,2022,215261.0,38.7857967439451,55.6579121575951,5.55629109845977,43.733,5.048,13.245,57627.0,54718,25.4194,30.3172630578603,13.3064073979312,56.3763295442085,4.5204,12.0264,6.1579,3.911,17.1484,28.1884,12.6718,5.7599,9.6158,26.6157,16.5468,73.3843,17.876,0.304,2140,14564,ISCO-08,9,,
WSM,Samoa,East Asia & Pacific,country,2023,216663.0,38.7278861642274,55.5664788173338,5.70563501843877,43.438,4.92,12.9,57666.0,54829,25.3061,29.1876413511345,14.1807105858321,56.6316480630335,,,,,,,,,,,,,,,,,,0,,
WSM,Samoa,East Asia & Pacific,country,2024,218019.0,38.4642199436289,55.6548840814698,5.88089597490133,43.084,4.855,12.667,57801.0,54995,25.2249,27.735248658969,15.4032184744068,56.8615328666242,,,,,,,,,,,,,,,,,,0,,
WSM,Samoa,East Asia & Pacific,country,2025,219306.0,38.0611153796171,55.8699810539131,6.06890356646976,42.534,4.996,12.977,57776.0,54890,25.029,26.8773911459282,15.9409728548005,57.1816359992713,,,,,,,,,,,,,,,,,,0,,
XKX,Kosovo,Europe & Central Asia,country,2013,1818119.0,26.6220165785533,66.3036473807856,7.0743360406611,,,,,,,,,,,,,,,,,,,,,,,,,,,0,,
XKX,Kosovo,Europe & Central Asia,country,2014,1812788.0,26.2665352114078,66.4676595463577,7.26580524223451,,,,,,,,,,,,,,,,,,,,,,,,,,,0,,
XKX,Kosovo,Europe & Central Asia,country,2015,1788274.0,25.9339411586154,66.528538183944,7.53752065744061,,,,,,,,,,,,,,,,,,,,,,,,,,,0,,
XKX,Kosovo,Europe & Central Asia,country,2016,1777568.0,25.2820256521378,66.9239089128592,7.79406543500305,,,,,,,,,,,,,,,,,,,,,,,,,,,0,,
XKX,Kosovo,Europe & Central Asia,country,2017,1791019.0,24.402203697828,67.6060547960856,7.99174150608641,,,,,,,,,,,,,,,,,,,,,,,,,,,0,,
XKX,Kosovo,Europe & Central Asia,country,2018,1797086.0,23.6885663680369,68.0809858457772,8.23044778618587,,,,,,,,,,,,,,,,,,,,,,,,,,,0,,
XKX,Kosovo,Europe & Central Asia,country,2019,1788891.0,23.1476511673225,68.3125247145083,8.53982411816925,,,,,,,,,,,,,,,,,,,,,,,,,,,0,,
XKX,Kosovo,Europe & Central Asia,country,2020,1790151.0,22.5998434410537,68.6787041578334,8.72145240111293,,,,,,,,,,,,,,,,,,,,,,,,,,,0,,
XKX,Kosovo,Europe & Central Asia,country,2021,1786079.0,22.1331072376368,68.9767494877101,8.89014327465316,,,,,,,,,,,,,,,,,,,,,,,,,,,0,,
XKX,Kosovo,Europe & Central Asia,country,2022,1768096.0,21.7480060490842,69.0127920202381,9.23920193067768,,,,,,,,,,,,,,,,,,,,,,,,,,,0,,
XKX,Kosovo,Europe & Central Asia,country,2023,1682668.0,21.2942944258941,69.0618491844705,9.64385638963536,,,,,,,,,,,,,,,,,,,,,,,,,,,0,,
XKX,Kosovo,Europe & Central Asia,country,2024,1594353.0,20.7108304299052,69.215065379068,10.0741041910268,,,,,,,,,,,,,,,,,,,,,,,,,,,0,,
XKX,Kosovo,Europe & Central Asia,country,2025,1576876.0,19.9864406779661,69.5035914283581,10.5099678936758,,,,,,,,,,,,,,,,,,,,,,,,,,,0,,
YEM,"Yemen, Rep.","Middle East, North Africa, Afghanistan & Pakistan",country,2013,29312952.0,42.3318180304734,54.9181177658258,2.75006420370081,37.564,13.673,24.56,6349911.0,5481688,18.7006,29.2635735986751,14.8761664861244,55.8602416724648,,,,,,,,,,,,,,,,,,0,,
YEM,"Yemen, Rep.","Middle East, North Africa, Afghanistan & Pakistan",country,2014,30226309.0,42.0599551205541,55.209704896486,2.73033998295988,36.972,13.467,24.761,6474957.0,5602975,18.5367,29.2437637706599,14.4807953674362,56.2754408619039,1.6426,7.2967,3.4927,6.6936,22.9548,28.2583,11.9177,9.6156,8.128,19.1256,8.9393,80.8744,8.6811,0.2865,375041,1071603,ISCO-88,9,,
YEM,"Yemen, Rep.","Middle East, North Africa, Afghanistan & Pakistan",country,2015,31159379.0,41.8427177255362,55.4607009337381,2.69658134072569,32.068,17.9,32.7,5811186.0,4770984,15.3116,30.451833050025,12.9938734146439,56.5542935353311,,,,,,,,,,,,,,,,,,0,,
YEM,"Yemen, Rep.","Middle East, North Africa, Afghanistan & Pakistan",country,2016,32109010.0,41.684013303431,55.6585160987523,2.65747059781663,32.282,18.42,33.511,6044703.0,4931269,15.3579,30.8434607663828,12.3563774894078,56.8001617442093,,,,,,,,,,,,,,,,,,0,,
YEM,"Yemen, Rep.","Middle East, North Africa, Afghanistan & Pakistan",country,2017,33090921.0,41.5612919694606,55.8147526958414,2.62395533469807,32.47,18.611,33.899,6279018.0,5110430,15.4436,30.9956881917899,11.8981837963285,57.106147579879,,,,,,,,,,,,,,,,,,0,,
YEM,"Yemen, Rep.","Middle East, North Africa, Afghanistan & Pakistan",country,2018,34085182.0,41.4727578688006,55.9318885256356,2.59535360556385,32.612,17.593,32.72,6505806.0,5361240,15.7289,30.6860751843797,11.7911408224247,57.5227839931956,,,,,,,,,,,,,,,,,,0,,
YEM,"Yemen, Rep.","Middle East, North Africa, Afghanistan & Pakistan",country,2019,35111408.0,41.3900254497061,56.0378603449605,2.57211420533341,32.729,17.213,32.347,6735232.0,5575897,15.8806,30.371850284259,11.7740813142273,57.8540684015137,,,,,,,,,,,,,,,,,,0,,
YEM,"Yemen, Rep.","Middle East, North Africa, Afghanistan & Pakistan",country,2020,36134863.0,41.3521086083527,56.1012870575808,2.54660433406646,32.487,17.963,34.531,6884754.0,5648046,15.6305,32.0632440207449,11.8260922219224,56.1106637573326,,,,,,,,,,,,,,,,,,0,,
YEM,"Yemen, Rep.","Middle East, North Africa, Afghanistan & Pakistan",country,2021,37140230.0,41.3543731237748,56.126745093841,2.5188817823842,32.308,18.312,34.097,7037044.0,5748421,15.4776,32.4615573293532,11.9662798697746,55.5721628008722,,,,,,,,,,,,,,,,,,0,,
YEM,"Yemen, Rep.","Middle East, North Africa, Afghanistan & Pakistan",country,2022,38222876.0,41.3080564804707,56.1878671320791,2.50407638745023,33.025,17.224,32.454,7408746.0,6132664,16.0445,32.104752951996,11.8977973051087,55.997466048887,,,,,,,,,,,,,,,,,,0,,
YEM,"Yemen, Rep.","Middle East, North Africa, Afghanistan & Pakistan",country,2023,39390799.0,41.2261185664195,56.2663580396021,2.50752339397838,33.106,16.944,32.104,7664536.0,6365857,16.1608,31.9626197586213,11.6130243342292,56.4243401985256,,,,,,,,,,,,,,,,,,0,,
YEM,"Yemen, Rep.","Middle East, North Africa, Afghanistan & Pakistan",country,2024,40583164.0,41.1284265424891,56.3485358565373,2.52303760097367,33.185,16.97,32.172,7928543.0,6583069,16.2212,31.8146969990881,11.3601663897201,56.8251366111918,,,,,,,,,,,,,,,,,,0,,
YEM,"Yemen, Rep.","Middle East, North Africa, Afghanistan & Pakistan",country,2025,41773878.0,41.0204008473956,56.4342536792281,2.54534547337627,33.103,17.322,32.598,8155939.0,6743167,16.1421,31.6169333772096,11.1283465735793,57.254720049211,,,,,,,,,,,,,,,,,,0,,
ZAF,South Africa,Sub-Saharan Africa,country,2013,54678791.0,28.6881386176942,66.0240186544723,5.28784272783352,53.078,24.561,51.205,20696420.0,15613172,28.5543,4.93580921305792,23.5450079753316,71.5191764067506,8.4221,6.3648,11.2234,10.9048,13.5141,0.4893,11.7542,8.6859,28.6413,36.9151,14.7869,63.0848,30.6053,0.3685,1702585,5763618,ISCO-88,9,,
ZAF,South Africa,Sub-Saharan Africa,country,2014,55594838.0,28.5045913030218,66.1642537193448,5.3311549776334,53.314,24.89,51.194,21191119.0,15916649,28.6297,4.58217337572951,23.4610684615302,71.9567581627402,9.0232,5.6855,10.3792,11.0387,14.3825,0.5378,12.0398,8.497,28.4163,36.1266,14.7087,63.8734,30.3095,0.3658,1756991,5750144,ISCO-88,9,,
ZAF,South Africa,Sub-Saharan Africa,country,2015,56723537.0,28.3085126400749,66.3218759288748,5.36961143105032,54.591,25.149,50.115,22199948.0,16616883,29.2945,5.5724566442542,23.8477724905374,70.5797708652084,8.3951,5.0161,9.346,10.7092,14.6932,0.6415,12.4439,8.4248,30.3302,33.4664,13.4112,66.5336,28.0773,0.3524,1779535,5561073,ISCO-88,9,,
ZAF,South Africa,Sub-Saharan Africa,country,2016,57259551.0,28.3271458066446,66.199319306573,5.47353488678247,54.714,26.536,53.452,22454382.0,16495887,28.809,5.52264523635051,23.3624826079134,71.1148721557361,8.8524,5.5726,9.5054,10.4872,14.8378,0.4787,12.2639,8.2167,29.7853,34.4176,14.425,65.5824,28.3988,0.357,1729957,5677488,ISCO-88,9,,
ZAF,South Africa,Sub-Saharan Africa,country,2017,57635162.0,28.2635806593204,66.1083636756326,5.62805566504697,55.359,27.035,53.396,22888401.0,16700522,28.9763,5.23662697685135,23.352758098266,71.4106089371004,9.0955,5.6823,9.189,10.5853,14.8187,0.4736,12.1872,8.1918,29.7766,34.5521,14.7778,65.4479,29.4128,0.3578,1767800,5770381,ISCO-88,9,,
ZAF,South Africa,Sub-Saharan Africa,country,2018,58613001.0,27.8564496966846,66.3669410679632,5.77660923535215,55.161,26.906,53.634,23325105.0,17049252,29.0878,5.12277019543145,23.16101609619,71.7162137083785,8.9869,5.5735,8.8727,10.5002,15.3956,0.4059,12.353,8.4259,29.4864,33.9333,14.5604,66.0668,27.89,0.356,1790206,5785374,ISCO-88,9,,
ZAF,South Africa,Sub-Saharan Africa,country,2019,59587885.0,27.4300151160759,66.6247646931523,5.94522019077183,55.267,28.468,57.317,23899064.0,17095478,28.6895,5.2454668193233,22.3037455528364,72.4507876278403,9.2735,5.6871,8.796,10.4894,15.6957,0.4158,11.897,8.4722,29.2731,34.246,14.9606,65.7538,29.0488,0.358,1793213,5854517,ISCO-88,9,,
ZAF,South Africa,Sub-Saharan Africa,country,2020,60562381.0,26.9991523285718,66.8913586802342,6.10948899119405,50.548,29.217,59.607,22347803.0,15818445,26.1193,5.46286472458758,21.1974768493832,73.3396584260292,9.2304,6.708,8.8826,10.4451,15.5708,0.5187,11.2359,8.5122,28.8965,35.2661,15.9384,64.7341,26.5541,0.3633,1652252,5578549,ISCO-88,9,,
ZAF,South Africa,Sub-Saharan Africa,country,2021,61502603.0,26.6135516247987,67.1518228261005,6.23462554910074,52.024,34.007,65.451,23480812.0,15495692,25.1952,5.69215855847902,20.6409767190537,73.6668582690362,9.4563,6.685,8.9867,10.058,14.9197,0.4419,10.7715,8.5441,30.1369,35.186,16.1413,64.8141,28.7683,0.3603,1558557,5452314,ISCO-88,9,,
ZAF,South Africa,Sub-Saharan Africa,country,2022,62378410.0,26.3211830824158,67.3171903548038,6.3616265627803,53.499,33.268,61.676,24587967.0,16408042,26.304,5.54321970994615,21.0969410563277,73.3598392337261,9.1513,6.9779,9.4488,10.083,15.7453,0.5173,10.7236,8.4138,28.9391,35.661,16.1292,64.3391,29.9323,0.3649,1654423,5851272,ISCO-88,9,,
ZAF,South Africa,Sub-Saharan Africa,country,2023,63212384.0,26.0848983807105,67.4000079430639,6.51509367622564,55.02,32.098,60.259,25707269.0,17455750,27.6144,5.49732948486909,20.5773773387953,73.9253046339629,7.9654,7.9255,8.9575,10.9818,16.4293,0.4187,10.2604,8.0424,29.0189,35.8302,15.8909,64.1697,28.2675,0.3707,1916956,6254430,ISCO-88,9,,
ZAF,South Africa,Sub-Saharan Africa,country,2024,64007187.0,25.8837591619497,67.4256928946564,6.69054794339382,55.57,32.279,60.248,26362253.0,17852781,27.8918,5.43899753090845,20.8079721185343,73.7530079450078,8.7903,6.0482,9.4065,10.7991,16.0058,0.5189,10.6614,8.4578,29.312,35.0441,14.8385,64.9559,29.0428,0.3636,1927940,6256346,ISCO-88,9,,
ZAF,South Africa,Sub-Saharan Africa,country,2025,64747319.0,25.7233845796504,67.3915844500713,6.88503097027824,55.584,32.391,59.93,26731522.0,18072915,27.913,5.40709733328508,20.7596838129246,73.833224386876,,,,,,,,,,,,,,,,,,0,,
ZMB,Zambia,Sub-Saharan Africa,country,2013,15398997.0,45.7218187652092,52.5167743067941,1.76140692799667,58.914,7.272,15.71,4924206.0,4566118,29.652,62.6224362707234,8.88205405384097,28.4955315757188,,,,,,,,,,,,,,,,,,0,,
ZMB,Zambia,Sub-Saharan Africa,country,2014,15895315.0,45.4670133935691,52.7905958453796,1.74239076105129,58.843,6.576,14.003,5100623.0,4765206,29.9787,62.0198206800308,9.33061922574485,28.6495600942243,,,,,,,,,,,,,,,,,,0,,
ZMB,Zambia,Sub-Saharan Africa,country,2015,16399089.0,45.1785994081317,53.0836302273751,1.73777036449312,58.763,5.951,12.364,5282918.0,4968532,30.2976,61.316461117631,9.73687965715641,28.9466592252126,2.0085,5.8992,1.9489,1.0619,18.787,48.7431,7.1895,3.8478,10.5141,10.9185,7.9077,89.0815,5.1056,0.2085,52761,542489,ISCO-08,9,,
ZMB,Zambia,Sub-Saharan Africa,country,2016,16914423.0,44.858476697668,53.3980822165793,1.74344108575267,58.674,5.244,10.506,5472448.0,5185473,30.6571,61.0880969604029,9.75125239684757,29.1606506427495,,,,,,,,,,,,,,,,,,0,,
ZMB,Zambia,Sub-Saharan Africa,country,2017,17441320.0,44.5091267320686,53.7380099022898,1.75286336564157,58.577,4.529,8.514,5669282.0,5412520,31.0327,60.8662845630868,9.75334106605938,29.3803928466249,1.1045,4.2191,1.9615,0.7704,17.7995,55.557,6.1378,3.3129,9.1372,8.0555,5.3236,91.9444,2.4355,0.1872,41698,436006,ISCO-08,9,,
ZMB,Zambia,Sub-Saharan Africa,country,2018,17973569.0,44.1450304054804,54.0877190278681,1.76725056665151,58.475,5.032,8.745,5870382.0,5574984,31.0177,59.7734566241489,9.94584218160959,30.2807191314516,3.0695,4.8088,2.4057,0.7443,15.1405,54.1428,6.4222,3.2848,9.9814,11.0283,7.8783,88.9717,3.2789,0.1956,41495,614826,ISCO-08,9,,
ZMB,Zambia,Sub-Saharan Africa,country,2019,18513839.0,43.7567582888466,54.4562325929206,1.78700911823288,59.544,5.538,10.348,6200188.0,5856822,31.6348,57.3663003656749,9.09130024188807,33.542399392437,2.9728,4.3702,2.0663,0.7163,17.5442,53.1687,6.175,3.6115,9.375,10.1256,7.343,89.8744,2.8356,0.1968,41952,593038,ISCO-08,9,,
ZMB,Zambia,Sub-Saharan Africa,country,2020,19059395.0,43.3344027971507,54.8573210219947,1.80827618085464,60.872,6.032,11.042,6574250.0,6177691,32.4128,59.1117281711374,8.67113403880841,32.2171216027503,3.277,4.7742,2.2324,1.0499,16.3379,55.4353,5.2759,3.4961,8.1213,11.3335,8.0512,88.6665,3.887,0.1997,64860,700149,ISCO-08,9,,
ZMB,Zambia,Sub-Saharan Africa,country,2021,19603607.0,42.8932123845063,55.2798254096854,1.82696220580829,60.099,5.197,9.364,6728077.0,6378419,32.537,57.8091361014727,10.1766935470216,32.0141703515057,3.4015,4.5565,2.767,0.8968,16.5932,53.2985,5.8573,3.1201,9.5091,11.6218,7.958,88.3782,4.0384,0.2019,57202,741287,ISCO-08,9,,
ZMB,Zambia,Sub-Saharan Africa,country,2022,20152938.0,42.4387153873048,55.7051954409824,1.85608917171283,59.532,5.993,9.849,6905885.0,6492015,32.2137,56.0632844045911,9.72499185924394,34.211708332653,5.3273,4.3862,2.822,0.9045,16.6365,51.5146,5.8205,3.4925,9.096,13.44,9.7135,86.5601,5.028,0.2106,58720,872527,ISCO-08,9,,
ZMB,Zambia,Sub-Saharan Africa,country,2023,20723965.0,41.9551205572872,56.1460270754173,1.89885236729554,61.961,5.861,10.038,7453413.0,7016568,33.8573,55.9688338193251,9.9236380116809,34.107528168994,3.3202,5.0095,3.0119,1.0298,16.5939,51.8554,6.2531,3.6705,9.2557,12.3714,8.3297,87.6286,3.7149,0.2074,72257,868048,ISCO-08,9,,
ZMB,Zambia,Sub-Saharan Africa,country,2024,21314956.0,41.4573443514813,56.5959028157483,1.9467528327704,61.902,5.898,10.102,7724343.0,7268761,34.1017,55.3243375687222,10.0113857203036,34.6642767109741,0.5504,4.3528,2.2005,1.1368,17.0674,56.2658,5.3001,3.4946,9.6315,8.2405,4.9032,91.7594,1.5257,0.1873,82631,598982,ISCO-08,9,,
ZMB,Zambia,Sub-Saharan Africa,country,2025,21913874.0,40.9710213721225,57.0289283401009,2.00005028777659,61.933,5.918,10.47,8011366.0,7537253,34.3949,54.5286060377699,10.2798379243275,35.1915560379026,,,,,,,,,,,,,,,,,,0,,
ZWE,Zimbabwe,Sub-Saharan Africa,country,2013,14013808.0,43.8937851905141,53.0116349170891,3.09457989239685,66.148,4.948,7.606,5200964.0,4943620,35.2768,63.1894748297514,11.4174859324702,25.3930190098255,,,,,,,,,,,,,,,,,,0,,
ZWE,Zimbabwe,Sub-Saharan Africa,country,2014,14207359.0,43.9315584244601,52.9303353610736,3.13810621446626,66.158,4.774,6.945,5270044.0,5018452,35.3229,63.9872136124574,10.6494778679205,25.3633085196221,1.0545,3.4868,1.6007,0.9442,10.9297,61.4961,5.7669,2.8548,11.8665,7.0862,4.5413,92.914,1.8496,0.1636,47384,355618,ISCO-08,9,,
ZWE,Zimbabwe,Sub-Saharan Africa,country,2015,14399013.0,43.8226043687856,52.955903991475,3.22149163973947,66.13,5.399,8.016,5349250.0,5060444,35.1444,63.7412363958867,10.6149729133048,25.6437906908085,,,,,,,,,,,,,,,,,,0,,
ZWE,Zimbabwe,Sub-Saharan Africa,country,2016,14600294.0,43.5952351370459,53.0989855409761,3.30577932197804,66.07,5.896,8.949,5441038.0,5120234,35.0694,63.721476169272,10.6068613435203,25.6716624872077,,,,,,,,,,,,,,,,,,0,,
ZWE,Zimbabwe,Sub-Saharan Africa,country,2017,14812482.0,43.2827192633888,53.3298234556504,3.38745728096075,65.989,6.35,9.833,5543892.0,5191855,35.0505,63.0285807508729,11.1212744741712,25.850144774956,,,,,,,,,,,,,,,,,,0,,
ZWE,Zimbabwe,Sub-Saharan Africa,country,2018,15034452.0,42.9204370069491,53.6144616378435,3.46510135520736,65.894,6.788,10.693,5654759.0,5270914,35.0589,62.4346505297396,11.1184596459195,26.4468898243409,,,,,,,,,,,,,,,,,,0,,
ZWE,Zimbabwe,Sub-Saharan Africa,country,2019,15271368.0,42.5422575941545,53.9235009569379,3.53424144890757,65.795,7.373,11.718,5773237.0,5347576,35.017,62.3979720066303,11.1959453596711,26.4060826336986,1.1121,4.8022,1.5657,0.9453,10.3977,53.041,5.5743,5.3188,17.2429,8.4253,5.9143,91.5747,1.8364,0.1749,50551,450549,ISCO-08,9,,
ZWE,Zimbabwe,Sub-Saharan Africa,country,2020,15526888.0,42.1837994135142,54.2345267694812,3.58167381700461,64.665,8.617,14.243,5805013.0,5304795,34.1652,58.6055928223969,12.3292618903321,29.0651452872709,,,,,,,,,,,,,,,,,,0,,
ZWE,Zimbabwe,Sub-Saharan Africa,country,2021,15797210.0,41.8719254855762,54.5301005683915,3.59797394603224,65.397,9.54,15.208,6005153.0,5432261,34.3875,53.6225329068476,13.4872238372521,32.8902432559003,2.4858,4.7674,2.2139,0.921,13.9116,49.6013,6.7981,3.5039,15.797,10.3881,7.2532,89.6119,2.5718,0.1924,50031,564309,ISCO-08,9,,
ZWE,Zimbabwe,Sub-Saharan Africa,country,2022,16069056.0,41.6115433791364,54.7802296158601,3.6082270050035,65.214,10.087,16.984,6118687.0,5501495,34.2366,53.3238340678632,12.308346956945,34.3678189751918,2.4979,5.4572,2.1812,1.0174,14.0464,49.0821,6.2877,3.6369,15.7932,11.1537,7.9551,88.8463,3.2078,0.1975,55972,613620,ISCO-08,9,,
ZWE,Zimbabwe,Sub-Saharan Africa,country,2023,16340822.0,41.3232835325935,55.0583947080017,3.61832175940481,67.786,9.348,15.332,6499497.0,5891924,36.0565,55.4494320997712,11.3921702410775,33.1583806866399,2.0517,5.0861,1.8877,0.9433,14.0303,50.4657,6.9485,3.5388,15.0479,9.9688,7.1378,90.0312,2.3223,0.1909,55579,587354,ISCO-08,9,,
ZWE,Zimbabwe,Sub-Saharan Africa,country,2024,16634373.0,40.873763046968,55.5245832086542,3.60165374437779,67.725,9.435,15.429,6660943.0,6032483,36.2652,55.1700084293481,11.4352021841709,33.394772809592,2.1885,6.3484,1.9726,0.9948,16.3884,42.5788,7.3756,4.2166,17.9363,11.5043,8.5369,88.4957,2.3654,0.2088,60011,693995,ISCO-08,9,,
ZWE,Zimbabwe,Sub-Saharan Africa,country,2025,16950795.0,40.2835855191453,56.154938455689,3.56147602516578,67.718,9.293,15.548,6854692.0,6217685,36.6808,54.3115427595032,11.5275768253149,34.1608804151819,,,,,,,,,,,,,,,,,,0,,
