iso3,country_name,region,income_group,row_type,capital,lat,lon,member_count,population_total,pop_0_14_pct,pop_15_64_pct,pop_65plus_pct,age_dependency_ratio,lfp_rate_total,lfp_rate_15_24,lfp_rate_15_24_ilo,lfp_rate_25_54,lfp_rate_55_64,emp_to_pop_ratio_15plus,youth_employment_rate_15_24,unemployment_rate_total,unemployment_rate_15_24,labor_force_total,employed_total,employed_total_source,employed_share_of_population_pct,emp_agriculture_pct,emp_industry_pct,emp_services_pct,isco1_managers_pct,isco2_professionals_pct,isco3_technicians_pct,isco4_clerical_pct,isco5_service_sales_pct,isco6_agricultural_pct,isco7_craft_pct,isco8_operators_pct,isco9_elementary_pct,isco_unclassified_pct,isco_armed_forces_thousands,isco_groups_reported,isco_classified_share_pct,isco_classification,isco_source_employed_thousands,white_collar_pct,professional_core_pct,blue_collar_service_pct,white_collar_employed,professional_core_employed,clerical_employed,professionals_employed,young_white_collar_pct,prime_white_collar_pct,late_career_white_collar_pct,youth_age_band_used,entry_level_data_quality,young_employed_total,young_white_collar_employed,youth_cohort_share,youth_wc_gap,entry_level_squeeze_index,squeeze_components_present,gdp_per_capita_ppp,population_15_24,labor_force_advanced_edu_pct,service_exports_usd,ict_service_exports_pct,ict_service_exports_usd,ai_exposure_weighted_score,exposed_wage_bill_ppp,data_year_population,data_year_labor,data_year_sector,data_year_occupation,data_year_youth_occupation,data_year_lfp_age,data_year_context,prime_white_collar_year,late_career_white_collar_year,data_source_override,data_year_population_range,data_year_labor_range,data_year_sector_range,data_year_occupation_range,data_year_youth_occupation_range,isco_coverage_pct_of_employment,youth_isco_coverage_pct_of_employment,data_quality_flag,isco1_age_15_24_pct,isco1_age_25_54_pct,isco1_age_55_64_pct,isco2_age_15_24_pct,isco2_age_25_54_pct,isco2_age_55_64_pct,isco3_age_15_24_pct,isco3_age_25_54_pct,isco3_age_55_64_pct,isco4_age_15_24_pct,isco4_age_25_54_pct,isco4_age_55_64_pct,isco5_age_15_24_pct,isco5_age_25_54_pct,isco5_age_55_64_pct,isco6_age_15_24_pct,isco6_age_25_54_pct,isco6_age_55_64_pct,isco7_age_15_24_pct,isco7_age_25_54_pct,isco7_age_55_64_pct,isco8_age_15_24_pct,isco8_age_25_54_pct,isco8_age_55_64_pct,isco9_age_15_24_pct,isco9_age_25_54_pct,isco9_age_55_64_pct,isco1_age_year,isco2_age_year,isco3_age_year,isco4_age_year,isco5_age_year,isco6_age_year,isco7_age_year,isco8_age_year,isco9_age_year,isco1_edu_bas_pct,isco1_edu_int_pct,isco1_edu_adv_pct,isco1_edu_ltb_pct,isco2_edu_bas_pct,isco2_edu_int_pct,isco2_edu_adv_pct,isco2_edu_ltb_pct,isco3_edu_bas_pct,isco3_edu_int_pct,isco3_edu_adv_pct,isco3_edu_ltb_pct,isco4_edu_bas_pct,isco4_edu_int_pct,isco4_edu_adv_pct,isco4_edu_ltb_pct,isco5_edu_bas_pct,isco5_edu_int_pct,isco5_edu_adv_pct,isco5_edu_ltb_pct,isco6_edu_bas_pct,isco6_edu_int_pct,isco6_edu_adv_pct,isco6_edu_ltb_pct,isco7_edu_bas_pct,isco7_edu_int_pct,isco7_edu_adv_pct,isco7_edu_ltb_pct,isco8_edu_bas_pct,isco8_edu_int_pct,isco8_edu_adv_pct,isco8_edu_ltb_pct,isco9_edu_bas_pct,isco9_edu_int_pct,isco9_edu_adv_pct,isco9_edu_ltb_pct,isco1_edu_year,isco2_edu_year,isco3_edu_year,isco4_edu_year,isco5_edu_year,isco6_edu_year,isco7_edu_year,isco8_edu_year,isco9_edu_year
WLD,World,AGGREGATE,Aggregate,world,,,,218,8192078152.0,24.4458,65.1792,10.3749,54.485,60.9006,42.5881,41.652,77.1555,63.0661,57.9328,37.2026,5.1227,13.6334,3764157859.0,3593561219,sum of member countries,43.8663,25.8445,23.5792,50.5763,3.8265,10.7912,6.7222,4.8425,17.63,22.4519,11.2208,7.1241,15.789,,,,,,,25.9922,14.6172,74.0079,934045619,525278031,134352087,299393853,18.0944,28.1712,22.9118,,aggregate of country proxies,,53134277,14.7519,,49.4541,,25583.5598,1204554029.0,72.9043,9285322613852.836,,1381746032171,0.3063,30483792263164,2025,2025,2025,2026,2026,,,,,,2025-2025,2021-2025,2021-2025,2013-2026,2013-2026,77.21,74.94,"aggregate — 177/218 members with ISCO data, 77.21% of employment covered",,,,,,,,,,,,,,,,,,,,,,,,,,,,,,,,,,,,,,,,,,,,,,,,,,,,,,,,,,,,,,,,,,,,,,,,,,,,,,,,,
EAS,East Asia & Pacific,AGGREGATE,Aggregate,region,,,,38,2367527180.0,17.641,68.4994,13.8596,46.2258,65.2621,47.3656,43.354,82.5566,69.8949,62.7966,41.2046,3.7968,12.8138,1271623444.0,1234794905,sum of member countries,52.1555,21.8171,28.3998,49.7831,2.7454,9.9717,5.6516,7.714,22.1247,16.0892,10.6769,8.9961,17.6395,,,,,,,25.2857,12.7149,74.7143,312226535,157002937,37172392,48052102,19.7313,28.0493,19.7474,,aggregate of country proxies,,8499028,14.1115,,46.5734,,28990.1719,333945306.0,78.6297,1733114804641.7683,,167999234283,0.3233,5364686794889,2025,2025,2025,2025,2025,,,,,,2025-2025,2025-2025,2025-2025,2013-2025,2013-2025,39.03,36.6,"aggregate — 30/38 members with ISCO data, 39.03% of employment covered",,,,,,,,,,,,,,,,,,,,,,,,,,,,,,,,,,,,,,,,,,,,,,,,,,,,,,,,,,,,,,,,,,,,,,,,,,,,,,,,,
ECS,Europe & Central Asia,AGGREGATE,Aggregate,region,,,,58,932525035.0,17.1817,64.3053,18.513,55.6765,58.0452,39.6854,39.512,85.2212,63.9674,54.8354,34.2396,5.6307,14.145,449690284.0,424712537,sum of member countries,45.5444,6.9974,23.7247,69.2779,6.3714,22.8139,14.2178,7.4375,16.0553,4.1763,11.2669,8.187,9.4777,,,,,,,50.8406,29.1853,49.1594,215926402,123953628,30387107,93209710,35.8847,54.5704,47.0195,,aggregate of country proxies,,11683733,11.7017,,46.9391,,54020.7623,108027250.0,77.8039,4772848776627.776,,765677236883,0.4487,10773368432893,2025,2025,2025,2025,2025,,,,,,2025-2025,2021-2025,2021-2025,2013-2025,2016-2025,96.2,92.81,"aggregate — 47/58 members with ISCO data, 96.2% of employment covered",,,,,,,,,,,,,,,,,,,,,,,,,,,,,,,,,,,,,,,,,,,,,,,,,,,,,,,,,,,,,,,,,,,,,,,,,,,,,,,,,
EU27,European Union (27),AGGREGATE,Aggregate,group,,,,27,451127411.0,14.2074,63.3498,22.4428,57.9381,57.3108,40.5791,40.2276,87.3812,69.3891,53.9177,34.6311,5.9812,15.9453,221676605.0,208539948,sum of member countries,46.2264,3.231,23.9178,72.8512,5.4929,23.5607,16.0943,9.4513,16.1217,2.5732,11.311,7.0751,8.3239,,,,,,,54.5992,29.0537,45.4008,113861143,60588571,19709678,49133526,37.141,57.1395,51.4823,,aggregate of country proxies,,6369694,10.5721,,45.4129,,65558.0487,47693370.0,77.355,3519487300332.7603,,637240374300,0.4734,6598880949620,2025,2025,2025,2025,2025,,,,,,2025-2025,2025-2025,2025-2025,2025-2025,2024-2025,100.0,100.0,"aggregate — 27/27 members with ISCO data, 100.0% of employment covered",,,,,,,,,,,,,,,,,,,,,,,,,,,,,,,,,,,,,,,,,,,,,,,,,,,,,,,,,,,,,,,,,,,,,,,,,,,,,,,,,
G20,G20 members,AGGREGATE,Aggregate,group,,,,19,4744611663.0,19.4082,67.7669,12.8249,47.7891,60.772,42.3154,39.9507,76.9788,61.4843,57.9073,36.2852,4.7636,14.6834,2328648381.0,2219372664,sum of member countries,46.7767,21.5629,26.2336,52.2035,4.6479,12.7823,8.1103,6.1664,16.7146,17.1836,11.0758,7.062,16.6316,,,,,,,31.3326,17.4302,68.6675,695387159,386841094,90579270,187762548,23.2225,33.6773,27.5019,,aggregate of country proxies,,35914713,14.5093,,54.5627,,32178.7622,688408507.0,72.3867,4953917893667.535,,631665197977,0.3369,21686294545397,2025,2025,2025,2026,2026,,,,,,2025-2025,2025-2025,2025-2025,2014-2026,2023-2026,66.19,65.23,"aggregate — 17/19 members with ISCO data, 66.19% of employment covered",,,,,,,,,,,,,,,,,,,,,,,,,,,,,,,,,,,,,,,,,,,,,,,,,,,,,,,,,,,,,,,,,,,,,,,,,,,,,,,,,
LCN,Latin America & Caribbean,AGGREGATE,Aggregate,region,,,,42,666592570.0,22.1427,67.6986,10.1588,47.8075,62.7482,47.2986,47.2807,80.1603,60.7654,59.3412,41.5429,5.4184,12.42,325052801.0,307448185,sum of member countries,46.1224,12.7203,20.4641,66.8155,3.414,11.6668,8.1338,7.1762,22.493,6.4934,13.4391,9.1001,19.0434,,,,,,,30.1035,15.0808,69.8965,92552664,46365646,21393084,34779859,23.6175,33.144,24.7619,,aggregate of country proxies,,10110455,16.0746,,56.4615,,23711.2172,106527887.0,80.6434,295049274142.83606,,24026453373,0.3526,2579991047828,2025,2025,2025,2026,2026,,,,,,2025-2025,2025-2025,2025-2025,2013-2026,2014-2026,96.96,96.93,"aggregate — 30/42 members with ISCO data, 96.96% of employment covered",,,,,,,,,,,,,,,,,,,,,,,,,,,,,,,,,,,,,,,,,,,,,,,,,,,,,,,,,,,,,,,,,,,,,,,,,,,,,,,,,
MEA,"Middle East, North Africa, Afghanistan & Pakistan",AGGREGATE,Aggregate,region,,,,23,828025185.0,31.7286,63.0826,5.1887,59.6378,47.0919,31.9684,35.4702,63.453,45.129,43.3167,26.6177,8.6769,18.9696,267451027.0,246347520,sum of member countries,29.7512,21.5152,26.6188,51.8661,2.9149,9.9165,5.4265,3.3497,18.2757,19.3545,16.4186,9.6641,14.6796,,,,,,,21.6076,12.8315,78.3924,53229787,31610082,7265091,21507889,12.4289,23.4738,22.0547,,aggregate of country proxies,,3193403,14.5484,,47.6622,,17004.8826,120464279.0,68.4007,558596485735.0966,,90088622480,0.2866,1247301273668,2025,2025,2025,2025,2025,,,,,,2025-2025,2022-2025,2022-2025,2014-2025,2014-2025,88.04,82.02,"aggregate — 18/23 members with ISCO data, 88.04% of employment covered",,,,,,,,,,,,,,,,,,,,,,,,,,,,,,,,,,,,,,,,,,,,,,,,,,,,,,,,,,,,,,,,,,,,,,,,,,,,,,,,,
NAC,North America,AGGREGATE,Aggregate,region,,,,3,383501065.0,16.8683,64.5403,18.5914,54.9421,62.0095,52.1575,56.3938,84.0927,66.7246,59.2169,46.98,4.4923,9.8245,197680392.0,188798784,sum of member countries,49.2303,1.4776,18.8938,79.6286,11.3002,22.5184,17.6663,8.7145,14.7874,0.573,8.3806,5.9506,10.109,,,,,,,60.1994,33.8186,39.8007,113655735,63849106,16452828,42514444,37.1995,64.1707,63.4621,,aggregate of country proxies,,7739311,12.915,,43.08,,87502.8559,49521028.0,71.2551,1405867974996.2268,,127058854931,0.491,8109295442933,2025,2025,2025,2025,2025,,,,,,2025-2025,2025-2025,2025-2025,2013-2025,2025-2025,100.0,88.72,"aggregate — 3/3 members with ISCO data, 100.0% of employment covered",,,,,,,,,,,,,,,,,,,,,,,,,,,,,,,,,,,,,,,,,,,,,,,,,,,,,,,,,,,,,,,,,,,,,,,,,,,,,,,,,
OECD,OECD members,AGGREGATE,Aggregate,group,,,,38,1402243571.0,16.4481,64.5277,19.0242,55.2819,60.6032,46.8315,47.7786,84.1064,66.9182,57.6149,41.6126,5.0026,11.6654,709911434.0,674932030,sum of member countries,48.1323,4.2702,21.6976,74.0322,7.0932,20.8801,14.8764,9.9705,17.3077,2.8426,10.0049,7.1106,11.4158,,,,,,,51.3199,27.9733,48.6801,346374443,188800762,67002906,140316469,34.4717,55.226,49.0991,,aggregate of country proxies,,22846613,12.3551,,44.8898,,64192.529,173249041.0,76.5357,6587843265284.966,,942383338020,0.4572,20653823534262,2025,2025,2025,2026,2026,,,,,,2025-2025,2025-2025,2025-2025,2014-2026,2023-2026,99.57,96.42,"aggregate — 37/38 members with ISCO data, 99.57% of employment covered",,,,,,,,,,,,,,,,,,,,,,,,,,,,,,,,,,,,,,,,,,,,,,,,,,,,,,,,,,,,,,,,,,,,,,,,,,,,,,,,,
SAS,South Asia,AGGREGATE,Aggregate,region,,,,6,1692252900.0,24.5855,68.0602,7.3543,46.9591,55.6115,32.8437,33.1696,69.1871,56.4438,53.2509,27.8844,4.2794,15.4456,709676121.0,679563112,sum of member countries,40.1573,41.5025,25.0502,33.4472,2.6559,5.7506,2.7465,2.2034,13.494,34.4296,11.9239,6.3808,20.4154,,,,,,,13.3564,8.4065,86.6437,90765167,57127473,14973778,39079116,10.8695,15.1023,9.2827,,aggregate of country proxies,,8383892,17.0506,,59.7858,,11562.1851,288538907.0,66.5543,434818373210.2241,,202238082086,0.2192,1730905035117,2025,2025,2025,2025,2025,,,,,,2025-2025,2025-2025,2025-2025,2017-2025,2017-2025,100.0,100.0,"aggregate — 6/6 members with ISCO data, 100.0% of employment covered",,,,,,,,,,,,,,,,,,,,,,,,,,,,,,,,,,,,,,,,,,,,,,,,,,,,,,,,,,,,,,,,,,,,,,,,,,,,,,,,,
SSF,Sub-Saharan Africa,AGGREGATE,Aggregate,region,,,,48,1321654217.0,40.3798,56.388,3.2323,78.0828,69.2711,50.057,49.2065,81.6573,76.0134,65.4726,45.6616,6.027,10.7936,542983790.0,511896176,sum of member countries,38.7315,49.2737,12.117,38.6093,2.2005,4.0452,2.5102,1.3399,18.0994,46.2636,8.238,3.6292,13.674,,,,,,,10.0959,6.2457,89.9042,51680526,31971499,6707807,20250733,5.0006,12.1268,10.9655,,aggregate of country proxies,,3524455,15.0861,,38.6855,,5784.693,197529372.0,72.7784,85026924498.90788,,4657548135,0.203,678244235836,2025,2025,2025,2025,2025,,,,,,2025-2025,2022-2025,2022-2025,2017-2025,2014-2025,97.8,97.63,"aggregate — 43/48 members with ISCO data, 97.8% of employment covered",,,,,,,,,,,,,,,,,,,,,,,,,,,,,,,,,,,,,,,,,,,,,,,,,,,,,,,,,,,,,,,,,,,,,,,,,,,,,,,,,
ABW,Aruba,Latin America & Caribbean,High income,country,Oranjestad,12.5167,-70.0167,,108785.0,16.5191058508056,65.7204281190041,17.7604660301903,52.1596217864436,,,,,,,,,,,,,,,,,,,,,,,,,,,,0,,,,,,,,,,,,,,,proxy_unavailable,,,13.2877,,,1,51712.1531358934,14455.0,,2988845686.27002,0.661532629582052,19772189,,,2025,,,,,,,,,,,,,,,,,partial — no ISCO data; no labor force data; no youth x ISCO cross-tab,,,,,,,,,,,,,,,,,,,,,,,,,,,,,,,,,,,,,,,,,,,,,,,,,,,,,,,,,,,,,,,,,,,,,,,,,,,,,,,,,
AFG,Afghanistan,"Middle East, North Africa, Afghanistan & Pakistan",Low income,country,Kabul,34.5228,69.1761,,43844111.0,42.5609240593232,55.013497080446,2.42557886023075,81.7735722442193,37.457,37.757,39.213,58.76,47.225,32.457,31.419,13.351,16.785,9433041.0,8173636,SL.TLF.TOTL.IN x (1 - SL.UEM.TOTL.ZS),18.6425,51.6289897399565,18.899104657876,29.4719178364586,1.8233,5.413,1.3007,0.1523,11.5152,50.5071,10.2923,5.0755,13.9206,3.2752,209.728,9,96.72,ISCO-08,7218.227,8.6893,7.2363,91.3107,710232,591469,12448,442439,4.6637,10.7907,6.2155,Y15-24,proxy_youth_15_24_x_isco,2278753,106274,16.5422,-4.0256,53.99,4,2236.19907311431,7252785.0,64.051,699571419.59346,7.82851624017411,54766062,0.1793,3277223390,2025,2025,2025,2021,2021,2021,,2021,2021,,,,,,,,,complete,10.3525,82.6952,4.261,15.7076,77.7552,5.7404,14.1815,82.6073,3.2112,16.6275,69.9013,11.9609,21.4773,68.552,6.7672,28.5454,59.2432,8.3785,30.8462,60.6903,7.1775,15.4188,80.7857,2.9848,29.9013,64.7918,4.2369,2021,2021,2021,2020,2021,2021,2021,2021,2021,7.908,23.5471,54.4664,10.3246,3.9432,42.9485,42.6053,9.6074,7.1115,28.0552,43.8076,20.3547,10.3009,29.2968,42.6665,16.8606,26.0015,18.7721,4.6214,50.2598,15.0447,6.5638,1.5695,74.4937,17.6416,14.0479,2.2025,66.0825,22.885,12.8077,2.5721,61.6067,16.0927,6.6307,0.6393,76.1328,2020,2021,2021,2020,2021,2021,2021,2021,2021
AGO,Angola,Sub-Saharan Africa,Lower middle income,country,Luanda,-8.81155,13.242,,39040039.0,44.0984836631245,53.0065921938064,2.89492414306917,88.6557825017491,74.786,54.089,53.021,91.254,77.819,64.236,39.362,14.108,27.229,16321277.0,14018671,SL.TLF.TOTL.IN x (1 - SL.UEM.TOTL.ZS),35.9084,51.94938948899,7.1991450306404,40.8514654803696,1.0974,5.5051,2.5795,0.8602,26.1317,46.1712,7.1087,4.6674,5.8788,1.6475,138.094,9,98.35,ISCO-08,13616.489,10.0422,6.6025,89.9578,1407783,925583,120589,771742,2.5607,12.9362,11.2957,Y15-24,proxy_youth_15_24_x_isco,1676566,42932,10.9102,-7.4815,38.53,4,10251.3457063657,4259352.0,83.145,117938694.058888,17.4407408985973,20569382,0.2224,31961157991,2025,2025,2025,2025,2025,2025,,2025,2025,,,,,,,,,complete,1.5968,78.6863,13.5821,4.1967,82.79,9.7314,7.8168,84.6762,6.8507,18.9444,76.4375,3.6499,21.8607,70.5932,5.7524,31.6185,51.0813,10.2478,18.6561,75.8743,4.2792,10.3292,86.1404,3.2681,20.6121,70.847,5.4482,2025,2025,2025,2025,2025,2025,2025,2025,2025,28.9558,29.2323,27.9822,6.6991,30.787,42.1367,21.4723,5.604,27.7309,41.38,20.129,2.9371,26.1844,42.8388,19.9955,1.1109,58.7959,21.2305,1.9167,11.3283,49.4553,2.6499,0.0596,39.8916,60.4152,25.9953,1.5378,5.4979,58.0837,32.5637,1.6817,3.4477,62.2683,16.0895,1.2293,14.9068,2020,2014,2019,2020,2020,2020,2020,2020,2020
ALB,Albania,Europe & Central Asia,Upper middle income,country,Tirane,41.3317,19.8172,,2349580.0,16.6061971688693,65.7716964503975,17.6221063807332,52.0410467729505,64.263,39.284,38.813,87.411,74.657,57.242,29.24,10.926,25.567,1259172.0,1121595,SL.TLF.TOTL.IN x (1 - SL.UEM.TOTL.ZS),47.736,30.7722832445964,21.9832473174847,47.2443938528146,4.0485,12.1269,4.4411,1.6879,16.4954,36.8533,10.8958,8.0301,5.421,0.1932,5.129,9,99.81,ISCO-08,1168.348,22.3044,16.1754,77.6956,250165,181422,18931,136015,17.4063,28.2849,15.7699,Y15-24,proxy_youth_15_24_x_isco,162653,28312,23.6753,-4.8981,72.99,4,28220.7950617158,556269.0,80.233,9655587972.4853,3.05103261295984,294595138,0.2736,8660070002,2025,2025,2025,2024,2024,2024,,2024,2024,,,,,,,,,complete,2.7188,73.7759,19.3023,5.6831,78.1055,14.1604,7.4372,74.628,16.7534,7.5862,73.2657,17.1653,10.8565,65.9638,19.8491,7.7032,41.3591,28.1082,5.0636,70.3474,20.3101,3.2978,73.8158,20.5233,9.6122,62.9263,25.3347,2024,2024,2024,2024,2024,2024,2024,2024,2024,9.3721,39.3996,51.2283,,0.8526,8.8281,90.284,,5.8299,25.5859,68.5862,,5.5832,42.9158,51.4959,,25.8759,52.281,20.7042,1.1395,71.6477,25.7251,2.3522,0.275,42.9494,52.1418,4.7399,0.1681,44.1175,48.9448,6.1831,0.7546,50.4721,42.0961,3.4356,3.9961,2024,2024,2024,2024,2024,2024,2024,2024,2024
AND,Andorra,Europe & Central Asia,High income,country,Andorra la Vella,42.5075,1.5218,,82904.0,11.6181871912864,71.819382542564,16.5624302661496,39.238507918913,,,,,,,,,,,,,,,,,,,,,,,,,,,,0,,,,,,,,,,,,,,,proxy_unavailable,,,,,,0,79566.7925868466,,,3378609948.54064,3.91604925721237,132308030,,,2025,,,,,,,,,,,,,,,,,partial — no ISCO data; no labor force data; no youth x ISCO cross-tab,,,,,,,,,,,,,,,,,,,,,,,,,,,,,,,,,,,,,,,,,,,,,,,,,,,,,,,,,,,,,,,,,,,,,,,,,,,,,,,,,
ARE,United Arab Emirates,"Middle East, North Africa, Afghanistan & Pakistan",High income,country,Abu Dhabi,24.4764,54.3705,,11513149.0,15.9773973206416,82.2302882072977,1.79231447206064,21.609697214495,78.594,47.305,54.944,88.556,69.356,76.885,44.253,2.174,6.451,7602907.0,7437620,SL.TLF.TOTL.IN x (1 - SL.UEM.TOTL.ZS),64.6011,1.43785178348385,30.5944309489653,67.9677172675509,8.0871,13.7327,11.8899,6.0287,14.3495,1.0509,18.1049,10.1595,16.5968,0.2407,,9,99.76,ISCO-08,9224.045,39.7384,21.8198,60.2616,2955591,1622874,448392,1021386,22.1624,40.8005,53.1165,Y15-24,proxy_youth_15_24_x_isco,329069,72930,6.4588,-17.576,23.98,4,79343.7793099888,743608.0,77.893,181320626276.379,4.58026730740351,8304969367,0.382,225429232111,2025,2025,2025,2024,2024,2024,,2024,2024,,,,,,,,,complete,1.7222,85.3673,10.1895,3.0558,89.6331,5.8973,8.9436,85.753,4.4341,8.991,85.6658,4.6111,12.721,81.4378,4.5016,13.7092,78.7744,7.2894,12.3339,85.1321,2.2839,8.9844,84.4138,6.1538,14.9799,82.3124,2.3597,2024,2024,2024,2024,2024,2024,2024,2024,2024,1.5098,9.0962,89.2912,0.1028,0.5349,3.7386,95.6647,0.0617,2.276,52.0029,37.4995,,1.3186,61.0117,29.5147,,25.5521,50.2516,16.7557,7.4154,53.4152,25.1733,5.3282,16.0729,33.0712,45.43,3.3358,18.1064,35.7621,43.2519,4.2943,16.6485,38.1497,35.5843,2.2563,23.9878,2023,2023,2025,2025,2023,2023,2023,2023,2023
ARG,Argentina,Latin America & Caribbean,Upper middle income,country,Buenos Aires,-34.6118,-58.4173,,45851378.0,21.0157121233708,66.3498539384122,12.634433938217,50.7162339547915,61.913,38.752,38.37,83.677,67.69,57.489,31.316,7.145,19.188,22422031.0,20819977,SL.TLF.TOTL.IN x (1 - SL.UEM.TOTL.ZS),45.4075,7.0009415978768,21.1843287834617,71.8147392248427,4.5946,13.382,9.1407,11.5783,25.7658,0.176,13.6576,9.0796,12.6253,1.5484,33.803,9,98.45,ISCO-08,13164.526,38.6956,17.9766,61.3043,8056415,3742724,2410599,2786129,26.5866,40.5391,38.6581,Y15-24,proxy_youth_15_24_x_isco,2156586,573363,15.0192,-12.109,55.91,4,32586.6312086783,6886530.0,78.584,18038842863.4,15.66326901765,2825472485,0.4163,282439947379,2025,2025,2025,2025,2025,2025,,2025,2025,,,,,,,,,complete,2.413,68.8492,20.0947,4.5898,76.6528,13.243,8.9268,76.8858,11.0809,10.9996,74.2213,11.5976,16.3955,68.4418,10.558,5.1305,70.2913,14.8781,8.1369,70.0615,16.0577,8.0589,72.9584,14.6255,13.4295,68.4891,13.841,2025,2025,2025,2025,2025,2025,2025,2025,2025,15.8815,41.5634,41.1873,1.3679,2.1004,21.2991,76.4085,0.1784,9.0473,46.3479,43.8684,0.5983,7.482,61.908,29.8797,0.6555,28.9934,56.4957,11.8009,2.523,35.3484,38.6408,12.6084,13.2772,47.2842,42.4156,5.7718,4.3385,41.9265,50.0758,5.5005,2.3727,47.7857,44.0335,2.6827,5.4045,2025,2025,2025,2025,2025,2025,2025,2025,2025
ARM,Armenia,Europe & Central Asia,Upper middle income,country,Yerevan,40.1596,44.509,,3086700.0,18.9875606484226,66.5695749965832,14.4428643549941,50.2187800971675,59.388,38.353,37.734,79.658,69.933,51.744,28.288,12.871,26.244,1485063.0,1293921,SL.TLF.TOTL.IN x (1 - SL.UEM.TOTL.ZS),41.9192,26.9715605307322,21.2986956321494,51.7297438371184,6.088,14.4926,8.8042,3.4026,14.3821,30.3081,9.148,5.4605,7.9139,0.0,,9,100.0,ISCO-08,1011.725,32.7874,20.5806,67.2126,424243,266297,44027,187523,31.4836,35.6218,26.7252,Y15-24,proxy_youth_15_24_x_isco,126435,39806,14.4801,-1.3038,72.39,4,24754.2118320452,446958.0,72.326,6123196517.19286,24.5223360398132,1501550826,0.3261,10444981216,2025,2025,2025,2017,2017,2023,,2017,2017,,,,,,,,,partial — ISCO data 2017 (>5yr old),1.1982,65.8311,26.9929,8.4972,70.0835,15.1175,8.3279,71.5113,15.1122,8.5606,69.1707,19.2012,12.1032,69.5582,15.5429,6.6343,55.5067,26.7556,5.7373,71.7686,19.645,4.8855,60.82,29.0126,6.6369,57.0922,28.1289,2017,2017,2017,2017,2017,2017,2017,2017,2017,0.6703,25.7096,73.6202,,0.5269,12.9978,86.4753,,0.9109,61.9668,37.1223,,,,,,2.5318,78.3316,19.1365,,8.0891,86.9141,4.9619,,4.8783,83.3922,11.7295,,4.6122,81.5929,13.7967,,8.2993,86.1304,5.2144,,2016,2014,2015,,2017,2017,2017,2017,2017
ASM,American Samoa,East Asia & Pacific,High income,country,Pago Pago,-14.2846,-170.691,,46029.0,26.3478062504752,65.1140054531432,8.53818829638159,53.5784591772046,,,,,,,,,,,,,,,,,,,,,,,,,,,,0,,,,,,,,,,,,,,,proxy_unavailable,,,,,,0,,,,,,,,,2025,,,,,,,,,,,,,,,,,partial — no ISCO data; no labor force data; no youth x ISCO cross-tab,,,,,,,,,,,,,,,,,,,,,,,,,,,,,,,,,,,,,,,,,,,,,,,,,,,,,,,,,,,,,,,,,,,,,,,,,,,,,,,,,
ATG,Antigua and Barbuda,Latin America & Caribbean,High income,country,Saint John's,17.1175,-61.8456,,94209.0,17.4692304834489,70.1937723241533,12.3369971923977,42.4639719336448,,,52.174,93.128,72.905,,,,,,,,,,,,,,,,,,,,,,,0,,,,,,,,,,,,,,,proxy_unavailable,,,,,,0,35832.4795485115,,84.912,1211430373.7037,0.546643941285265,6622211,,,2025,,,,,2023,,,,,,,,,,,,partial — no ISCO data; no labor force data; no youth x ISCO cross-tab,,,,,,,,,,,,,,,,,,,,,,,,,,,,,,,,,,,,,,,,,,,,,,,,,,,,,,,,,,,,,,,,,,,,,,,,,,,,,,,,,
AUS,Australia,East Asia & Pacific,High income,country,Canberra,-35.282,149.129,,27614411.0,17.6796059290519,64.2273793315095,18.0930147394386,55.6968355853145,66.537,70.166,70.292,87.003,69.318,63.816,63.423,4.09,9.61,15125385.0,14506757,SL.TLF.TOTL.IN x (1 - SL.UEM.TOTL.ZS),52.5333,2.17612034588263,19.2931356135301,78.5307299266158,11.4827,25.2503,13.3955,8.4861,17.0556,1.7784,9.6311,5.8171,7.103,-0.0,6.387,9,100.0,ISCO-08,14601.917,58.6146,36.733,41.3852,8503078,5328767,1231058,3663000,30.501,65.1219,59.4414,Y15-24,proxy_youth_15_24_x_isco,1848539,563823,10.5547,-28.1136,34.14,4,71934.4033931263,2914620.0,79.454,91622873736.744,3.38942347976281,3105487195,0.4896,510914691918,2025,2025,2025,2025,2025,2025,,2025,2025,,,,,,,,,complete,3.8663,72.7913,17.7799,6.6083,76.6728,11.9676,11.5638,70.1335,13.7974,11.7449,63.823,17.9662,33.5951,50.0029,12.2036,7.2826,48.7456,21.0592,19.9199,63.9496,12.4016,9.9967,63.8254,19.5318,31.7454,49.4266,13.6536,2025,2025,2025,2025,2025,2025,2025,2025,2025,7.4365,29.3525,59.6962,0.0689,1.5441,10.191,85.7225,0.0515,7.0656,34.029,54.5038,0.1163,12.5684,42.1511,41.8415,0.1176,18.8543,46.8646,30.8112,0.1725,23.9885,45.3615,26.3617,0.2441,14.2344,65.6541,14.0814,0.3347,27.4141,47.4975,21.5106,0.4444,32.1292,45.3741,18.6385,0.5387,2025,2025,2025,2025,2025,2025,2025,2025,2025
AUT,Austria,Europe & Central Asia,High income,country,Vienna,48.2201,16.3798,,9208163.0,14.14725441413,64.7580356509971,21.094709934873,54.4209859928476,60.124,57.176,56.869,90.053,63.489,56.767,50.888,5.582,10.998,4753079.0,4487762,SL.TLF.TOTL.IN x (1 - SL.UEM.TOTL.ZS),48.7368,2.76647307328961,24.6474928471915,72.5860340795189,5.4941,22.8151,18.3688,9.41,17.0727,2.8341,11.4715,4.9993,7.5345,-0.0,11.634,9,100.0,ISCO-08,4488.523,56.088,28.3092,43.9121,2517096,1270450,422298,1023887,44.6813,58.7742,53.3124,Y15-24,proxy_youth_15_24_x_isco,490880,219332,10.4758,-11.4067,47.61,4,76777.5421537618,964629.0,79.986,105494147207.439,12.9317442312016,13642233296,0.4811,165767496613,2025,2025,2025,2025,2025,2025,,2025,2025,,,,,,,,,complete,2.4112,75.4939,20.3379,4.7897,76.5792,16.2881,11.8311,68.0309,18.284,12.4477,68.236,18.0738,15.918,63.159,18.6235,5.5523,56.0346,26.3818,17.623,65.6686,15.5373,5.3259,70.0821,23.006,6.568,66.7021,23.9403,2025,2025,2025,2025,2025,2025,2025,2025,2025,2.9586,43.578,47.7563,,1.0415,29.1511,68.1921,,5.4436,69.8788,19.559,,8.1069,78.1527,12.6402,,18.3121,70.923,8.3243,,18.1455,57.7607,24.0944,,15.0272,65.9755,18.9974,,21.0652,71.0184,4.7283,,40.006,51.9449,6.8376,,2025,2025,2025,2025,2025,2021,2021,2025,2025
AZE,Azerbaijan,Europe & Central Asia,Upper middle income,country,Baku,40.3834,49.8932,,10246996.0,21.2004793746471,69.6311486958719,9.16837192948103,43.6138885770503,63.288,43.395,,,,59.834,37.714,5.457,13.091,5110243.0,4831377,SL.TLF.TOTL.IN x (1 - SL.UEM.TOTL.ZS),47.1492,34.2268398727574,15.5352074322098,50.2379526950328,1.2519,12.7491,9.4642,4.9174,12.2484,29.8047,6.9604,6.9705,15.6335,-0.0,6.904,9,100.0,ISCO-08,4595.996,28.3826,14.001,71.6175,1371270,676441,237578,615957,,,,,proxy_unavailable,,,15.0693,,,2,26112.5306828203,1544146.0,,8595464000.0,1.51600890888497,130308000,0.3051,38491257395,2025,2025,2025,2014,,,,,,,,,,,,,,partial — ISCO data 2014 (>5yr old); no youth x ISCO cross-tab,,,,,,,,,,,,,,,,,,,,,,,,,,,,,,,,,,,,,,,,,,,,,,,,,,,,,,,,,,,,,,,,,,,,,,,,,,,,,,,,,
BDI,Burundi,Sub-Saharan Africa,Low income,country,Bujumbura,-3.3784,29.3639,,14390003.0,43.9812536516238,53.4706369925926,2.54810935578364,87.018537835051,78.255,52.839,56.406,91.76,90.589,77.533,51.952,0.922,1.678,6308213.0,6250051,SL.TLF.TOTL.IN x (1 - SL.UEM.TOTL.ZS),43.4333,85.3410580900747,3.10326262172932,11.555679288196,0.2225,1.9798,0.548,0.3415,4.3734,82.216,2.4724,0.985,6.8615,-0.0,2.304,9,100.0,ISCO-08,4951.358,3.0918,2.2023,96.9083,193239,137645,21344,123739,0.3991,4.4525,2.3058,Y15-24,proxy_youth_15_24_x_isco,1084729,4329,14.5097,-2.6927,28.78,4,1248.05425025467,2087945.0,59.157,148118951.415671,2.8757376356008,4259512,0.1162,906406795,2025,2025,2025,2020,2020,2020,,2020,2020,,,,,,,,,partial — ISCO data 2020 (>5yr old),6.6158,87.6577,3.7027,1.6985,90.6983,6.1097,8.4147,86.3588,4.8653,,,,20.6696,73.0763,4.1807,23.6138,59.3803,10.9104,17.01,69.8789,10.3377,16.342,79.6924,2.6922,38.928,56.1187,3.9534,2020,2020,2020,,2020,2020,2020,2020,2020,15.8181,27.5433,53.317,,6.6401,51.0207,39.3818,2.4912,33.036,39.4715,24.7908,2.37,16.8333,54.1373,22.2689,6.7664,57.8526,17.2505,5.4455,19.0912,49.0858,2.9883,0.3585,47.3639,64.949,6.7401,1.9785,25.7238,,,,,57.2075,4.112,1.0541,37.3002,2020,2020,2020,2020,2020,2020,2020,,2020
BEL,Belgium,Europe & Central Asia,High income,country,Brussels,50.8371,4.36761,,11941781.0,15.7038467920041,63.3352703548202,20.9608828531757,57.8899137274854,54.274,31.854,34.43,85.934,64.136,51.068,26.191,5.906,17.777,5463472.0,5140799,SL.TLF.TOTL.IN x (1 - SL.UEM.TOTL.ZS),43.0488,0.984722440079227,19.2466752826094,79.7685825220163,8.126,29.1921,15.2015,10.4099,13.3835,0.9811,8.7265,5.3361,8.6432,0.0,21.752,9,100.0,ISCO-08,5124.887,62.9295,37.3181,37.0704,3235079,1918449,535152,1500707,34.7625,62.3403,58.9845,Y15-24,proxy_youth_15_24_x_isco,325278,113075,10.4,-28.167,43.76,4,74675.607672673,1241946.0,75.264,159871372309.31,14.8695311439525,23772123496,0.5125,196744798240,2025,2025,2025,2025,2024,2025,,2024,2024,,,,,,,,,complete,0.5885,75.7794,21.8224,3.9665,78.3793,15.7985,5.2421,74.1468,18.7966,5.6611,73.6241,19.609,16.4696,65.2928,16.8142,8.1918,53.7223,28.2256,10.0214,72.9907,16.292,6.1921,70.8026,21.3085,9.2688,68.5241,20.6015,2024,2024,2024,2024,2024,2024,2024,2024,2024,5.2744,25.7551,68.7211,0.2496,0.6621,7.9413,91.3894,,4.5012,34.9197,60.4217,,7.3279,50.965,41.4899,,17.7069,64.5752,16.4802,1.2377,18.541,61.9985,18.3036,,19.6278,67.4975,10.9801,1.8945,26.1443,61.7305,8.6956,3.4295,36.9197,48.9873,7.9245,6.1688,2024,2024,2024,2024,2024,2024,2024,2024,2024
BEN,Benin,Sub-Saharan Africa,Lower middle income,country,Porto-Novo,6.4779,2.6323,,14814460.0,41.2595376834369,55.5874076944893,3.15305462207379,79.8968642766814,76.356,52.497,52.573,91.003,84.776,75.143,50.981,1.589,2.887,6644562.0,6538980,SL.TLF.TOTL.IN x (1 - SL.UEM.TOTL.ZS),44.1392,40.2410451099361,18.3165686015882,41.442370995676,0.6305,2.6139,1.4044,0.9904,29.1173,42.724,14.8195,3.6187,4.0814,0.0303,8.16,9,99.97,ISCO-08,5435.231,5.6392,3.2444,94.3609,368746,212151,64762,170922,1.4137,7.2294,5.7611,Y15-24,proxy_youth_15_24_x_isco,1153948,16313,15.2789,-4.2255,31.16,4,4816.87504692826,2263486.0,76.049,461100622.56452,3.04090040864195,14021611,0.2086,6570367985,2025,2025,2025,2022,2022,2022,,2022,2022,,,,,,,,,complete,4.0036,83.5409,10.9431,3.8509,85.7452,9.3024,8.3306,80.741,6.8385,9.2647,87.1238,3.0505,15.7853,70.19,9.4954,24.8056,60.9493,8.6178,36.0061,56.5065,4.9596,8.5681,81.8367,8.8966,18.0485,71.3586,7.1503,2013,2022,2022,2022,2022,2022,2022,2022,2022,13.3415,13.7763,21.5472,51.335,13.6664,24.4026,50.543,11.3887,35.936,17.78,22.3691,23.9163,21.1284,18.9084,45.3389,14.6262,36.2111,5.6463,2.4825,55.6601,21.5587,2.0523,0.4284,75.9606,53.7973,4.3254,1.9282,39.9492,52.1644,6.2644,1.2401,40.3316,37.0364,7.1345,2.0867,53.742,2022,2022,2022,2022,2022,2022,2022,2022,2022
BFA,Burkina Faso,Sub-Saharan Africa,Low income,country,Ouagadougou,12.3605,-1.53395,,24074580.0,41.1699311057555,56.145860073156,2.68420882108847,78.1075218541557,70.005,51.766,51.858,82.407,68.017,67.57,48.433,3.477,6.438,9914873.0,9570133,SL.TLF.TOTL.IN x (1 - SL.UEM.TOTL.ZS),39.752,51.7754423010249,16.6664054354484,31.558141814278,0.9652,2.9806,3.4945,0.7779,21.9984,43.4318,13.5927,2.8851,9.8738,0.1005,23.345,9,99.9,ISCO-08,7576.375,8.2182,3.9458,91.7818,786493,377618,74446,285247,5.7198,9.09,8.291,Y15-24,proxy_youth_15_24_x_isco,1831642,104766,15.7087,-2.4984,42.62,4,3071.62546744866,3781805.0,72.833,630155357.219807,14.2143612785876,89572559,0.2036,5984997961,2025,2025,2025,2025,2025,2025,,2025,2025,,,,,,,,,complete,14.1529,74.0011,11.0939,4.6568,81.4256,9.9756,21.389,61.7696,10.5343,23.4891,70.6522,4.3673,16.6174,68.559,10.2414,20.6174,62.2312,10.7576,26.8342,62.1861,7.879,24.9871,64.1627,9.7294,29.3008,61.6413,6.5241,2025,2025,2025,2025,2025,2025,2025,2025,2025,30.3637,5.0321,14.0038,50.6017,34.3923,14.2888,29.4999,21.8195,37.0897,8.443,11.561,42.9064,54.0551,14.3405,20.4842,11.1202,26.7632,1.9703,1.0462,70.1957,16.1905,0.5083,0.3934,82.9078,36.0812,1.9002,0.9206,61.0865,37.0684,1.7375,1.2055,59.9886,25.1467,2.0309,0.895,71.9273,2025,2025,2025,2025,2025,2025,2025,2025,2025
BGD,Bangladesh,South Asia,Lower middle income,country,Dhaka,23.7055,90.4113,,175686899.0,27.645743159125,65.6858333367082,6.66842350416686,52.2398280353678,58.796,48.383,48.208,66.971,54.1,56.574,43.842,3.778,9.385,74739682.0,71916017,SL.TLF.TOTL.IN x (1 - SL.UEM.TOTL.ZS),40.9342,44.2601251126533,18.0335872114531,37.7062779422273,1.3171,4.4768,2.615,0.9916,14.6786,42.2486,14.7433,8.7266,10.2024,0.0,115.58,9,100.0,ISCO-08,68955.98,9.4005,5.7939,90.5995,6760465,4166742,713119,3219536,5.0079,10.9159,8.5413,Y15-24,proxy_youth_15_24_x_isco,15081908,755287,19.5806,-4.3926,49.71,4,10153.7083791829,34400594.0,74.856,8424862919.07693,8.7940643795819,740887869,0.1985,144947531485,2025,2025,2025,2024,2024,2024,,2024,2024,,,,,,,,,complete,3.7133,83.1755,10.8669,12.9994,77.4714,7.896,7.4271,79.6323,9.1692,6.6443,81.6882,9.214,12.1243,71.4856,11.8141,21.4915,61.2801,11.0968,23.3336,70.51,4.8469,13.0737,78.6708,6.6824,14.3066,70.6221,11.2059,2024,2024,2024,2024,2024,2024,2024,2024,2024,10.3191,26.0568,60.6398,2.8464,5.8485,22.7483,63.4193,1.0402,19.9814,40.5713,30.0074,9.1767,12.3399,43.0636,42.8014,1.1253,38.5544,33.9541,8.8253,17.7638,43.0535,23.0573,2.3561,30.4952,54.9779,23.0456,1.9947,18.9886,52.3115,16.5283,1.1704,29.228,41.1345,9.5611,0.8007,47.9644,2024,2024,2024,2024,2024,2024,2024,2024,2024
BGR,Bulgaria,Europe & Central Asia,High income,country,Sofia,42.7105,23.3238,,6433302.0,14.3997234665952,63.3646779062722,22.2355986271326,57.8166346575358,56.115,19.548,19.092,87.111,73.324,54.131,17.564,3.536,10.152,3090210.0,2980940,SL.TLF.TOTL.IN x (1 - SL.UEM.TOTL.ZS),46.3361,4.68922155611638,27.8764008685803,67.4343775753033,7.7312,21.8508,11.0666,6.2216,19.1308,2.1854,11.2662,11.6586,8.8887,0.0,19.892,9,100.0,ISCO-08,2910.218,46.8702,29.582,53.1297,1397173,881822,185462,651359,26.2845,42.7926,37.2533,Y15-24,proxy_youth_15_24_x_isco,124756,32791,11.0409,-20.5857,34.03,4,44451.1001576913,710294.0,75.227,18618670000.0,25.6812650957346,4781510000,0.4342,57534132339,2025,2025,2025,2025,2024,2025,,2024,2024,,,,,,,,,complete,0.5847,69.6493,25.0424,1.5044,73.2211,19.9944,3.0978,78.2755,15.8523,5.0614,73.1383,20.1442,5.3676,69.6412,19.8963,1.7814,65.689,26.2246,3.2091,69.5247,23.9308,2.9166,67.6634,25.7279,6.2157,68.9695,21.0981,2023,2024,2024,2024,2024,2024,2024,2024,2024,0.6539,30.1741,69.172,,0.2089,5.3723,94.419,,0.4115,44.5429,55.0456,,0.6464,57.0463,42.3073,,5.6646,79.6996,14.535,,33.4393,57.999,7.9626,,13.5191,78.6503,7.8306,,7.4123,87.3029,5.2848,,37.6943,58.7362,2.9339,0.6356,2020,2024,2018,2024,2024,2024,2024,2024,2024
BHR,Bahrain,"Middle East, North Africa, Afghanistan & Pakistan",High income,country,Manama,26.1921,50.5354,,1600366.0,18.4203856616879,77.5636565111786,4.01595782713348,28.9264014720028,70.429,42.221,43.135,81.916,51.737,69.652,39.934,1.102,5.416,919501.0,909368,SL.TLF.TOTL.IN x (1 - SL.UEM.TOTL.ZS),56.8225,0.834352490634819,34.9061554245227,64.2593849930069,,,,,,,,,,,,0,,,,,,,,,,,,,,,proxy_unavailable,,,8.2862,,,2,70996.7821254802,132609.0,,17025000000.0,8.26225513168994,1406648936,,,2025,2025,2025,,,2015,,,,,,,,,,,,partial — no ISCO data; no youth x ISCO cross-tab,,,,,,,,,,,,,,,,,,,,,,,,,,,,,,,,,,,,,,,,,,,,,,,,,,,,,,,,,,,,,,,,,,,,,,,,,,,,,,,,,
BHS,"Bahamas, The",Latin America & Caribbean,High income,country,Nassau,25.0661,-77.339,,403033.0,17.548460732075,70.3571051962311,12.094434071694,42.1322321044428,73.775,59.148,64.926,88.394,73.04,66.983,47.763,9.207,19.248,245159.0,222587,SL.TLF.TOTL.IN x (1 - SL.UEM.TOTL.ZS),55.228,0.7749709105122,14.7900390405635,84.4354393074231,5.7883,9.3246,10.1791,9.0389,31.1451,1.0797,13.4148,4.2937,15.7357,2.9808,,9,97.02,ISCO-08,201.993,34.3309,15.1129,65.669,76416,33639,20119,20755,22.5,35.441,41.4262,Y15-24,proxy_youth_15_24_x_isco,29260,6584,15.1997,-11.8309,54.88,4,41257.7650774105,61260.0,98.774,5896984360.93736,,,0.3937,3615521177,2025,2025,2025,2023,2023,2023,,2023,2023,,,,,,,,,complete,2.3579,66.3858,26.2261,9.7425,70.0345,15.5827,11.0452,65.3081,19.7023,18.4741,63.6543,16.6119,22.5684,64.8281,10.2526,11.2509,69.6346,16.2594,11.8537,67.3986,17.0535,19.9816,59.0799,15.0006,20.8211,60.7456,15.0669,2019,2023,2023,2023,2023,2019,2023,2023,2023,2.5662,49.6598,46.8644,,,,,,3.9348,60.9267,35.1432,,5.3988,68.1946,26.4066,,9.5846,77.5001,12.67,,16.6829,73.2152,6.6294,,11.5127,74.8521,11.5616,2.0785,14.6326,73.2007,11.9164,,17.8822,71.501,6.8705,3.7498,2024,,2024,2024,2024,2024,2024,2024,2024
BIH,Bosnia and Herzegovina,Europe & Central Asia,Upper middle income,country,Sarajevo,43.8607,18.4214,,3140095.0,12.8485423452885,64.2915796669242,22.8598779877873,55.5413393091102,48.991,25.996,24.606,80.096,51.096,43.584,18.665,11.037,28.201,1340707.0,1192733,SL.TLF.TOTL.IN x (1 - SL.UEM.TOTL.ZS),37.984,16.7089925708187,30.6001614784247,52.6908459507566,2.5506,16.8583,8.3142,6.2961,18.942,11.0006,17.1757,10.0019,8.8607,0.0001,8.586,9,100.0,ISCO-08,1331.197,34.0192,19.4089,65.9809,405758,231496,75096,201075,18.119,37.3075,28.9055,Y15-24,proxy_youth_15_24_x_isco,91413,16563,15.5968,-15.9002,56.0,4,25814.2641520511,489754.0,82.572,3916228541.6743,13.3235292250453,521779854,0.3666,11287439764,2025,2025,2025,2025,2025,2025,,2025,2025,,,,,,,,,complete,0.648,74.4117,23.0259,1.3404,85.8727,11.6123,4.6242,77.1391,17.6539,2.9375,81.0912,15.3341,7.7428,78.4673,12.9253,2.5471,44.1972,29.4696,5.813,75.1328,18.217,4.8811,77.7844,16.7472,4.9155,72.9435,19.7494,2025,2025,2025,2025,2025,2025,2025,2025,2025,0.5832,56.8462,42.5706,,0.1025,20.0684,79.723,,0.459,75.6853,23.8557,,0.2362,66.1747,33.5891,,3.5676,88.8866,6.8541,0.6916,32.0796,51.8086,1.5617,14.5501,9.6613,88.283,1.1227,0.9325,5.4054,92.3782,1.9152,,28.8293,65.7279,1.6269,3.8159,2025,2025,2025,2025,2025,2025,2025,2025,2025
BLR,Belarus,Europe & Central Asia,Upper middle income,country,Minsk,53.9678,27.5766,,9085991.0,15.8888261684807,65.8266040410985,18.2845697904208,51.9142537893753,62.747,39.083,37.855,95.63,62.075,60.626,35.494,3.38,9.183,4795335.0,4633253,SL.TLF.TOTL.IN x (1 - SL.UEM.TOTL.ZS),50.9934,9.47837477332961,31.0582019807505,59.4634450411494,9.9016,22.9462,9.9613,3.1055,15.116,2.6421,15.5709,13.8082,6.9482,0.0173,,9,99.98,ISCO-08,4797.368,45.9146,32.8478,54.0854,2127340,1521922,143886,1063155,47.6291,47.7822,37.0005,Y15-24,proxy_youth_15_24_x_isco,380513,181235,11.7989,1.7145,60.45,4,34715.9778689211,1072048.0,83.692,11716258072.0,31.4053956639542,3679537205,0.4148,66719712491,2025,2025,2025,2024,2024,2024,,2024,2024,,,,,,,,,complete,4.5906,79.1897,14.0604,6.8526,79.6397,11.5325,9.7704,74.8611,13.8505,7.0853,75.3135,16.2554,9.0095,71.6935,16.3759,3.4887,76.6513,18.9457,6.6521,75.5444,16.4843,4.8813,72.804,20.7087,5.4255,65.7269,24.2174,2024,2024,2024,2024,2024,2024,2024,2024,2024,0.1601,30.5638,69.2763,,,,,,0.3252,70.714,28.961,,0.4618,73.1233,26.4156,,0.9584,83.4274,15.6024,,10.033,85.328,4.6398,,1.339,89.9983,8.6627,,1.6406,89.2896,9.0698,,4.3467,90.0438,5.574,,2022,,2024,2024,2024,2024,2024,2024,2024
BLZ,Belize,Latin America & Caribbean,Upper middle income,country,Belmopan,17.2534,-88.7713,,422924.0,26.270086351212,68.5019057797619,5.22800786902611,45.9809948534919,59.1,53.821,54.027,82.595,67.209,53.866,43.422,8.856,19.321,184286.0,167966,SL.TLF.TOTL.IN x (1 - SL.UEM.TOTL.ZS),39.7154,16.1329308733263,15.3488482856752,68.5182208409985,0.9621,6.301,7.7336,7.1285,27.9857,7.3728,13.892,6.571,22.0533,0.3813,1.507,9,99.62,ISCO-08,164.116,22.1252,7.2631,77.8748,37163,12200,11973,10584,17.9397,24.97,12.0975,Y15-24,proxy_youth_15_24_x_isco,29141,5228,15.8686,-4.1855,63.28,4,14965.7521203147,67112.0,85.427,1214117946.88684,10.1554795657338,123299500,0.3209,806658370,2025,2025,2025,2019,2019,2019,,2019,2019,,,,,,,,,partial — ISCO data 2019 (>5yr old),3.1276,78.2326,10.4324,8.1037,85.9588,3.4233,10.1639,80.6177,6.2795,35.191,62.1506,1.1796,21.7531,66.6028,8.3738,10.0165,62.5372,17.1157,17.5797,69.5908,8.6934,13.1955,73.368,9.6439,32.9677,58.4063,6.2996,2014,2019,2019,2019,2019,2019,2019,2019,2019,4.4184,7.9305,84.3278,,3.9648,7.1173,87.5447,1.2378,15.0173,25.0552,57.8632,2.0013,12.8216,42.1233,42.7472,1.5984,44.068,31.0632,11.1019,12.4518,49.7438,9.2231,3.5702,35.4711,54.0901,20.5491,6.7284,16.2332,59.171,21.5319,4.4139,13.0935,55.6489,15.0333,3.3763,24.187,2017,2019,2019,2019,2019,2019,2019,2019,2019
BMU,Bermuda,North America,High income,country,Hamilton,32.3293,-64.706,,64555.0,13.352283729252,64.0381383172358,22.6095779535121,56.1586840832124,,,,,,,,,,,35926,ILOSTAT survey total (ISCO base),55.6518,,,,18.6828,17.8478,6.6386,18.1122,21.3717,2.3047,8.395,4.6958,1.9512,0.1751,,9,99.82,ISCO-88,35.926,61.2814,36.5306,38.7184,22016,13124,6507,6412,,,,,proxy_unavailable,,,,,,0,118727.973294368,,,1586991467.64978,2.53443978284008,40221343,0.5228,2229962187,2025,,,2013,,,,,,,,,,,,,,partial — ISCO-88 fallback (no ISCO-08 series published); no labor force data; no youth x ISCO cross-tab,,,,,,,,,,,,,,,,,,,,,,,,,,,,,,,,,,,,,,,,,,,,,,,,,,,,,,,,,,,,,,,,,,,,,,,,,,,,,,,,,
BOL,Bolivia,Latin America & Caribbean,Lower middle income,country,La Paz,-13.9908,-66.1936,,12581843.0,29.4403184589221,64.8196359158049,5.74004562527309,54.2742478853241,78.626,61.246,63.482,90.354,87.172,76.294,58.176,2.967,5.013,6980187.0,6773085,SL.TLF.TOTL.IN x (1 - SL.UEM.TOTL.ZS),53.8322,24.7143896755516,19.793531111996,55.4920644482231,1.1067,7.064,5.783,2.8958,24.1679,21.3341,20.0314,9.2608,8.3563,0.0017,4.276,9,100.0,ISCO-08,5234.326,16.8495,8.1707,83.1505,1141231,553408,196135,478451,9.2419,21.4019,12.9909,Y15-24,proxy_youth_15_24_x_isco,1256479,116123,17.1659,-7.6076,41.73,4,12873.0394876629,2159790.0,86.863,1212091698.37536,3.87952469060657,47023397,0.2744,23924988317,2025,2025,2025,2025,2025,2025,,2025,2025,,,,,,,,,complete,2.8051,68.0235,17.1258,3.5537,80.5941,11.8338,15.9026,75.1274,6.3274,18.3046,74.2984,5.4567,26.3812,55.7853,10.3578,16.802,45.4116,18.0275,18.2453,64.1761,11.3141,9.8524,74.9791,11.0273,29.6672,54.5732,8.8624,2025,2025,2025,2025,2025,2025,2025,2025,2025,8.3273,19.8964,62.2441,6.0867,0.367,4.4127,94.8447,,5.4021,27.0843,60.651,0.8038,7.4102,30.9915,55.8328,0.6215,24.6336,34.0223,21.4627,12.6066,36.3551,17.579,5.8109,38.6667,31.0834,30.9073,17.1662,12.8537,28.9025,40.8716,16.7652,7.6711,34.1878,30.5638,10.9151,15.7832,2025,2025,2025,2025,2025,2025,2025,2025,2025
BRA,Brazil,Latin America & Caribbean,Upper middle income,country,Brasilia,-15.7801,-47.9292,,212812405.0,19.3866212827208,69.1330392605638,11.4803394567154,44.6486379446561,63.139,54.634,54.048,80.376,55.402,59.37,46.995,5.97,13.981,108318282.0,101851681,SL.TLF.TOTL.IN x (1 - SL.UEM.TOTL.ZS),47.8598,7.62782592703127,20.2130767653291,72.1590982894571,3.6706,13.4832,9.04,8.5091,22.3584,4.5244,13.2296,9.5454,15.6394,0.2999,829.556,9,99.7,ISCO-08,101317.099,34.7029,17.1538,65.2972,35345487,17471434,8666661,13732866,32.7645,36.6696,27.7862,Y15-24,proxy_youth_15_24_x_isco,15788240,5172938,15.7865,-1.9384,69.62,4,23433.2897595431,33595574.0,82.325,54420203876.03,13.6726278252098,7440671938,0.3806,908385614252,2025,2025,2025,2025,2025,2025,,2025,2025,,,,,,,,,complete,4.0218,79.1771,12.4257,5.564,80.6842,10.3603,13.8723,73.3326,9.7557,27.7347,63.7677,6.8248,16.8123,67.8093,11.462,9.6745,60.341,19.4663,11.5972,69.492,13.9461,11.4255,73.5689,11.7428,15.5834,67.27,14.1164,2025,2025,2025,2025,2025,2025,2025,2025,2025,6.6296,32.5521,60.1605,0.6527,0.7236,10.6847,88.4971,0.0941,3.9688,60.1054,35.3926,0.5325,9.6256,62.4494,27.0995,0.8108,23.9981,58.6935,13.1899,4.0918,48.0709,25.9665,4.3248,21.4906,40.1729,45.839,5.9848,7.9647,34.6128,54.5285,5.7859,5.048,46.0349,38.1224,2.4163,13.3386,2025,2025,2025,2025,2025,2025,2025,2025,2025
BRB,Barbados,Latin America & Caribbean,High income,country,Bridgetown,13.0935,-59.6105,,282623.0,17.0636907405081,65.8497966375761,17.0865126219157,51.8604888585599,64.685,48.348,50.39,91.022,74.825,60.465,39.413,6.524,18.479,151620.0,141728,SL.TLF.TOTL.IN x (1 - SL.UEM.TOTL.ZS),50.1474,1.24533440580262,16.1717079779015,82.5829576162959,10.5498,12.6304,10.234,11.427,19.9049,4.0767,10.7495,5.9406,14.4871,1.888,,9,98.11,ISCO-08,124.145,44.8412,23.1802,55.1588,63553,32853,16195,17901,37.7268,49.0817,37.9937,Y15-24,proxy_youth_15_24_x_isco,14813,5588,13.2986,-7.1144,61.46,4,25893.8676913012,37585.0,79.21,1522876825.41545,0.225770564803364,3438208,0.4241,1556398687,2025,2025,2025,2024,2024,2024,,2024,2024,,,,,,,,,complete,2.5349,72.3143,17.7751,3.1824,73.9286,19.3495,10.7595,70.8304,14.8603,18.2222,61.0602,19.0822,15.8836,61.6406,18.2753,7.8443,56.9057,23.4143,9.5017,52.8887,29.9363,3.4169,69.7898,20.3254,11.4151,54.8012,28.1068,2024,2024,2024,2024,2024,2024,2024,2024,2024,,,,,,,,,,,,,,,,,,,,,68.4018,19.0221,2.5784,,60.1973,28.76,1.5277,,72.0949,16.4068,2.7797,,79.2994,12.6987,1.1214,,,,,,,2021,2023,2024,2023
BRN,Brunei Darussalam,East Asia & Pacific,High income,country,Bandar Seri Begawan,4.94199,114.946,,466330.0,20.625929464189,72.1355347763014,7.23853575950962,38.6277832278011,64.235,34.942,37.64,84.056,45.186,60.846,28.572,5.277,18.23,237763.0,225216,SL.TLF.TOTL.IN x (1 - SL.UEM.TOTL.ZS),48.2954,1.20105852995764,20.3855819694696,78.4133595005728,6.7744,18.3535,15.2287,10.6874,20.7029,0.9402,9.1825,3.6579,14.4724,0.1166,6.283,9,99.88,ISCO-08,216.433,51.044,25.1279,48.9559,114959,56592,24070,41335,21.4089,52.9827,59.5876,Y15-24,proxy_youth_15_24_x_isco,22100,4731,16.5865,-29.6351,51.74,4,92429.9262686398,77348.0,81.523,463217798.473123,3.27205418369471,15156737,0.4619,9615232933,2025,2025,2025,2024,2024,2024,,2024,2024,,,,,,,,,complete,2.3629,74.5392,14.6297,2.8623,87.5261,7.8368,4.7785,85.2822,8.5862,5.4213,81.916,12.52,16.8385,74.1676,6.8894,13.2724,43.9122,25.6307,11.105,80.8343,7.3412,2.5894,85.108,9.688,14.6921,79.8167,5.1623,2023,2024,2024,2024,2024,2022,2024,2024,2024,6.2474,30.03,59.5485,4.1672,2.5728,29.4892,67.8398,,9.0625,53.4496,35.5825,1.9053,12.7232,63.5165,23.1335,0.6269,22.4692,64.8656,9.3599,3.3052,19.2982,51.6082,13.8158,15.2778,25.6214,56.2242,7.6381,10.5112,26.3484,61.4753,8.3239,3.8651,22.7532,65.1087,2.1039,10.0342,2024,2024,2024,2024,2024,2023,2024,2024,2024
BTN,Bhutan,South Asia,Lower middle income,country,Thimphu,27.5768,89.6177,,796682.0,20.3610853270724,73.0116112900827,6.62730338284496,36.964601922052,64.82,30.834,24.857,82.458,71.276,62.729,25.576,3.227,17.052,411263.0,397992,SL.TLF.TOTL.IN x (1 - SL.UEM.TOTL.ZS),49.9562,42.369985477168,15.87888259622,41.751131926612,11.5663,8.4008,5.9085,2.6876,8.7618,41.8438,8.9883,7.0099,4.8331,0.5061,3.315,9,99.49,ISCO-08,365.086,28.5632,19.9671,71.4369,113679,79467,10696,33435,28.276,31.8977,12.6929,Y15-24,proxy_youth_15_24_x_isco,37710,10663,18.5073,-0.2872,74.8,4,19594.0028382994,147444.0,71.591,288136243.969186,0.447055216258853,1288128,0.2779,2167135447,2025,2025,2025,2024,2024,2025,,2024,2024,,,,,,,,,complete,3.9169,86.6933,6.7516,9.2338,88.8393,1.464,8.9101,83.0884,5.1736,24.8573,73.298,1.8549,13.9365,80.7928,4.2829,7.1528,65.5323,17.1779,10.742,81.5206,6.1344,3.0752,92.146,4.4936,15.5511,77.444,4.8286,2024,2024,2024,2024,2024,2024,2024,2024,2024,35.5389,19.426,21.7065,17.6901,6.9905,11.4151,79.2664,1.0042,24.1963,50.5211,20.3562,4.0927,25.3771,63.9013,9.4986,0.9784,46.0985,27.1883,6.1398,16.2811,7.7914,1.4833,0.3433,82.7795,44.9246,15.6605,1.6364,29.002,54.306,11.8006,1.2269,28.1885,42.3406,12.2188,1.6832,38.1921,2024,2024,2020,2024,2024,2018,2024,2024,2024
BWA,Botswana,Sub-Saharan Africa,Upper middle income,country,Gaborone,-24.6544,25.9201,,2562122.0,31.9566554598103,63.9604203078542,4.08292423233554,56.3467509263192,68.798,41.908,41.386,86.088,70.065,51.958,22.628,24.477,46.004,1199393.0,905818,SL.TLF.TOTL.IN x (1 - SL.UEM.TOTL.ZS),35.3542,18.0285048740906,15.7727337962707,66.1987613296387,5.6522,8.3368,6.8278,3.7564,19.4626,17.1965,8.3684,4.4845,25.9148,0.2298,2.502,9,99.77,ISCO-08,857.49,24.5732,13.989,75.4268,222588,126715,34026,75516,8.7929,28.3444,21.2225,Y15-24,proxy_youth_15_24_x_isco,97580,8580,16.8312,-15.7803,55.85,4,20697.9104661898,431236.0,78.796,934965829.746904,3.77925586485781,35334751,0.2973,5573940901,2025,2025,2025,2024,2024,2024,,2024,2024,,,,,,,,,complete,2.3975,75.7897,13.1822,3.0803,87.2145,8.0896,3.8584,87.8083,7.3564,8.05,86.1662,4.5792,15.6768,76.886,7.0508,8.5631,50.0102,18.5768,8.4492,81.825,7.3204,5.6041,84.4099,7.8457,17.1972,70.8204,8.647,2024,2024,2024,2024,2024,2024,2024,2024,2024,29.5541,13.2193,55.5966,,3.4135,2.6092,93.8129,,4.898,2.6001,92.2035,,23.6782,33.7276,42.5941,,42.0738,33.6413,23.1464,1.1385,52.2155,11.3192,16.5084,19.9562,40.3593,23.7493,32.4006,3.4909,41.5379,30.6158,24.5332,3.313,66.1615,20.4512,6.4757,6.9117,2024,2019,2023,2024,2024,2024,2024,2024,2024
CAF,Central African Republic,Sub-Saharan Africa,Low income,country,Bangui,5.63056,21.6407,,5513282.0,48.682635860092,49.1193811598971,2.19798298001082,103.585626770159,73.389,60.652,,,,68.802,54.535,6.251,10.086,2076374.0,1946580,SL.TLF.TOTL.IN x (1 - SL.UEM.TOTL.ZS),35.3071,66.0601029284997,13.3934965380557,20.5464005334446,,,,,,,,,,,,0,,,,,,,,,,,,,,,proxy_unavailable,,,19.5597,,,2,1313.8765680523,1078382.0,,,,,,,2025,2025,2025,,,,,,,,,,,,,,,partial — no ISCO data; no youth x ISCO cross-tab,,,,,,,,,,,,,,,,,,,,,,,,,,,,,,,,,,,,,,,,,,,,,,,,,,,,,,,,,,,,,,,,,,,,,,,,,,,,,,,,,
CAN,Canada,North America,High income,country,Ottawa,45.4215,-75.6919,,41651653.0,14.980307512278,64.7593251011302,20.2603673865917,54.4179177883457,64.516,63.051,63.014,88.472,67.542,60.061,54.349,6.907,13.8,22846475.0,21268469,SL.TLF.TOTL.IN x (1 - SL.UEM.TOTL.ZS),51.0627,1.10470724220992,18.748427284978,80.1468654728121,8.1559,18.7256,16.8432,12.1785,15.3468,1.9431,10.208,8.6053,7.9936,0.0022,,9,100.0,ISCO-88,17801.8,55.9032,26.8815,44.0968,11889755,5717283,2590180,3982648,,,,,proxy_unavailable,,,10.5002,,,2,66745.8248561648,4373511.0,73.48,171878983528.577,14.4011984941597,24752633588,0.4795,680689332526,2025,2025,2025,2014,,2025,,,,,,,,,,,,partial — ISCO-88 fallback (no ISCO-08 series published); no youth x ISCO cross-tab,,,,,,,,,,,,,,,,,,,,,,,,,,,,,,,,,,,,,,,,,,,,,,,,,,,,,,,,,,,,,,,,,,,,,,,,,,,,,,,,,
CHE,Switzerland,Europe & Central Asia,High income,country,Bern,46.948,7.44821,,9092436.0,14.8834431802057,64.6844363881088,20.4321204316855,54.5966931972385,66.747,65.647,65.837,90.636,78.122,63.494,59.712,4.873,9.041,5165662.0,4913939,SL.TLF.TOTL.IN x (1 - SL.UEM.TOTL.ZS),54.0443,2.24176495349087,19.5896920575442,78.1685429889649,8.9748,27.2629,17.6993,11.8092,13.4534,2.0237,9.0996,3.7233,5.9538,2.1578,5.709,9,97.84,ISCO-08,4774.716,65.7462,36.2377,34.2538,3230728,1780698,580297,1339682,49.1682,68.9483,65.0335,Y15-24,proxy_youth_15_24_x_isco,572639,281556,10.5473,-16.578,42.37,4,102513.347221899,959002.0,80.044,195485791668.792,12.8258843047603,25072781472,0.5265,265221392343,2025,2025,2025,2025,2025,2025,,2025,2025,,,,,,,,,complete,1.1225,70.3983,24.2759,4.8553,73.4759,17.0457,12.0898,67.5663,17.2708,15.2018,58.9335,22.5734,18.8448,58.1695,18.3429,15.0557,54.6332,20.2519,22.5118,58.0685,16.8637,7.5729,63.8577,24.714,6.2211,63.724,23.7597,2025,2025,2025,2025,2025,2025,2025,2025,2025,4.1116,24.6127,71.1038,,1.6411,15.3507,82.6537,,8.8865,45.373,45.0944,0.1224,11.5463,63.5221,24.1231,0.1087,23.9634,58.7608,15.6438,0.4877,13.1349,60.1886,25.9117,,23.2322,64.4454,11.2155,0.2939,32.1541,53.6051,12.1179,0.8662,48.4877,37.2177,10.2949,2.1043,2025,2025,2025,2025,2025,2025,2025,2025,2025
CHI,Channel Islands,Europe & Central Asia,High income,country,,49.45,-2.53,,168466.0,14.033478764135,65.5521918499392,20.4143293859259,52.5504151838671,56.356,48.038,,,,52.88,41.252,6.169,14.126,81617.0,76582,SL.TLF.TOTL.IN x (1 - SL.UEM.TOTL.ZS),45.4584,2.0609894726437,12.6464192161321,85.2925913112242,,,,,,,,,,,,0,,,,,,,,,,,,,,,proxy_unavailable,,,,,,1,,,,,,,,,2025,2025,2025,,,,,,,,,,,,,,,partial — no ISCO data; no youth x ISCO cross-tab,,,,,,,,,,,,,,,,,,,,,,,,,,,,,,,,,,,,,,,,,,,,,,,,,,,,,,,,,,,,,,,,,,,,,,,,,,,,,,,,,
CHL,Chile,Latin America & Caribbean,High income,country,Santiago,-33.475,-70.6475,,19859921.0,16.5470018737738,68.8632522757769,14.5897458504493,45.2153293896903,62.304,30.079,29.466,83.637,68.405,56.713,23.571,8.974,21.635,10326077.0,9399415,SL.TLF.TOTL.IN x (1 - SL.UEM.TOTL.ZS),47.3286,6.06552449974121,21.5000875057251,72.4344092725215,4.8378,17.4158,12.8426,5.0899,21.2375,2.372,11.8286,7.9964,16.3793,0.5874,,9,99.41,ISCO-08,9359.553,40.1861,22.2536,59.8138,3777258,2091708,478421,1636983,24.0101,45.8892,28.4063,Y15-24,proxy_youth_15_24_x_isco,664015,159431,14.1848,-16.176,50.64,4,37774.0879069903,2817084.0,84.9,13012131976.4,5.87197582944737,764069245,0.3994,141808698797,2025,2025,2025,2025,2025,2025,,2025,2025,,,,,,,,,complete,0.5439,77.9492,16.0318,2.9597,85.7118,8.3922,4.5705,80.0647,12.2829,7.062,76.7464,12.968,10.1916,66.7079,15.395,3.7728,47.5924,27.7121,5.1853,67.0766,19.3139,3.4348,69.6158,19.4663,9.5735,60.9448,21.428,2025,2025,2025,2025,2025,2025,2025,2025,2025,1.6966,22.6312,75.4516,0.2076,0.211,11.2801,88.4771,0.0229,1.7466,62.0385,36.0874,0.0888,3.4736,69.6771,26.5937,0.2485,15.4121,68.437,13.3078,2.7218,42.1282,37.3892,5.2422,15.0067,24.652,61.522,10.055,3.5975,21.1311,68.4857,8.6648,1.6584,32.3348,54.5949,4.7237,7.9266,2025,2025,2025,2025,2025,2025,2025,2025,2025
CHN,China,East Asia & Pacific,Upper middle income,country,Beijing,40.0495,116.286,,1406585000.0,15.4072909264023,69.6812776464024,14.9114314271952,43.5105718441117,64.551,49.282,,,,61.572,41.497,4.615,15.795,768071923.0,732625404,SL.TLF.TOTL.IN x (1 - SL.UEM.TOTL.ZS),52.0854,21.6768623336956,31.7923235092111,46.5308142926728,,,,,,,,,,,,0,,,,,,,,,,,,,,,proxy_unavailable,,,14.0075,,,2,29333.3311051433,197026759.0,,384679024468.52,19.135055120832,73608543370,,,2025,2025,2025,,,,,,,,,,,,,,,partial — no ISCO data; no youth x ISCO cross-tab,,,,,,,,,,,,,,,,,,,,,,,,,,,,,,,,,,,,,,,,,,,,,,,,,,,,,,,,,,,,,,,,,,,,,,,,,,,,,,,,,
CIV,Cote d'Ivoire,Sub-Saharan Africa,Lower middle income,country,Yamoussoukro,5.332,-4.0305,,32711547.0,40.4553985241878,56.8911439268089,2.65345754900338,75.774285110462,67.09,36.549,37.183,83.874,74.93,65.532,35.083,2.323,4.011,13067763.0,12764199,SL.TLF.TOTL.IN x (1 - SL.UEM.TOTL.ZS),39.0205,45.3665059778073,14.3315310024622,40.301955185326,0.1438,2.123,2.4783,2.5006,29.9837,47.3368,9.0192,1.1366,5.278,0.8131,81.136,9,99.19,ISCO-08,11410.381,7.2457,2.2668,92.7543,924856,289339,319182,270984,2.3579,8.6651,6.2097,Y15-24,proxy_youth_15_24_x_isco,1675150,39498,14.5967,-4.8878,30.65,4,8208.90898574972,4774821.0,73.752,1215048591.79267,9.87269575792784,119958051,0.217,22737292087,2025,2025,2025,2022,2022,2022,,2022,2022,,,,,,,,,complete,19.4452,72.9757,7.5791,3.9262,83.4925,10.5586,6.0135,83.4847,8.9568,5.5852,86.7607,5.8498,14.0809,75.8384,7.6478,16.2471,65.6565,12.0345,24.135,67.5675,6.438,8.2537,86.9973,4.5386,23.1781,69.3597,6.1697,2019,2022,2022,2022,2022,2022,2022,2022,2022,33.7345,9.0876,6.6116,49.3099,3.2066,20.9274,66.5428,5.2562,13.9656,31.3875,42.3554,8.0076,30.7012,25.6214,30.7878,12.0467,39.3075,6.9795,3.5774,49.7226,28.7383,2.6366,0.5469,67.9741,46.2036,7.5447,3.3946,42.4955,39.5588,6.0337,4.9766,49.4317,43.5224,7.0595,3.3797,45.2224,2019,2022,2022,2022,2022,2022,2022,2022,2022
CMR,Cameroon,Sub-Saharan Africa,Lower middle income,country,Yaounde,3.8721,11.5174,,29879337.0,41.1173982876528,56.0650107463897,2.81759096595751,78.3643636318919,65.171,34.152,34.952,82.463,78.24,62.823,31.916,3.602,6.548,11466010.0,11053004,SL.TLF.TOTL.IN x (1 - SL.UEM.TOTL.ZS),36.9921,41.8539758640678,14.6146003508013,43.5314147377979,18.4068,4.9554,4.1951,2.7716,8.7696,40.4608,11.2409,4.0737,5.1261,0.3917,75.903,9,99.61,ISCO-08,9174.745,30.3289,23.3622,69.6711,3352255,2582225,306345,547721,15.7613,34.6745,28.3015,Y15-24,proxy_youth_15_24_x_isco,1415458,223095,14.8429,-14.5676,35.0,4,5787.85440270861,4434948.0,32.465,1805072605.2928,10.4794564969531,189161798,0.2789,17842119306,2025,2025,2025,2021,2021,2021,,2021,2021,,,,,,,,,complete,9.7565,75.7061,9.2757,4.0627,87.1733,7.629,8.5993,84.5881,5.2259,8.6367,84.7577,5.4891,17.5907,73.4912,6.2978,17.544,62.1331,11.6912,28.0582,64.9062,4.918,16.779,76.5764,5.4405,27.3704,68.3274,3.2553,2021,2021,2021,2021,2021,2021,2021,2021,2021,44.6833,21.8914,22.7214,10.2165,14.7521,34.8473,48.043,2.287,25.8236,46.5801,20.1566,7.1202,33.9307,38.1384,25.5344,2.0398,61.4748,17.751,3.6991,17.0705,56.0903,5.449,0.4135,38.0,69.4481,16.4059,2.6143,11.4967,73.3604,16.0802,2.2342,8.1855,68.7332,20.1933,1.9461,8.8031,2014,2014,2014,2014,2014,2014,2014,2014,2014
COD,"Congo, Dem. Rep.",Sub-Saharan Africa,Low income,country,Kinshasa,-4.325,15.3222,,112832473.0,45.9497905359213,50.9663259795786,3.08388348450007,96.2079825806326,64.306,43.228,43.65,74.937,75.623,61.454,39.836,4.434,7.848,39217778.0,37478862,SL.TLF.TOTL.IN x (1 - SL.UEM.TOTL.ZS),33.2164,58.5244697326526,8.02198283936773,33.4535474279797,2.6104,4.7322,2.9259,0.5078,9.223,73.9244,2.3131,1.7712,1.992,1.5679,14.33,9,98.43,ISCO-08,30583.061,10.7763,7.3426,89.2237,4038835,2751923,190318,1773575,5.781,12.0616,14.4523,Y15-24,proxy_youth_15_24_x_isco,6188560,357761,13.7683,-4.9953,34.33,4,1919.82250200565,15535095.0,61.018,548125681.288397,0.458636191140737,2513903,0.1704,12260750750,2025,2025,2025,2020,2020,2020,,2020,2020,,,,,,,,,partial — ISCO data 2020 (>5yr old),15.4207,66.404,13.1275,9.2071,73.2105,12.3462,17.4073,68.728,10.3261,4.3854,83.15,5.6544,16.5868,70.7443,8.6561,26.088,61.0093,8.4385,15.9167,70.4828,10.1521,21.8992,72.5188,4.8635,37.8669,55.0327,4.404,2020,2020,2020,2020,2020,2020,2020,2020,2020,49.2389,1.1008,18.2617,31.3985,54.4606,0.4626,38.2027,6.8741,56.2297,1.2735,23.3712,19.1256,60.8839,3.0674,31.6885,4.3609,71.4035,0.7881,10.6606,17.1479,61.031,0.1203,0.8641,37.9847,81.6273,3.1521,7.2591,7.9615,16.1105,66.829,14.3999,,,,,,2020,2020,2020,2020,2020,2020,2020,2016,
COG,"Congo, Rep.",Sub-Saharan Africa,Lower middle income,country,Brazzaville,-4.2767,15.2662,,6484437.0,39.9430436289226,56.9955726302839,3.06138374079353,75.4522244186846,67.825,43.278,,,,54.344,25.75,19.876,40.501,2641346.0,2116352,SL.TLF.TOTL.IN x (1 - SL.UEM.TOTL.ZS),32.6374,36.3523519266662,19.480142698514,44.1675053748199,,,,,,,,,,,,0,,,,,,,,,,,,,,,proxy_unavailable,,,14.0207,,,2,7248.44439070757,909163.0,,239956067.339388,5.46432892689928,13111989,,,2025,2025,2025,,,,,,,,,,,,,,,partial — no ISCO data; no youth x ISCO cross-tab,,,,,,,,,,,,,,,,,,,,,,,,,,,,,,,,,,,,,,,,,,,,,,,,,,,,,,,,,,,,,,,,,,,,,,,,,,,,,,,,,
COL,Colombia,Latin America & Caribbean,Upper middle income,country,Bogota,4.60987,-74.082,,53425635.0,19.9929217500838,69.8069749680376,10.2001032818786,43.2521594151681,63.398,43.23,43.871,82.159,61.88,58.142,35.598,8.29,17.653,27099025.0,24852516,SL.TLF.TOTL.IN x (1 - SL.UEM.TOTL.ZS),46.518,14.1575818404901,19.9996732725827,65.8427408631905,5.7337,11.1097,6.9671,5.9874,21.6534,5.4088,10.5296,8.8447,23.7655,0.003,19.115,9,100.0,ISCO-08,23807.593,29.7979,16.8434,70.202,7405528,4186009,1488020,2761040,20.9076,33.4296,23.5451,Y15-24,proxy_youth_15_24_x_isco,3203584,669793,16.8446,-8.8903,60.6,4,22640.4224606513,8999338.0,81.44,19586684071.002,11.7929013806037,2309838336,0.3437,193390181300,2025,2025,2025,2025,2025,2025,,2025,2025,,,,,,,,,complete,3.8894,76.0725,13.206,5.2793,80.9458,10.1396,9.0481,77.6955,10.0201,18.0888,74.3771,6.203,16.2869,67.4839,11.1553,10.4993,58.0913,16.6877,10.2408,64.9913,15.7487,10.2779,70.5449,14.3184,14.569,64.8174,14.0821,2025,2025,2025,2025,2025,2025,2025,2025,2025,11.7826,24.6262,57.9028,5.6884,0.5652,7.9628,91.3914,0.0806,8.6619,33.6613,55.3713,2.3056,4.2606,44.3429,50.8093,0.5872,19.2664,51.7824,22.0255,6.9239,37.5569,21.9816,3.6089,36.8526,32.1359,42.2376,13.3534,12.2671,28.5036,53.1497,10.6407,7.706,38.197,36.4162,4.9431,20.4422,2025,2025,2025,2025,2025,2025,2025,2025,2025
COM,Comoros,Sub-Saharan Africa,Lower middle income,country,Moroni,-11.6986,43.2418,,882847.0,36.8698444521846,58.6758755051127,4.45428004270273,70.4276685366146,55.772,23.07,23.084,75.733,70.135,53.642,21.051,3.819,8.753,310841.0,298970,SL.TLF.TOTL.IN x (1 - SL.UEM.TOTL.ZS),33.8643,33.5566541348354,14.7956999317662,51.6476459333985,0.9343,8.0473,3.1577,7.6476,15.318,41.2448,6.7799,3.3937,13.4768,32.833,3.594,9,67.17,ISCO-08,171.139,19.7869,8.9816,80.2132,59157,26852,22864,24059,3.5941,24.5224,13.6206,Y15-24,proxy_youth_15_24_x_isco,42297,1520,22.7589,-16.1928,39.01,4,4238.26133409182,200926.0,78.324,116386921.039425,11.6872752233131,13602460,0.2651,335911654,2025,2025,2025,2021,2021,2021,,2021,2021,,,,,,,,,partial — only 67% of employment classified by occupation,,,,1.8225,87.9466,7.6169,5.9771,85.2332,5.4589,1.4441,91.8322,5.9444,6.6298,79.6452,9.6929,17.7514,58.9876,13.3171,19.8483,73.9636,4.4816,15.8058,75.0861,7.834,12.9076,73.9941,9.8812,,2021,2021,2021,2021,2021,2021,2021,2021,13.1957,21.3884,62.1013,,8.4374,20.5417,62.8449,6.9561,19.1155,14.2672,48.7972,16.8764,16.114,20.2858,56.5327,7.0675,28.5714,6.1148,7.0036,58.3101,22.4705,3.0275,3.7203,70.7208,30.3111,4.9901,6.0674,58.6314,,,,,21.5314,4.2014,4.0062,70.2567,2021,2021,2021,2021,2021,2021,2021,,2021
CPV,Cabo Verde,Sub-Saharan Africa,Upper middle income,country,Praia,14.9218,-23.5087,,527326.0,24.6949938889737,68.1510755690745,7.15393054195179,46.7329664030631,57.025,30.699,31.8,76.519,47.8,50.217,21.976,11.939,28.415,226448.0,199412,SL.TLF.TOTL.IN x (1 - SL.UEM.TOTL.ZS),37.8157,9.24518083164504,23.066314966,67.6890056766895,3.4303,8.2785,5.4416,5.4431,23.9254,8.3911,15.5027,6.1166,23.4709,0.0286,0.353,9,99.97,ISCO-08,205.932,22.5935,11.7088,77.4067,45054,23349,10854,16508,,26.9623,30.9553,,proxy_unavailable,,,23.5342,,,2,12165.2989335356,124102.0,69.77,939605461.871642,1.17053983600744,10998456,0.3097,751303271,2025,2025,2025,2019,,2019,,2015,2015,,,,,,,,,partial — ISCO data 2019 (>5yr old); no youth x ISCO cross-tab,,,,,,,,,,8.9338,72.5945,13.8362,14.7296,74.3029,9.393,,,,8.6347,82.7509,6.6444,,,,18.244,70.2135,7.8473,,,,2015,2015,,2015,,2015,13.0239,25.2511,61.725,,9.8818,19.2926,70.6212,,30.3604,20.2362,47.9571,,31.0577,30.1728,36.8591,,61.388,21.7195,6.1736,9.3516,,,,,73.6402,12.8684,3.7324,7.7687,,,,,68.9458,13.1382,1.5629,15.3104,2015,2015,2015,2015,2015,,2015,,2015
CRI,Costa Rica,Latin America & Caribbean,High income,country,San Jose,9.63701,-84.0089,,5152950.0,18.308580521837,68.9394521584723,12.7519673196907,45.0548429730198,57.659,38.73,35.958,79.43,53.883,53.713,31.004,6.843,19.949,2427166.0,2261075,SL.TLF.TOTL.IN x (1 - SL.UEM.TOTL.ZS),43.8792,11.4892745659806,18.4786521803355,70.032117480454,1.4672,14.2186,10.7122,8.0049,19.7838,2.6846,11.4752,9.033,22.6204,1.9644,,9,98.04,ISCO-08,2186.543,34.4029,15.6858,65.597,777875,354668,180997,321493,29.7955,38.1924,22.4392,Y15-24,proxy_youth_15_24_x_isco,263817,78606,16.5131,-4.6074,70.86,4,33814.7696296148,850912.0,72.536,18083304474.0449,14.7530468725655,2667838385,0.3741,28602836883,2025,2025,2025,2025,2025,2025,,2025,2025,,,,,,,,,complete,1.1066,76.7869,16.0188,1.9486,83.7071,11.6077,9.3282,80.3365,8.3846,18.1825,74.5914,6.0252,11.5373,71.2579,13.9366,2.6507,50.2053,31.7252,6.1687,68.1373,18.6026,8.3783,68.2261,18.243,11.7443,67.4049,17.2293,2025,2025,2025,2025,2025,2025,2025,2025,2025,12.2035,10.1555,77.641,,0.2509,1.9474,97.7947,,11.7434,48.1087,39.277,0.8594,16.4628,55.0388,27.5237,0.9753,47.6535,38.4296,9.2131,4.7039,63.3311,16.0355,5.8619,14.7715,59.7144,26.5891,5.6127,8.0837,60.749,30.0272,4.1562,5.0686,61.3716,20.0865,1.5386,16.9978,2025,2024,2025,2025,2025,2025,2025,2025,2025
CUB,Cuba,Latin America & Caribbean,Upper middle income,country,Havana,23.1333,-82.3667,,10937203.0,15.0237672728682,67.9412246466841,17.0350080804476,47.1860360899868,52.248,38.796,,,,51.335,37.137,1.746,4.277,4855941.0,4771156,SL.TLF.TOTL.IN x (1 - SL.UEM.TOTL.ZS),43.6232,15.5279603346471,16.9089579880263,67.5630816773266,,,,,,,,,,,,0,,,,,,,,,,,,,,,proxy_unavailable,,,12.9981,,,2,,1421630.0,81.782,,,,,,2025,2025,2025,,,,,,,,,,,,,,,partial — no ISCO data; no youth x ISCO cross-tab,,,,,,,,,,,,,,,,,,,,,,,,,,,,,,,,,,,,,,,,,,,,,,,,,,,,,,,,,,,,,,,,,,,,,,,,,,,,,,,,,
CUW,Curacao,Latin America & Caribbean,High income,country,Willemstad,12.11,-68.93,,156263.0,14.6037188590036,68.0956077784427,17.3006733625537,46.8526802496053,,,30.1,84.842,64.4,,,,,,51110,ILOSTAT survey total (ISCO base),32.7077,,,,11.804,15.0068,12.6081,11.4498,22.1992,0.1917,10.9959,3.8388,11.9057,10.142,0.154,9,89.86,ISCO-08,51.11,50.8687,26.8108,49.1313,25999,13703,5852,7670,,,,,proxy_unavailable,,,,,,0,32740.7736763943,,77.615,1546440314.48603,3.54947670761026,54890539,0.461,771428615,2025,,,2020,,2020,,,,,,,,,,,,partial — ISCO data 2020 (>5yr old); only 90% of employment classified by occupation; no labor force data; no youth x ISCO cross-tab,,,,,,,,,,,,,,,,,,,,,,,,,,,,,,,,,,,,,,,,,,,,,,,,,,,,,,,,,,,,,,,,,,,,,,,,,,,,,,,,,
CYM,Cayman Islands,Latin America & Caribbean,High income,country,George Town,19.3022,-81.3857,,75844.0,16.0560891836479,74.4302412204078,9.51366959594428,34.3554587164089,,,55.392,93.91,78.467,,,,,,38974,ILOSTAT survey total (ISCO base),51.3871,,,,9.9194,16.3699,14.0684,8.0156,21.658,1.9013,11.7848,3.936,12.3467,0.419,,9,99.58,ISCO-08,38.974,48.3733,26.2893,51.6268,18853,10246,3124,6380,,,,,proxy_unavailable,,,,,,0,92201.086358256,,85.951,4766704350.25344,0.380386054039246,18131879,0.4414,1586146685,2025,,,2015,,2015,,,,,,,,,,,,partial — ISCO data 2015 (>5yr old); no labor force data; no youth x ISCO cross-tab,,,,,,,,,,,,,,,,,,,,,,,,,,,,,,,,,,,,,,,,,,,,,,,,,,,,,,,,,,,,,,,,,,,,,,,,,,,,,,,,,
CYP,Cyprus,Europe & Central Asia,High income,country,Nicosia,35.1676,33.3736,,1370754.0,16.0809671173675,68.9867036682001,14.9323292144324,44.9554692176076,66.961,40.722,38.727,89.913,72.869,63.664,35.547,4.924,12.709,770268.0,732340,SL.TLF.TOTL.IN x (1 - SL.UEM.TOTL.ZS),53.4261,2.15460914852042,16.2688762140927,81.5765146373869,4.4925,24.1344,15.1507,9.5944,16.7918,1.6954,9.9343,4.9782,13.2283,0.0002,5.704,9,100.0,ISCO-08,498.939,53.372,28.6269,46.628,390865,209646,70264,176746,27.5814,56.7508,46.5184,Y15-24,proxy_youth_15_24_x_isco,44254,12206,9.0821,-25.7906,33.24,4,64574.62109375,124493.0,82.467,35729151587.8162,28.0748917964821,10030920648,0.469,22179281088,2025,2025,2025,2025,2024,2025,,2024,2024,,,,,,,,,complete,1.2164,60.6585,31.2533,2.7651,83.3394,11.7047,2.9735,76.6974,17.5582,5.4014,76.1832,14.8897,12.7405,68.3829,15.4229,3.0699,40.1912,37.9965,7.4564,68.5056,20.4046,5.8074,63.86,25.7024,7.3894,71.1034,19.4177,2022,2024,2024,2024,2024,2024,2024,2024,2024,1.2376,12.4118,86.3505,,0.1945,1.7992,98.0073,,2.8634,28.0836,69.0517,,3.8363,44.5158,51.648,,11.9974,54.0647,33.7642,0.1726,42.5205,40.9721,13.4779,3.043,30.1022,53.3723,14.201,2.3266,22.4289,63.9562,12.4289,1.186,33.6577,51.7854,11.1806,3.3778,2024,2024,2024,2024,2024,2024,2024,2024,2024
CZE,Czechia,Europe & Central Asia,High income,country,Prague,50.0878,14.4205,,10886878.0,15.085690166576,63.734238443764,21.1800713896599,56.9015469681577,60.341,26.87,27.798,90.672,80.236,58.637,24.393,2.825,9.219,5578235.0,5420650,SL.TLF.TOTL.IN x (1 - SL.UEM.TOTL.ZS),49.7907,2.70894317746628,34.8943828681843,62.3966739543494,5.1811,21.3568,16.8312,7.1068,15.2791,1.2699,15.3367,12.2512,5.3872,0.0013,20.109,9,100.0,ISCO-08,5233.114,50.4759,26.5379,49.5241,2736122,1438527,385235,1157677,34.7055,50.2998,45.929,Y15-24,proxy_youth_15_24_x_isco,259462,90048,9.7702,-15.7704,38.03,4,60487.2877495391,1063674.0,77.387,47538348447.3908,18.1663816793719,8635997823,0.4488,147152730853,2025,2025,2025,2025,2024,2025,,2024,2024,,,,,,,,,complete,0.7477,71.9217,22.9647,3.0444,76.3567,15.4191,4.5079,75.4834,17.5077,7.2133,72.8853,17.4399,8.1837,68.6015,19.3588,10.9096,65.1013,20.3999,5.8007,72.3045,19.895,5.7364,74.0717,18.4555,8.1882,68.7295,19.874,2022,2024,2024,2024,2024,2024,2024,2024,2024,4.8214,31.0289,64.0153,,0.6272,18.9942,80.3236,,8.6834,66.6904,24.5759,,14.1361,68.822,17.0418,,49.0838,42.056,8.7562,,58.4893,33.2201,8.2907,,68.7038,28.8173,2.4505,,71.2951,26.3536,2.3513,,76.8819,19.9043,3.0051,,2024,2024,2024,2024,2024,2024,2024,2024,2024
DEU,Germany,Europe & Central Asia,High income,country,Berlin,52.5235,13.4115,,83491249.0,13.8859014629835,62.4109003911736,23.7031981458429,60.2284213984744,60.571,54.624,54.655,88.369,77.313,58.323,50.875,3.711,6.862,43549178.0,41933068,SL.TLF.TOTL.IN x (1 - SL.UEM.TOTL.ZS),50.2245,1.07104516806735,25.9741661900069,72.9547886419257,4.4556,23.8106,20.1084,12.4382,14.1058,1.2049,10.9119,5.5611,7.4035,0.5058,160.125,9,99.49,ISCO-08,42178.036,60.8128,28.2662,39.1872,25500673,11852885,5215719,9984515,48.2658,64.2646,58.5974,Y15-24,proxy_youth_15_24_x_isco,4417168,2131981,10.3992,-12.547,41.86,4,75406.6888111618,8682394.0,73.112,518047040037.538,11.4732816343515,59436995902,0.5072,1603783548216,2025,2025,2025,2025,2024,2025,,2024,2024,,,,,,,,,complete,1.3724,65.757,27.1129,6.2517,71.4695,18.5111,9.8637,65.0374,22.0954,9.8856,59.891,26.831,15.9743,56.921,22.3342,11.7044,52.2172,26.5647,15.5544,59.7203,22.4319,6.6073,58.4067,29.097,9.9399,56.5883,26.3828,2024,2024,2024,2024,2024,2024,2024,2024,2024,7.5267,37.3155,55.1578,,2.579,20.6041,76.8169,,8.3393,58.2296,33.419,,11.9632,70.376,17.6608,,23.9726,63.7521,12.2665,,18.3107,57.6405,23.9606,,21.1745,66.9704,11.838,,31.761,59.8068,8.4173,,49.3976,43.247,7.3312,,2024,2024,2024,2024,2024,2024,2024,2024,2024
DJI,Djibouti,"Middle East, North Africa, Afghanistan & Pakistan",Lower middle income,country,Djibouti,11.5806,43.1425,,1184076.0,28.8031220955741,66.2248173998893,4.97206050453666,51.0008263703976,31.744,13.424,29.513,58.447,41.82,23.486,3.119,26.015,76.766,267610.0,197991,SL.TLF.TOTL.IN x (1 - SL.UEM.TOTL.ZS),16.7211,1.15106823576948,6.68266074044144,92.1662710237891,4.7935,13.9271,14.4222,14.3971,27.8946,2.145,9.4628,1.1339,11.8239,3.4931,8.143,9,96.51,ISCO-08,71.702,47.5399,18.7206,52.4602,94125,37065,28505,27574,47.0772,48.7409,39.716,Y15-24,proxy_youth_15_24_x_isco,6165,2902,16.6939,-0.4627,90.03,4,8451.96838146073,197668.0,70.785,1173078422.95904,6.8638941750245,80518862,0.4654,778806723,2025,2025,2025,2017,2017,2025,,2017,2017,,,,,,,,,partial — ISCO data 2017 (>5yr old),4.277,71.6613,17.8353,3.9656,89.5854,5.4576,5.1156,87.3416,5.6668,5.6863,85.1012,8.3019,3.3148,81.5109,11.6044,7.9324,82.3797,7.2822,6.5438,82.1371,10.6411,,,,7.5018,80.1722,9.3536,2017,2017,2017,2017,2017,2017,2017,,2017,24.8182,10.3288,30.9572,33.8958,9.9239,14.4102,55.4977,20.1582,17.184,21.1198,28.2951,33.2753,19.7617,8.8831,11.2274,59.692,8.7996,3.8048,2.1299,85.1307,,,,,16.2564,2.5645,7.5018,72.5276,,,,,,,,,2017,2017,2017,2017,2017,,2017,,
DMA,Dominica,Latin America & Caribbean,Upper middle income,country,Roseau,15.2976,-61.39,,65871.0,17.6115619046173,69.1900138906811,13.1984242047016,44.5300157977883,,,,,,,,,,,,,,,,,,,,,,,,,,,,0,,,,,,,,,,,,,,,proxy_unavailable,,,,,,0,22713.1288027433,,,180574263.333333,1.77735922832414,3209453,,,2025,,,,,,,,,,,,,,,,,partial — no ISCO data; no labor force data; no youth x ISCO cross-tab,,,,,,,,,,,,,,,,,,,,,,,,,,,,,,,,,,,,,,,,,,,,,,,,,,,,,,,,,,,,,,,,,,,,,,,,,,,,,,,,,
DNK,Denmark,Europe & Central Asia,High income,country,Copenhagen,55.6763,12.5681,,6009169.0,15.5619810189309,63.319051522972,21.1189674580971,57.9303428245687,64.935,69.073,69.926,87.796,77.587,61.345,60.966,5.529,11.737,3294817.0,3112647,SL.TLF.TOTL.IN x (1 - SL.UEM.TOTL.ZS),51.7983,1.62047541964826,18.8047064030071,79.5748181773447,3.2322,29.9067,16.9434,7.6591,19.4322,1.3575,7.0678,4.3837,10.0172,2.3924,14.596,9,97.61,ISCO-08,3009.662,57.7414,33.1389,42.2584,1797286,1031497,238401,930890,21.4682,65.1235,58.7923,Y15-24,proxy_youth_15_24_x_isco,432873,92930,11.8157,-36.2732,33.67,4,83218.071525634,710024.0,78.626,128900469810.937,7.45621210752855,9611092437,0.4969,128711252050,2025,2025,2025,2025,2024,2025,,2024,2024,,,,,,,,,complete,0.4183,69.7547,26.2101,2.1022,77.235,16.4495,7.1314,64.8937,22.4484,14.9898,58.3988,21.6529,32.6634,46.6737,16.1302,12.9857,50.9217,19.924,13.9047,62.97,18.1588,5.3246,55.9332,28.9437,29.674,46.7093,18.1678,2021,2024,2024,2024,2024,2024,2024,2024,2024,7.5818,24.0112,68.4069,,2.1305,9.3296,88.3263,,10.8029,50.4325,38.7083,,13.9624,59.6241,26.3094,,29.6575,56.5504,13.55,,35.1841,52.9066,11.9093,,20.4378,73.9769,5.3983,,43.4523,49.5576,6.8706,,45.0978,43.4529,10.4656,,2024,2024,2024,2024,2024,2024,2024,2024,2024
DOM,Dominican Republic,Latin America & Caribbean,Upper middle income,country,Santo Domingo,18.479,-69.8908,,11520487.0,26.1990877642586,65.6130595868039,8.1878526489375,52.4086962411681,64.839,48.235,47.983,84.568,65.465,61.537,42.296,5.092,12.312,5512758.0,5232048,SL.TLF.TOTL.IN x (1 - SL.UEM.TOTL.ZS),45.4152,7.00888333168325,18.9706856552867,74.0204119000483,2.8019,9.0358,6.7805,8.7263,25.5063,4.27,15.2415,9.907,17.7308,-0.0,41.699,9,100.0,ISCO-08,5098.252,27.3445,11.8377,72.6556,1430677,619354,456564,472757,25.1459,30.0414,20.3233,Y15-24,proxy_youth_15_24_x_isco,829927,208693,17.0322,-2.1986,65.91,4,28721.0964580217,1962188.0,83.35,14434800000.0,0.521655998004822,75300000,0.3495,52519419271,2025,2025,2025,2025,2025,2025,,2025,2025,,,,,,,,,complete,3.6878,74.4268,11.0599,4.2321,76.6628,13.9749,13.8516,70.9681,9.3698,23.6539,70.0252,4.3746,16.8265,62.3804,12.8552,4.9055,50.0214,21.1342,13.5797,65.9514,14.5183,16.96,65.3573,13.3988,12.041,66.8326,13.712,2025,2025,2025,2025,2025,2025,2025,2025,2025,13.4998,25.0167,58.4674,3.0162,0.8718,5.6833,88.8349,0.1422,17.5124,51.5939,26.8277,3.9379,18.6871,61.835,15.6272,3.851,39.0093,36.3051,4.114,20.4508,27.1817,5.9702,2.0964,55.0028,49.6294,26.1823,1.8834,22.3049,50.8662,27.7493,1.0495,20.2511,43.1738,18.755,0.7732,37.1403,2015,2025,2015,2015,2015,2016,2015,2015,2015
DZA,Algeria,"Middle East, North Africa, Afghanistan & Pakistan",Upper middle income,country,Algiers,36.7397,3.05097,,47435312.0,29.9254996986791,63.2685694495755,6.80593085174533,58.0563649914135,40.784,24.461,,,,36.039,17.259,11.633,29.444,13556625.0,11979583,SL.TLF.TOTL.IN x (1 - SL.UEM.TOTL.ZS),25.2546,9.48460293195362,32.2610561807939,58.2543408872525,2.6966,10.4307,4.0794,7.3291,27.6077,6.213,18.7278,7.9119,15.004,0.166,98.0,9,99.83,ISCO-08,10124.0,24.5358,13.1273,75.4644,2939287,1572596,877996,1249554,,,,,proxy_unavailable,,,13.635,,,2,18586.2607480579,6467818.0,,4219598821.45368,1.7241173505147,72750835,0.3374,75124017420,2025,2025,2025,2014,,,,,,,,,,,,,,partial — ISCO data 2014 (>5yr old); no youth x ISCO cross-tab,,,,,,,,,,,,,,,,,,,,,,,,,,,,,,,,,,,,,,,,,,,,,,,,,,,,,,,,,,,,,,,,,,,,,,,,,,,,,,,,,
ECU,Ecuador,Latin America & Caribbean,Upper middle income,country,Quito,-0.229498,-78.5243,,18289896.0,23.8989740564955,67.5045937932069,8.59643215029763,48.1380745343627,64.497,44.719,42.798,80.162,69.775,62.364,41.07,3.308,8.16,8977208.0,8680242,SL.TLF.TOTL.IN x (1 - SL.UEM.TOTL.ZS),47.4592,32.4812231898717,16.5904803487916,50.9282964613367,0.9777,7.5307,4.557,2.8912,19.0089,21.5207,10.8449,6.5851,26.0837,0.0277,31.337,9,99.97,ISCO-08,8295.91,15.9566,8.5084,84.0433,1385071,738550,250963,653683,8.2662,19.902,12.8982,Y15-24,proxy_youth_15_24_x_isco,1107926,91583,14.7494,-7.6904,36.07,4,16756.6539631307,2697654.0,77.189,4138417131.96621,3.05394318163029,126384908,0.2541,36959305305,2025,2025,2025,2025,2025,2025,,2025,2025,,,,,,,,,complete,2.7198,79.1429,14.3461,4.4467,79.278,13.0607,10.1522,79.4028,8.2556,13.7454,78.5916,6.4848,14.2061,66.4868,12.2335,10.0666,54.3119,16.9379,9.4895,68.72,14.9139,8.6607,70.9087,14.5488,27.1793,55.2092,10.9253,2025,2025,2025,2025,2025,2025,2025,2025,2025,4.669,25.3634,69.7493,0.2182,0.5942,10.0983,89.2939,,3.6612,50.9558,44.75,0.633,5.9769,58.2231,35.2342,0.5662,26.9226,55.3248,12.5853,5.1666,51.543,22.756,1.5059,24.1246,42.2484,45.7509,5.6663,6.3272,32.219,58.0306,6.9499,2.8005,48.6643,34.5403,2.6627,14.1073,2025,2025,2025,2025,2025,2025,2025,2025,2025
EGY,"Egypt, Arab Rep.","Middle East, North Africa, Afghanistan & Pakistan",Lower middle income,country,Cairo,30.0982,31.2461,,118365995.0,31.5562617099458,63.1725431918709,5.27119509818337,58.2966196543545,44.568,23.14,28.709,62.476,41.201,41.546,18.907,6.781,18.293,36106369.0,33657996,SL.TLF.TOTL.IN x (1 - SL.UEM.TOTL.ZS),28.4355,17.5246443528294,29.3573117863816,53.1180498028743,3.6578,11.996,6.6762,4.6875,18.2547,17.17,19.2701,12.6378,5.65,8.4161,,9,91.58,ISCO-08,29927.558,27.0175,15.6538,72.9826,9093549,5268755,1577719,4037613,12.7761,29.3558,31.6454,Y15-24,proxy_youth_15_24_x_isco,2907470,371461,12.9917,-14.2414,40.92,4,20204.0130500153,15377746.0,66.735,34068400000.0,6.05076845405126,2061400000,0.3214,218560546161,2025,2025,2025,2024,2024,2024,,2024,2024,,,,,,,,,complete,2.5294,70.8432,23.5447,6.2295,83.1927,10.1647,9.3861,80.3723,10.0359,7.5327,78.7962,13.4977,15.5511,72.3829,10.635,15.4204,64.9354,15.547,21.0795,71.6533,6.6214,15.0263,77.2708,7.2688,17.2504,72.8764,8.8951,2024,2024,2024,2024,2024,2024,2024,2024,2024,7.4349,35.1983,42.0547,15.3121,0.2027,12.6429,87.0749,0.0795,4.4934,69.3859,23.1678,2.9529,2.1257,59.6821,37.3746,0.8176,16.4781,49.0497,13.9126,20.5595,18.2463,35.3909,2.7368,43.626,23.2649,48.0496,3.8554,24.8301,21.8931,53.5525,4.2326,20.3218,22.1524,36.3767,5.447,36.024,2024,2024,2024,2024,2024,2024,2024,2024,2024
ERI,Eritrea,Sub-Saharan Africa,Low income,country,Asmara,15.3315,38.9183,,3607003.0,37.590556481378,58.1513378281083,4.2581056905137,71.9650482641175,78.348,68.495,,,,73.664,61.481,5.978,10.241,1763700.0,1658266,SL.TLF.TOTL.IN x (1 - SL.UEM.TOTL.ZS),45.9735,55.4760411515685,12.7416689783267,31.7822898701048,,,,,,,,,,,,0,,,,,,,,,,,,,,,proxy_unavailable,,,32.39,,,2,1742.32363018235,1168307.0,,,,,,,2025,2025,2025,,,,,,,,,,,,,,,partial — no ISCO data; no youth x ISCO cross-tab,,,,,,,,,,,,,,,,,,,,,,,,,,,,,,,,,,,,,,,,,,,,,,,,,,,,,,,,,,,,,,,,,,,,,,,,,,,,,,,,,
ESP,Spain,Europe & Central Asia,High income,country,Madrid,40.4167,-3.70327,,49355143.0,12.6191319691698,65.7387870333902,21.64208099744,52.1171983566767,57.41,33.759,33.744,87.889,69.39,51.453,25.406,10.376,24.745,24759183.0,22190170,SL.TLF.TOTL.IN x (1 - SL.UEM.TOTL.ZS),44.9602,3.37439783451485,19.851444753623,76.774166700687,4.2586,20.3824,12.345,9.8483,20.7194,1.9802,10.9261,7.433,12.107,0.0014,95.605,9,100.0,ISCO-08,22125.194,46.8343,24.641,53.1657,10392611,5467880,2185355,4522889,34.1024,48.0299,44.2769,Y15-24,proxy_youth_15_24_x_isco,1088836,371319,8.6835,-12.7319,50.55,4,59867.6944716701,4285743.0,78.312,255514531631.267,10.4279078853518,26644819992,0.4447,590772529141,2025,2025,2025,2025,2025,2025,,2025,2025,,,,,,,,,complete,0.4332,71.1232,24.2034,3.8083,77.142,16.6049,6.893,73.0317,18.7006,4.7939,72.7028,21.3662,9.9812,69.3182,18.8553,2.9439,63.7227,28.2286,5.5358,72.9711,20.19,4.6597,73.0689,21.0862,7.657,67.7899,22.3986,2025,2025,2025,2025,2025,2025,2025,2025,2025,14.274,17.1725,68.4084,0.1451,0.3551,2.0039,97.641,,9.5932,23.1717,67.1983,0.0369,12.6034,28.8559,58.4979,0.0428,35.2183,38.3315,25.6041,0.8462,56.8582,24.8571,15.0224,3.2621,48.8507,28.8656,20.633,1.6507,55.5163,29.5625,14.0688,0.8525,58.1107,26.2389,10.9381,4.7123,2025,2025,2025,2025,2025,2025,2025,2025,2025
EST,Estonia,Europe & Central Asia,High income,country,Tallinn,59.4392,24.7586,,1366475.0,15.2537657190128,62.9446033125234,21.8016309684638,58.8699045019195,65.128,43.831,43.086,91.874,81.106,59.714,35.198,8.313,19.695,754206.0,691509,SL.TLF.TOTL.IN x (1 - SL.UEM.TOTL.ZS),50.6053,2.95684105766531,25.9973862665802,71.0457726757545,7.4271,24.5183,13.6336,6.7055,13.5215,1.1547,13.8235,9.9177,9.2982,0.0,2.396,9,100.0,ISCO-08,696.373,52.2845,31.9454,47.7156,361552,220905,46369,169546,41.1903,56.9882,47.286,Y15-24,proxy_youth_15_24_x_isco,48653,20040,10.1157,-11.0942,54.03,4,52105.5093433416,138228.0,77.963,15628719414.6559,25.0035882321197,3907740648,0.452,16286205755,2025,2025,2025,2025,2024,2025,,2024,2024,,,,,,,,,complete,0.9527,77.1919,17.6981,5.2641,72.6607,15.3853,6.0222,70.9639,16.8015,9.0505,67.157,16.0689,13.5979,58.9977,20.181,1.4597,55.9995,26.4597,5.527,74.1499,15.837,4.5797,62.881,25.6118,13.1068,47.3057,23.7971,2024,2024,2024,2024,2024,2021,2024,2024,2024,3.1775,30.3365,66.4859,,0.6966,15.4828,83.8206,,3.2009,47.8467,48.9534,,9.3489,58.8033,31.8479,,11.5486,64.6745,23.7758,,23.0745,53.3078,23.6178,,17.2551,68.5527,14.1302,,22.3425,64.8805,12.777,,24.1037,58.6797,17.2167,,2024,2024,2024,2024,2024,2024,2024,2024,2024
ETH,Ethiopia,Sub-Saharan Africa,Low income,country,Addis Ababa,9.02274,38.7468,,135472051.0,38.7797271142655,57.9245410476754,3.2957318380591,72.6383993060212,68.461,53.849,54.236,79.71,68.428,66.185,50.966,3.323,5.353,56779061.0,54892293,SL.TLF.TOTL.IN x (1 - SL.UEM.TOTL.ZS),40.5193,60.1432419652977,6.44818568769962,33.4085850993779,0.5343,2.6298,1.2973,0.5469,12.06,51.4561,2.7979,1.7022,26.9755,1.3038,69.925,9,98.7,ISCO-08,36491.524,5.0083,3.1641,94.9917,2749171,1736847,300206,1443558,1.7217,6.8571,2.8773,Y15-24,proxy_youth_15_24_x_isco,10740692,184922,15.5561,-3.2866,37.33,4,3621.67487597821,21074230.0,91.613,7608411739.23082,0.559793640362197,42591405,0.157,31211920036,2025,2025,2025,2021,2021,2021,,2021,2021,,,,,,,,,complete,4.6291,87.3697,6.5436,6.0908,90.0193,3.3118,11.8943,82.6652,3.7427,16.8101,77.9255,4.3845,27.0327,66.3905,4.4498,24.4312,61.4543,8.5413,17.8327,72.698,5.9303,22.6706,72.4275,3.2298,29.2628,59.1585,5.2487,2021,2021,2021,2021,2021,2021,2021,2021,2021,15.2392,12.8354,60.2773,7.556,0.261,1.5059,97.4617,0.1959,9.712,16.545,63.6685,1.8194,15.3614,25.5776,51.7636,1.375,53.2962,8.4,3.8018,31.9479,41.6261,3.754,0.4434,51.954,47.4505,8.8388,3.5715,38.2983,65.2731,17.038,9.2181,6.8729,47.0338,4.6184,1.0252,45.897,2021,2021,2021,2021,2021,2021,2021,2021,2021
FIN,Finland,Europe & Central Asia,High income,country,Helsinki,60.1608,24.9525,,5646436.0,14.3301135030412,61.4679968513316,24.2018896456272,62.6862889328563,59.681,53.253,53.976,87.36,79.095,54.035,41.815,9.461,21.479,2886946.0,2613812,SL.TLF.TOTL.IN x (1 - SL.UEM.TOTL.ZS),46.2914,3.4933781512605,20.8400288115246,75.6665546218487,3.6426,26.9234,18.4759,4.9041,18.7992,2.7596,9.5553,7.6657,7.2743,1.6307,8.253,9,98.37,ISCO-08,2562.27,53.946,30.566,46.0541,1410047,798938,128184,703727,26.7124,58.2243,53.1644,Y15-24,proxy_youth_15_24_x_isco,267361,71419,11.3238,-27.2336,43.71,4,65884.4876972259,639391.0,73.177,43648599529.8831,32.7831016497507,14309364753,0.4696,80869658476,2025,2025,2025,2025,2024,2025,,2024,2024,,,,,,,,,complete,,,,2.1422,77.5521,16.9753,7.9688,68.669,20.9485,12.9756,58.7103,23.727,17.1837,58.8581,20.6366,8.2521,43.2385,28.7001,10.9218,67.6616,17.4143,10.1408,66.844,19.3338,28.199,49.0774,19.1206,,2024,2024,2024,2024,2024,2024,2024,2024,3.6158,16.8199,79.5643,,1.4038,16.8609,81.5437,,4.5907,32.7938,62.3999,,8.4446,51.1141,39.8489,,12.3086,72.7328,14.1756,,17.7229,59.7035,21.3744,,18.593,75.1926,6.2145,,19.4674,71.0917,9.0269,,24.9834,65.1313,9.1756,,2021,2024,2024,2024,2024,2024,2024,2024,2024
FJI,Fiji,East Asia & Pacific,Upper middle income,country,Suva,-18.1149,178.399,,933154.0,26.8285155352088,66.5366238923994,6.63486057239182,50.293047549562,57.16,38.945,32.417,70.916,47.55,54.103,33.022,5.347,15.208,390290.0,369421,SL.TLF.TOTL.IN x (1 - SL.UEM.TOTL.ZS),39.5884,35.6391099561475,12.6501001570029,51.7107898868497,5.3065,10.3404,7.4338,6.2597,16.7596,24.1054,10.477,8.2732,11.0443,0.0,,9,100.0,ISCO-08,319.041,29.3404,15.6469,70.6595,108390,57803,23125,38200,23.875,32.1579,19.7466,Y15-24,proxy_youth_15_24_x_isco,55762,13313,18.0958,-5.4654,64.31,4,16337.5722970567,168862.0,79.897,2117923273.00898,0.474598239547192,10051627,0.3227,1947637229,2025,2025,2025,2024,2024,2024,,2024,2024,,,,,,,,,complete,5.2865,78.1335,11.6952,6.9324,85.15,5.8897,8.0069,78.6946,10.1404,14.2757,76.3707,6.6296,14.1519,72.665,11.5728,10.1722,64.874,17.1885,12.221,73.8048,11.0124,6.7437,77.2722,12.5781,11.4542,70.6891,13.3131,2024,2024,2024,2024,2024,2024,2024,2024,2024,18.2871,35.3042,46.0602,,6.0685,22.2492,71.3822,,11.1228,40.511,48.2059,,14.1405,47.9045,37.955,,29.5156,52.1059,17.9147,0.4638,57.3609,36.9802,4.7942,0.8647,38.9368,40.7437,20.2238,,39.5757,45.8306,14.1315,,46.3134,42.5162,10.3048,0.8656,2024,2024,2024,2024,2024,2024,2024,2024,2024
FRA,France,Europe & Central Asia,High income,country,Paris,48.8566,2.35097,,68720337.0,16.2248746749936,61.2332346265978,22.5418906984086,63.3100081428841,55.346,42.506,43.0,88.782,65.153,51.172,34.476,7.542,18.89,31862995.0,29459888,SL.TLF.TOTL.IN x (1 - SL.UEM.TOTL.ZS),42.8692,2.33412938549967,19.3392093582674,78.3266612562329,7.5533,25.9315,17.9113,7.9009,14.2654,2.4501,9.3596,6.2271,8.4009,1.0229,204.909,9,98.98,ISCO-08,28877.445,59.297,33.4848,40.7031,17468830,9864585,2327596,7639391,41.2635,61.5165,55.8552,Y15-24,proxy_youth_15_24_x_isco,2609100,1076606,11.0126,-18.0335,50.83,4,63975.353585864,7567872.0,77.4,428815361215.848,6.83711056149807,29318580351,0.4885,920679248059,2025,2025,2025,2025,2024,2025,,2024,2024,,,,,,,,,complete,1.2597,73.2727,20.9576,4.9947,76.1075,16.6657,7.7789,72.5953,18.0655,8.792,69.9755,19.8404,14.5432,64.5208,18.3997,7.5918,60.3588,26.0841,13.0115,69.0614,16.6975,7.0622,69.5121,21.9028,11.0072,60.9745,24.3468,2024,2024,2024,2024,2024,2024,2024,2024,2024,5.8005,26.0808,67.2941,,1.0676,9.8058,88.5805,,4.9913,36.4734,57.8568,,8.5484,46.5436,44.1793,,15.383,64.5297,18.6053,,15.2923,59.7031,23.4903,,17.51,64.5311,16.5835,,25.6061,63.142,9.8451,,34.8761,51.9849,8.7336,,2024,2024,2024,2024,2024,2024,2024,2024,2024
FRO,Faroe Islands,Europe & Central Asia,High income,country,Torshavn,61.8926,-6.91181,,54900.0,19.8700034820496,62.3483299554476,17.7816665625028,60.3903123082766,,,,,,,,,,,,,,,,,,,,,,,,,,,,0,,,,,,,,,,,,,,,proxy_unavailable,,,,,,0,82089.2832575392,,,206807177.135329,4.41181410445902,9123948,,,2025,,,,,,,,,,,,,,,,,partial — no ISCO data; no labor force data; no youth x ISCO cross-tab,,,,,,,,,,,,,,,,,,,,,,,,,,,,,,,,,,,,,,,,,,,,,,,,,,,,,,,,,,,,,,,,,,,,,,,,,,,,,,,,,
FSM,"Micronesia, Fed. Sts.",East Asia & Pacific,Upper middle income,country,Palikir,6.91771,158.185,,113683.0,31.4941547988705,62.3228626971491,6.18298250398037,60.4536280363015,,,,,,,,,,,30192,ILOSTAT survey total (ISCO base),26.5581,,,,4.4349,11.2745,5.889,4.531,15.0106,37.4801,4.5078,3.4115,13.4605,15.1576,,9,84.84,ISCO-08,30.192,26.1294,15.7094,73.8705,7889,4743,1368,3404,9.5513,26.8239,41.5005,Y15-24,proxy_youth_15_24_x_isco,,,22.2619,-16.5781,47.73,3,4604.39540764468,25308.0,82.007,38100400.0,4.02987895140209,1535400,0.2899,40300711,2025,,,2014,2014,,,2014,2014,,,,,,,,,partial — ISCO data 2014 (>5yr old); only 85% of employment classified by occupation; no labor force data,,,,2.7908,71.7979,23.2667,6.5804,74.3532,17.3228,15.9357,76.7544,6.4327,15.3354,75.6399,8.0097,21.0675,66.2425,10.0035,6.4658,76.8553,16.3115,,,,22.2687,67.2736,9.5226,,2014,2014,2014,2014,2014,2014,,2014,8.1404,30.9933,59.7461,,1.6745,14.953,81.7861,,5.9055,28.3465,64.342,,6.8713,24.7807,66.3012,,17.8067,48.8085,27.8685,4.0821,33.7133,42.9834,14.1481,8.5543,21.3079,46.5099,28.8024,,27.767,55.4369,11.4563,,34.6457,33.9567,13.7795,16.9537,2014,2014,2014,2014,2014,2014,2014,2014,2014
GAB,Gabon,Sub-Saharan Africa,Upper middle income,country,Libreville,0.38832,9.45162,,2593130.0,36.2428486506362,59.6270645179888,4.13008683137499,67.7091100997473,51.058,17.795,14.122,69.543,53.694,40.768,11.339,20.154,36.281,844145.0,674016,SL.TLF.TOTL.IN x (1 - SL.UEM.TOTL.ZS),25.9924,28.8656979487195,18.8518704248254,52.2824316264551,2.8139,10.3743,4.0267,6.5226,29.3465,13.7211,12.1641,5.2583,15.7725,0.9215,30.634,9,99.08,ISCO-08,480.514,23.7375,13.1882,76.2625,159995,88891,43963,69924,,25.5379,25.3899,,proxy_unavailable,,,11.5636,,,2,22218.341068445,299860.0,,277335593.18186,0.768761811863683,2132050,0.3288,4923950112,2025,2025,2025,2024,,2024,,2024,2024,,,,,,,,,partial — no youth x ISCO cross-tab,,,,,,,,,,,,,8.6048,81.1345,7.9035,3.3004,56.9071,24.0991,9.0813,80.4328,7.846,6.0593,85.673,8.2637,9.3905,81.4498,7.162,,,,,2024,2024,2024,2024,2024,45.1076,8.239,33.6218,11.1012,32.2427,13.3119,51.2538,,52.8554,7.5663,32.6994,6.8841,33.6003,15.6435,48.5259,2.2302,59.1906,8.6318,5.8406,26.0031,49.9014,1.8519,0.8266,47.2259,67.4269,10.5526,7.4919,14.1009,74.16,6.0118,3.5105,16.3177,63.2308,6.8453,3.6113,25.9048,2024,2024,2024,2024,2024,2024,2024,2024,2024
GBR,United Kingdom,Europe & Central Asia,High income,country,London,51.5002,-0.126236,,69487000.0,16.9647729892849,63.3325337560216,19.7026932546935,57.8967293083298,61.369,52.445,54.525,87.434,68.627,58.457,44.763,4.746,14.647,35409108.0,33728592,SL.TLF.TOTL.IN x (1 - SL.UEM.TOTL.ZS),48.5394,0.851258697821586,15.9140950992435,83.2346343545551,16.2884,25.1518,14.1431,8.8633,14.9316,1.038,6.1251,4.332,9.1267,0.1019,30.197,9,99.9,ISCO-08,34055.472,64.4466,41.4402,35.5534,21736931,13977196,2989466,8483348,39.9701,69.8089,61.5437,Y15-24,proxy_youth_15_24_x_isco,3460861,1383310,11.1266,-24.4765,46.72,4,64606.4955066338,7731522.0,86.208,719635084495.874,9.02710007186112,64962179230,0.5097,1110680199183,2025,2025,2025,2025,2025,2025,,2025,2025,,,,,,,,,complete,2.8936,72.6101,19.1347,6.1326,75.6633,14.4393,8.2682,70.8899,17.0663,14.4854,62.967,17.4991,17.6306,60.3033,17.2005,7.5753,48.6272,24.772,12.3331,61.8969,19.6215,7.0732,60.5624,26.0446,32.1686,45.7039,16.8594,2025,2025,2025,2025,2025,2025,2025,2025,2025,8.3003,27.0837,60.6282,0.1136,2.6458,13.2202,79.7111,0.0539,9.2655,33.8925,54.0745,0.1149,12.9309,43.4298,41.348,0.1346,16.6623,45.8193,35.2446,0.462,24.5267,44.2224,31.0661,,20.1013,57.11,21.8241,0.3994,34.2897,46.8588,17.0729,0.5286,27.947,51.2008,18.8897,0.5412,2025,2025,2025,2025,2025,2025,2025,2025,2025
GEO,Georgia,Europe & Central Asia,Upper middle income,country,Tbilisi,41.71,44.793,,3935766.0,20.4880721239109,63.5205931902179,15.9913346858712,57.4292946222073,64.312,39.038,35.078,81.82,76.762,56.532,27.226,12.097,30.258,2012582.0,1769120,SL.TLF.TOTL.IN x (1 - SL.UEM.TOTL.ZS),44.9498,33.9512428320628,16.5719318423556,49.4768253255816,4.7451,13.734,8.2507,3.712,13.7738,31.3152,9.6163,5.9547,8.8982,2.436,10.084,9,97.56,ISCO-08,1734.406,30.4418,18.4791,69.5582,538552,326917,65670,242971,34.3655,36.3855,24.3656,Y15-24,proxy_youth_15_24_x_isco,155747,53523,14.5348,3.9237,77.03,4,29414.3813424216,572054.0,75.113,8493772950.42,15.2146799094282,1292300367,0.314,16339797081,2025,2025,2025,2025,2025,2025,,2025,2025,,,,,,,,,complete,2.4666,72.0887,16.3366,4.793,60.5515,18.5971,7.4514,68.2196,15.8406,13.6964,65.1828,13.0766,10.8701,60.6075,19.3622,3.6444,34.4202,24.3469,4.0423,68.5319,20.271,2.4623,61.7963,24.648,5.0813,58.3778,24.6153,2025,2025,2025,2025,2025,2025,2025,2025,2025,0.4068,16.8147,82.7785,,0.1201,13.3801,86.4998,,0.9315,49.9759,49.0926,,0.6135,41.8766,57.5099,,3.5418,67.0401,29.4061,,7.9798,79.4146,12.2676,0.3379,2.8702,76.0794,21.0313,,3.8149,76.9777,19.1338,,10.4224,78.5895,10.8423,0.1458,2019,2025,2025,2025,2025,2025,2025,2025,2025
GHA,Ghana,Sub-Saharan Africa,Lower middle income,country,Accra,5.57045,-0.20795,,35064272.0,35.4296770309437,60.7826271028438,3.78769586621254,64.5206917510292,58.524,30.932,34.93,85.559,79.805,56.781,29.13,2.979,5.826,13250486.0,12855754,SL.TLF.TOTL.IN x (1 - SL.UEM.TOTL.ZS),36.6634,34.5735834374172,18.2555979894244,47.1708185731584,1.9044,5.8322,1.4514,1.5479,28.9146,36.2388,13.2459,4.7572,6.1076,4.2924,15.659,9,95.71,ISCO-08,12073.451,10.7359,7.7366,89.2641,1380181,994598,198994,749773,5.856,12.7188,8.7372,Y15-24,proxy_youth_15_24_x_isco,1597584,93555,15.6408,-4.8799,39.37,4,8610.2796922986,5484325.0,61.066,10059858835.321,0.609799047844674,61344923,0.2394,26499578040,2025,2025,2025,2024,2024,2024,,2024,2024,,,,,,,,,complete,3.7099,76.4459,14.7195,6.9865,84.179,7.2855,8.2354,82.6013,7.4319,15.2467,67.2672,13.2252,15.8021,68.1964,10.626,15.9346,58.6524,14.9485,10.2942,76.9197,8.9174,12.3686,74.4449,10.5314,18.1169,71.2209,7.5228,2024,2024,2024,2024,2024,2024,2024,2024,2024,26.9526,15.2914,42.0531,7.5476,6.7183,19.7426,62.412,1.2821,26.223,44.2762,26.0266,3.3383,21.2868,33.3604,34.6602,3.4449,49.6261,20.8037,3.5973,21.9767,40.0786,8.032,1.3073,48.0964,55.9054,17.5794,1.7445,20.9434,53.4843,27.1471,4.1234,9.8421,48.5721,19.5672,1.704,26.9746,2024,2024,2017,2024,2022,2022,2022,2024,2022
GIB,Gibraltar,Europe & Central Asia,High income,country,,36.14,-5.35,,40126.0,17.587100633006,64.5778298360165,17.8350695309774,54.8510342698364,,,,,,,,,,,,,,,,,,,,,,,,,,,,0,,,,,,,,,,,,,,,proxy_unavailable,,,,,,0,,,,,,,,,2025,,,,,,,,,,,,,,,,,partial — no ISCO data; no labor force data; no youth x ISCO cross-tab,,,,,,,,,,,,,,,,,,,,,,,,,,,,,,,,,,,,,,,,,,,,,,,,,,,,,,,,,,,,,,,,,,,,,,,,,,,,,,,,,
GIN,Guinea,Sub-Saharan Africa,Lower middle income,country,Conakry,9.51667,-13.7,,15099727.0,40.5483688546157,55.9786047787486,3.47302636663564,78.6396897717819,52.61,25.942,26.491,66.827,63.896,49.894,24.122,5.163,7.017,4722818.0,4478979,SL.TLF.TOTL.IN x (1 - SL.UEM.TOTL.ZS),29.6626,47.3583729943351,14.1515038732967,38.4901231323681,0.8061,5.4878,1.1862,1.1763,32.0054,39.7264,10.9298,3.2429,5.4391,-0.0,32.55,9,100.0,ISCO-08,3156.811,8.6564,6.2939,91.3436,387718,281902,52686,245797,1.5961,10.196,8.6928,Y15-24,proxy_youth_15_24_x_isco,546566,8724,15.0058,-7.0603,31.91,4,4934.65125959855,2265841.0,79.511,71200000.0,51.7696629213483,36860000,0.2328,5145392012,2025,2025,2025,2019,2014,2019,,2019,2019,,,,,,,,,partial — ISCO data 2019 (>5yr old),4.8611,64.1865,22.3214,6.338,81.6568,9.3009,8.5869,73.3998,14.7079,9.6996,74.6762,13.4748,11.6057,75.0833,10.0423,16.1618,60.8926,13.5265,19.2489,67.8625,6.7008,10.1678,77.0826,9.1021,17.3538,70.6062,7.1903,2014,2019,2014,2014,2019,2019,2019,2019,2019,8.3333,28.373,17.6587,45.3373,18.9228,8.177,66.9714,3.1569,20.1294,48.4435,10.9829,20.1819,31.1105,43.6208,8.5974,16.5335,21.4265,4.3109,0.9393,73.2345,6.0962,0.5433,0.1413,93.1561,22.4815,4.001,1.034,72.417,30.1075,9.831,2.1505,57.8341,26.1091,9.2884,1.8253,62.6155,2014,2019,2014,2014,2014,2014,2014,2014,2014
GMB,"Gambia, The",Sub-Saharan Africa,Low income,country,Banjul,13.4495,-16.5885,,2822093.0,39.723265675511,57.0917755013743,3.18495882311462,75.1565774961628,47.457,30.73,30.711,67.106,56.633,44.362,27.392,6.521,10.863,807275.0,754633,SL.TLF.TOTL.IN x (1 - SL.UEM.TOTL.ZS),26.7402,27.554119667543,18.8022114324485,53.6436689000085,2.5126,6.5753,3.042,0.9526,32.1269,23.2049,15.5571,5.668,10.3605,0.0,2.414,9,100.0,ISCO-08,681.155,13.0825,9.0879,86.9174,98725,68580,7189,49619,7.8912,14.8293,10.2237,Y15-24,proxy_youth_15_24_x_isco,111221,8777,14.3877,-5.1913,41.61,4,3705.64184038599,406035.0,56.417,484534593.547059,0.305249223942141,1479038,0.2638,737690219,2025,2025,2025,2025,2025,2025,,2025,2025,,,,,,,,,complete,6.2635,79.4625,7.1049,13.0414,79.5771,5.1621,12.2677,77.2212,6.1725,25.2072,71.3874,3.0991,16.1908,72.9663,7.3654,25.3541,60.6026,9.0864,30.1516,63.706,4.7637,16.9809,76.4608,5.4963,23.4728,67.2387,6.463,2025,2025,2025,2023,2025,2025,2025,2025,2025,9.4946,24.3646,55.4309,9.9445,3.7599,18.3889,69.34,7.8213,13.5708,40.1235,32.3826,10.902,10.5405,46.6486,38.7207,4.0901,26.0983,25.7131,5.8624,41.1371,30.7236,11.2153,1.476,55.6089,36.0684,23.375,4.3438,34.3339,31.7784,21.5163,3.0641,39.9788,29.0218,16.4799,2.7688,49.356,2025,2025,2025,2023,2025,2025,2025,2025,2025
GNB,Guinea-Bissau,Sub-Saharan Africa,Low income,country,Bissau,11.8037,-15.1804,,2249515.0,38.3251723149212,58.4375965485894,3.23723113648942,71.122646841574,64.814,44.971,45.008,77.444,74.064,63.081,43.692,2.673,2.844,899220.0,875184,SL.TLF.TOTL.IN x (1 - SL.UEM.TOTL.ZS),38.9055,61.0725985308216,9.71294003654093,29.2144614326375,0.294,4.018,1.0397,1.388,16.3026,39.9915,6.3441,2.6294,27.9927,0.0067,7.313,9,99.99,ISCO-08,704.162,6.7397,4.312,93.2603,58985,37738,12148,35165,1.3581,8.4699,9.1019,Y15-24,proxy_youth_15_24_x_isco,183807,2496,18.7012,-5.3816,35.86,4,3293.09532269486,420687.0,80.986,51007944.2279055,29.3577489854338,14974784,0.1849,532893696,2025,2025,2025,2022,2022,2022,,2022,2022,,,,,,,,,complete,4.5398,74.0833,18.2589,3.8596,82.6211,9.7798,4.0841,83.158,10.7636,8.0929,77.0821,13.5052,12.0866,75.1013,8.9262,28.2133,58.5774,8.0173,20.0658,69.4581,8.4883,11.3854,79.8002,6.9943,27.4384,59.9552,7.5738,2018,2022,2022,2022,2022,2022,2022,2022,2022,48.5907,6.685,16.4879,26.7398,11.1158,18.4215,61.8669,8.5958,31.6214,16.7327,35.6099,16.0361,24.3094,28.3405,42.7972,4.5529,45.8566,13.645,2.7222,37.7431,36.5324,2.2975,0.1399,60.8977,51.6195,17.158,3.6084,27.614,57.3697,21.0046,2.2252,19.0872,39.2879,5.231,0.8406,54.607,2018,2022,2022,2022,2022,2022,2022,2022,2022
GNQ,Equatorial Guinea,Sub-Saharan Africa,Upper middle income,country,Malabo,3.7523,8.7741,,1938431.0,37.0865406093898,59.1493584244165,3.76410096619379,69.0634675597652,60.513,30.395,16.083,76.764,83.638,55.469,25.612,8.337,15.736,737977.0,676452,SL.TLF.TOTL.IN x (1 - SL.UEM.TOTL.ZS),34.8969,55.3234642801179,9.92862823708198,34.7479074828001,1.2364,9.0457,5.622,3.1349,21.3957,33.4253,7.9083,6.3437,11.8879,0.0,10.192,9,100.0,ISCO-08,536.219,19.039,10.2821,80.9609,128790,69553,21206,61190,17.0725,21.956,12.5422,Y15-24,proxy_youth_15_24_x_isco,31067,5304,6.2576,-1.9665,45.74,4,16133.1056143137,121299.0,,,,,0.2708,2955313938,2025,2025,2025,2023,2023,2023,,2023,2023,,,,,,,,,complete,,,,3.88,81.2329,10.7267,6.6178,79.032,8.8071,8.0071,84.2415,5.8239,8.7346,78.7985,8.7904,1.7028,50.9739,25.2353,6.3411,79.4722,10.1141,5.809,84.6631,8.9605,11.9727,74.6992,9.858,,2023,2023,2023,2023,2023,2023,2023,2023,9.2459,40.6787,48.8084,,16.4993,39.7567,43.2265,,23.7478,51.1743,23.3762,,19.8691,52.1951,26.7936,,57.0724,28.6896,4.5046,0.1909,,,,,44.1164,42.7888,5.0771,,50.7261,40.6662,3.1544,,68.5983,19.6862,1.1436,0.866,2023,2023,2023,2023,2023,,2023,2023,2023
GRC,Greece,Europe & Central Asia,High income,country,Athens,37.9792,23.7166,,10413962.0,12.8514587384882,62.7486827065259,24.3998585549859,59.3658946559129,51.958,23.84,24.31,86.117,63.961,47.521,18.741,8.54,21.389,4715509.0,4312805,SL.TLF.TOTL.IN x (1 - SL.UEM.TOTL.ZS),41.4137,10.6777890345794,16.3151872070903,73.0070237583302,3.0282,22.9106,7.022,11.5381,23.1308,8.3077,9.7509,7.1052,7.2065,0.0646,64.074,9,99.94,ISCO-08,4273.349,44.4989,25.9388,55.5011,1919151,1118690,497616,988090,28.407,45.6509,44.9526,Y15-24,proxy_youth_15_24_x_isco,208776,59307,10.6972,-16.0919,46.02,4,45263.6498511586,1114005.0,74.319,55792265241.7538,3.18525209187134,1777124296,0.4423,86342840554,2025,2025,2025,2025,2025,2025,,2025,2025,,,,,,,,,complete,0.2805,68.6071,26.1644,2.6196,73.1879,20.668,3.1822,74.8545,20.4796,4.8811,74.306,18.8221,9.3353,73.8347,14.5146,2.5773,56.1738,31.6169,5.273,72.1149,20.2315,4.3319,73.2847,20.8275,4.4558,68.2262,24.3196,2025,2025,2025,2025,2025,2025,2025,2025,2025,5.1775,43.928,50.8945,,0.2712,10.2321,89.4968,,1.8599,41.7447,56.3471,,2.7406,56.3207,40.9387,,11.3043,67.4286,20.7875,0.4796,45.5684,46.1647,6.8862,1.3805,24.8685,64.0408,10.2548,0.8356,26.2344,66.0983,7.1179,0.5494,44.7066,47.205,6.0173,2.0707,2025,2025,2025,2025,2025,2025,2025,2025,2025
GRD,Grenada,Latin America & Caribbean,Upper middle income,country,Saint George's,12.0653,-61.7449,,117303.0,19.0109417025067,68.3636890629862,12.6253692345071,46.2758594889828,,,43.331,88.205,59.254,,,,,,50180,ILOSTAT survey total (ISCO base),42.7781,,,,2.212,6.5185,5.6676,4.436,18.8222,5.7214,10.1873,2.5847,43.8501,0.1759,2.043,9,99.82,ISCO-08,50.18,18.8341,8.7305,81.1657,9451,4381,2226,3271,21.676,21.2546,12.6776,Y15-24,proxy_youth_15_24_x_isco,,,20.0643,2.8419,77.3,3,21345.9653408221,23536.0,78.644,755748610.0,0.722118332345892,5457399,0.2736,293064052,2025,,,2023,2023,2023,,2023,2023,,,,,,,,,partial — no labor force data,5.9215,70.2318,16.8465,9.7218,76.3681,11.1892,8.2982,83.052,6.0478,22.0575,73.8544,4.0881,14.7591,69.2218,11.5617,6.3393,42.4591,29.4323,6.7293,70.6768,18.6228,2.6574,72.532,19.6573,8.4348,66.756,15.0336,2021,2023,2023,2023,2023,2023,2023,2019,2023,10.5405,37.8378,51.6216,,2.9349,28.0037,69.0614,,15.0844,39.346,45.0422,,9.5066,42.9328,47.5606,,26.8925,57.099,14.9391,,67.6608,28.1849,3.3021,,44.6401,40.982,12.2066,,46.8003,44.4102,7.633,,36.4934,41.4561,19.96,1.2589,2023,2023,2023,2021,2023,2021,2023,2023,2023
GRL,Greenland,Europe & Central Asia,High income,country,Nuuk,64.1836,-51.7214,,56831.0,20.7410596561096,67.7286548448726,11.5302854990178,47.6475020134577,,,,,,,,,,,,,,,,,,,,,,,,,,,,0,,,,,,,,,,,,,,,proxy_unavailable,,,,,,0,78905.5801137274,,,,,,,,2025,,,,,,,,,,,,,,,,,partial — no ISCO data; no labor force data; no youth x ISCO cross-tab,,,,,,,,,,,,,,,,,,,,,,,,,,,,,,,,,,,,,,,,,,,,,,,,,,,,,,,,,,,,,,,,,,,,,,,,,,,,,,,,,
GTM,Guatemala,Latin America & Caribbean,Upper middle income,country,Guatemala City,14.6248,-90.5328,,18687881.0,31.0259646070637,64.0107601281611,4.9632752647752,56.2237303919704,59.619,51.598,58.188,73.899,62.717,58.066,49.14,2.604,4.764,7684762.0,7484651,SL.TLF.TOTL.IN x (1 - SL.UEM.TOTL.ZS),40.0508,29.052772050081,22.7127027850702,48.2345251648488,0.7502,5.8962,4.7229,3.9036,23.6587,12.0482,19.8614,5.8042,23.3546,0.0992,,9,99.9,ISCO-08,7575.091,15.2729,6.6464,84.7271,1143123,497460,292171,441310,12.0081,18.1603,11.2259,Y15-24,proxy_youth_15_24_x_isco,1640184,196955,17.8607,-3.2648,49.98,4,15197.0831415082,3337778.0,87.259,4654415040.0,11.9639534767402,556852050,0.2686,30551870345,2025,2025,2025,2024,2024,2024,,2024,2024,,,,,,,,,complete,2.9368,86.8925,6.2432,9.35,78.6951,9.2967,20.4226,67.9636,7.617,31.5264,63.9945,3.4555,24.566,58.9031,10.4328,12.3362,53.5011,15.6536,24.2593,61.5392,8.8474,19.0049,68.7188,7.9309,30.2617,55.5704,8.7558,2024,2024,2024,2024,2024,2024,2024,2024,2024,13.5998,25.1478,58.1079,3.1446,10.2815,39.434,49.0431,1.2414,39.1338,39.334,17.1833,4.3492,41.0145,47.4353,9.6248,1.9257,54.0908,19.3273,2.6132,23.9688,34.4368,4.8225,0.6667,60.0741,54.1397,11.5943,0.872,33.394,64.9124,14.7329,1.097,19.2577,51.3836,5.1024,0.3696,43.1445,2025,2025,2025,2025,2025,2025,2025,2025,2025
GUM,Guam,East Asia & Pacific,High income,country,Agana,13.4443,144.794,,168999.0,25.867685216141,61.0372281410782,13.0950866427809,63.8349232201024,62.265,45.237,,,,58.797,38.989,5.569,13.813,78007.0,73663,SL.TLF.TOTL.IN x (1 - SL.UEM.TOTL.ZS),43.5878,1.56118487143982,19.2555184491325,79.1832966794277,,,,,,,,,,,,0,,,,,,,,,,,,,,,proxy_unavailable,,,,,,1,,,,,,,,,2025,2025,2025,,,,,,,,,,,,,,,partial — no ISCO data; no youth x ISCO cross-tab,,,,,,,,,,,,,,,,,,,,,,,,,,,,,,,,,,,,,,,,,,,,,,,,,,,,,,,,,,,,,,,,,,,,,,,,,,,,,,,,,
GUY,Guyana,Latin America & Caribbean,High income,country,Georgetown,6.80461,-58.1548,,835986.0,28.9333194575029,64.0859416306015,6.98073891189565,56.0405039664022,54.987,49.401,50.914,69.282,45.415,48.409,37.102,11.962,24.896,326682.0,287604,SL.TLF.TOTL.IN x (1 - SL.UEM.TOTL.ZS),34.403,12.2137112617045,31.0942514507846,56.6920372875109,3.74,10.7524,6.6786,6.6786,22.0032,7.1146,14.2889,11.8851,16.8586,0.9311,2.272,9,99.07,ISCO-08,366.738,27.8496,14.4924,72.1504,80097,41681,19208,30924,31.7729,29.3167,13.2701,Y15-24,proxy_youth_15_24_x_isco,50047,15901,16.1354,3.9233,79.9,4,97899.0116180627,134890.0,79.312,528907196.944752,0.860901501492639,4553370,0.3398,9567458865,2025,2025,2025,2024,2024,2024,,2024,2024,,,,,,,,,complete,4.5786,82.7938,8.2604,23.351,73.8366,2.2037,19.9077,70.0404,8.4146,31.2661,65.0186,2.5926,18.9593,64.8177,12.4098,9.6581,62.2221,20.0943,21.6343,67.9885,8.6636,12.7332,74.3547,10.4825,21.5602,65.9259,10.2528,2024,2024,2024,2024,2024,2024,2024,2024,2024,15.5803,44.1528,36.5996,2.7924,8.077,47.2345,43.0528,0.667,19.1524,53.6398,22.9698,3.0907,11.7585,70.0282,15.7474,1.0085,42.655,41.7144,3.9173,8.5533,52.6483,17.6108,1.8511,22.9879,51.1917,35.1106,2.7995,7.6198,49.7557,31.5346,2.3723,13.9239,57.9261,24.072,1.9328,13.5556,2024,2024,2024,2024,2024,2024,2024,2024,2024
HKG,"Hong Kong SAR, China",East Asia & Pacific,High income,country,,22.3964,114.109,,7498900.0,10.3113664597281,66.0213131936448,23.667320346627,51.4662467541072,56.356,29.465,28.423,84.377,59.618,54.778,26.826,2.799,8.958,3790314.0,3684223,SL.TLF.TOTL.IN x (1 - SL.UEM.TOTL.ZS),49.1302,0.182377495822408,14.0143909521828,85.8032590723654,11.8781,12.2222,16.555,11.9263,18.972,,6.3315,4.1082,18.0067,0.2358,,8,99.76,ISCO-08,3684.929,52.5816,24.1003,47.4184,1937223,887909,439391,450293,50.9947,56.7011,42.9618,Y15-24,proxy_youth_15_24_x_isco,229830,117201,11.4249,-1.5869,59.11,4,80422.8129947646,856743.0,73.161,108585811468.116,4.1191464271023,4472808573,0.4598,136236706470,2025,2025,2025,2024,2024,2025,,2024,2024,,,,,,,,,partial — only 8/9 ISCO groups reported by source,0.3642,73.9449,19.2809,4.4878,81.5742,10.8818,4.9746,76.8048,14.2372,4.5594,73.5489,18.563,7.6684,62.8616,22.1332,,,,3.7113,63.9616,24.9571,0.9329,49.2631,33.7604,2.1187,71.6374,18.5845,2025,2025,2025,2025,2024,,2024,2025,2025,4.0119,27.3434,68.6448,,0.2391,8.3055,91.4552,,4.2907,45.0364,50.6728,,5.0817,63.9278,30.9905,,31.2522,56.5213,12.2267,,,,,,40.958,54.1777,4.8643,,44.345,52.0501,3.6049,,37.6253,56.8807,5.494,,2025,2025,2025,2025,2024,,2024,2025,2025
HND,Honduras,Latin America & Caribbean,Lower middle income,country,Tegucigalpa,15.1333,-87.4667,,11005850.0,30.2626526012372,65.1952445833463,4.54210281541647,53.3854167029602,56.556,50.291,49.149,70.484,55.718,53.773,46.003,4.92,8.526,4340779.0,4127213,SL.TLF.TOTL.IN x (1 - SL.UEM.TOTL.ZS),37.5002,22.4237635603666,21.6363518740219,55.9398845656115,2.1725,5.7188,5.3899,3.2879,25.2251,7.459,15.6781,6.2804,28.7883,-0.0,7.55,9,100.0,ISCO-08,4067.29,16.5691,7.8913,83.4309,683842,325691,135699,236027,10.2384,19.4718,17.5861,Y15-24,proxy_youth_15_24_x_isco,800653,81974,15.8137,-6.3307,44.07,4,7871.09129065536,1740436.0,82.226,3893248524.41143,0.934644902158754,36388049,0.277,8998530673,2025,2025,2025,2025,2025,2025,,2025,2025,,,,,,,,,complete,7.8575,74.1937,11.067,4.5834,79.8849,12.7218,13.2455,68.9765,13.6661,23.8349,68.4875,6.3248,18.9071,58.2276,13.1199,6.3597,55.252,15.9095,16.7341,65.5566,9.7871,17.0711,71.9707,7.3046,27.7359,57.8017,8.591,2025,2025,2025,2025,2025,2025,2025,2025,2025,10.2178,39.2411,46.1109,3.7434,3.2423,22.2911,73.6599,0.8067,20.9847,49.8185,22.2975,5.1421,17.2884,71.2014,9.0657,1.4439,45.4961,28.3253,3.6056,21.2907,38.0167,5.002,3.3501,52.0171,55.4169,20.2622,1.9709,20.5932,58.4997,22.693,2.1044,15.5118,51.9764,9.6726,0.8107,35.6888,2024,2023,2024,2024,2024,2023,2024,2023,2024
HRV,Croatia,Europe & Central Asia,High income,country,Zagreb,45.8069,15.9614,,3876200.0,13.7024318115671,62.687998939753,23.6095692486799,59.5201801546723,52.143,30.804,29.695,89.051,56.871,49.535,25.73,5.002,16.474,1744218.0,1656972,SL.TLF.TOTL.IN x (1 - SL.UEM.TOTL.ZS),42.7473,4.32773351894687,26.361721464199,69.3106058073125,6.7619,21.0025,15.5419,9.3303,17.4062,2.5199,11.7364,9.2069,6.4941,0.3078,15.879,9,99.69,ISCO-08,1681.06,52.6366,27.7644,47.3635,872174,460048,154600,348006,27.763,54.4317,48.3772,Y15-24,proxy_youth_15_24_x_isco,129558,35969,12.9903,-24.8736,44.2,4,50946.1671131832,503529.0,74.674,24770706316.4148,7.7731615512973,1925467019,0.4648,39236729898,2025,2025,2025,2025,2024,2025,,2024,2024,,,,,,,,,complete,1.4968,75.5252,18.5677,1.4912,81.7182,14.9863,5.4099,77.5063,16.0146,5.0182,75.8027,18.028,10.0991,72.5098,15.8686,4.0349,59.5822,27.854,9.378,70.4298,18.9508,7.802,73.7784,17.2607,8.5949,65.4251,23.6538,2024,2024,2024,2024,2024,2024,2024,2024,2024,0.4689,48.3752,51.156,,,,,,0.2319,59.944,39.8241,,1.5082,75.0282,23.4636,,3.782,87.5269,8.6915,,24.2476,67.4046,8.3452,,6.975,89.8793,3.1457,,9.3546,88.5497,2.0957,,29.7349,69.5219,0.7433,,2024,,2024,2024,2024,2024,2024,2024,2024
HTI,Haiti,Latin America & Caribbean,Lower middle income,country,Port-au-Prince,18.5392,-72.3288,,11906095.0,30.7870535726847,64.4212244055996,4.79172202171568,55.2283478651774,63.93,33.905,,,,54.377,21.184,14.944,37.518,5268189.0,4480911,SL.TLF.TOTL.IN x (1 - SL.UEM.TOTL.ZS),37.6354,46.6145273090021,8.80043026686365,44.5850424241342,,,,,,,,,,,,0,,,,,,,,,,,,,,,proxy_unavailable,,,18.178,,,2,3133.72347930529,2164291.0,70.918,96566228.2953786,2.07111744478863,2000000,,,2025,2025,2025,,,,,,,,,,,,,,,partial — no ISCO data; no youth x ISCO cross-tab,,,,,,,,,,,,,,,,,,,,,,,,,,,,,,,,,,,,,,,,,,,,,,,,,,,,,,,,,,,,,,,,,,,,,,,,,,,,,,,,,
HUN,Hungary,Europe & Central Asia,High income,country,Budapest,47.4984,19.0408,,9514251.0,14.352453368551,64.4900842344087,21.1574623970403,55.06259383534,60.578,32.093,30.571,91.72,74.299,57.839,27.534,4.521,14.205,4936333.0,4713161,SL.TLF.TOTL.IN x (1 - SL.UEM.TOTL.ZS),49.5379,4.11368257895561,30.5346571836877,65.3516602373567,5.0694,21.2342,15.9662,7.1452,14.3689,2.9947,13.5224,11.5088,8.1901,-0.0,21.198,9,100.0,ISCO-08,4665.502,49.415,26.3036,50.5849,2329009,1239731,336765,1000802,33.2435,51.2541,44.9752,Y15-24,proxy_youth_15_24_x_isco,309400,102855,11.8107,-16.1715,46.35,4,49837.6008411067,1123703.0,77.834,43109660023.1822,11.2729180286044,4859716637,0.4398,103305781585,2025,2025,2025,2025,2024,2025,,2024,2024,,,,,,,,,complete,0.9452,75.0033,20.2199,2.5332,77.8825,15.4524,4.8398,76.6003,15.7412,6.2172,77.763,14.1987,8.7046,71.3478,16.6129,4.2911,68.7799,20.9654,5.915,73.3577,18.5246,6.1985,70.5428,21.1521,9.7853,69.3265,18.4938,2024,2024,2024,2024,2024,2024,2024,2024,2024,0.4486,31.4483,68.1036,,0.1018,7.3365,92.5618,,1.1491,60.343,38.5079,,2.0224,73.2243,24.7536,,6.9468,81.9587,11.0087,,24.652,63.4141,11.6107,0.3232,7.8583,88.4246,3.7142,,17.9715,79.2956,2.7044,0.0287,44.5123,53.8031,1.4711,0.2138,2024,2024,2024,2024,2024,2024,2024,2024,2024
IDN,Indonesia,East Asia & Pacific,Upper middle income,country,Jakarta,-6.19752,106.83,,285721236.0,24.2472504288188,68.2099803183862,7.542769252795,46.6061121871889,67.965,46.003,46.205,78.217,71.397,65.765,40.033,3.237,12.977,147104597.0,142342821,SL.TLF.TOTL.IN x (1 - SL.UEM.TOTL.ZS),49.8188,27.2969124578361,22.5332080518796,50.1698745725842,2.1583,6.0426,2.9747,4.1696,25.1214,21.7061,11.6363,6.7166,19.4745,-0.0,539.969,9,100.0,ISCO-08,138702.478,15.3452,8.2009,84.6549,21842791,11673392,5935126,8601207,13.7974,17.7227,10.2443,Y15-24,proxy_youth_15_24_x_isco,16741506,2309893,14.6364,-1.5478,53.56,4,17659.7921291587,41819264.0,81.418,42523655204.062,9.61715450472404,4089565622,0.2663,669410194953,2025,2025,2025,2023,2023,2023,,2023,2023,,,,,,,,,complete,4.7466,75.0464,14.8863,10.592,78.8199,9.498,11.9099,76.6891,8.3439,16.2161,78.0099,4.9958,16.1241,66.8463,11.677,7.7338,55.4466,21.3356,13.3055,71.0892,11.0052,14.6275,76.192,7.3351,14.463,67.2901,12.8649,2023,2023,2023,2023,2023,2023,2023,2023,2023,26.8482,35.8672,36.7591,0.5256,2.2596,19.3406,78.1945,0.2053,14.2354,43.0806,39.5188,3.1652,5.1038,45.5151,49.0274,0.3537,41.6167,42.0857,8.1979,8.0998,56.7006,12.8773,1.384,29.0381,50.6272,36.3066,3.4606,9.6056,40.0969,50.5972,4.3136,4.9923,55.1568,27.1551,1.5897,16.0984,2023,2023,2023,2023,2023,2023,2023,2023,2023
IMN,Isle of Man,Europe & Central Asia,High income,country,Douglas,54.1509,-4.47928,,84118.0,13.9053834768808,62.4850657108722,23.609550812247,60.038812046955,,,55.442,88.82,74.252,,,,,,41636,ILOSTAT survey total (ISCO base),49.4971,,,,14.3962,18.8611,9.7776,15.8421,15.513,,13.1593,4.5538,7.897,0.0,,8,100.0,ISCO-08,41.636,58.877,33.2573,41.1231,24514,13847,6596,7853,,,,,proxy_unavailable,,,,,,0,,,,,,,0.4982,,2025,,,2016,,2016,,,,,,,,,,,,partial — ISCO data 2016 (>5yr old); only 8/9 ISCO groups reported by source; no labor force data; no youth x ISCO cross-tab,,,,,,,,,,,,,,,,,,,,,,,,,,,,,,,,,,,,,,,,,,,,,,,,,,,,,,,,,,,,,,,,,,,,,,,,,,,,,,,,,
IND,India,South Asia,Lower middle income,country,New Delhi,28.6353,77.225,,1463865525.0,24.1952667831956,68.4281617563294,7.37657146047502,46.1386620179175,55.658,31.204,31.577,69.825,57.326,53.31,26.204,4.219,16.022,617625336.0,591567723,SL.TLF.TOTL.IN x (1 - SL.UEM.TOTL.ZS),40.4113,41.6251280877573,25.8173073806381,32.5575625031109,2.8064,5.8491,2.654,2.3188,13.2475,33.9702,11.4711,6.0623,21.6208,-0.0,,9,100.0,ISCO-08,476557.087,13.6283,8.6555,86.3719,80620624,51203144,13717272,34601388,11.325,15.3655,9.2632,Y15-24,proxy_youth_15_24_x_isco,63969257,7244518,16.6764,-2.3033,60.71,4,11747.9160436011,244120201.0,65.309,412267781402.327,48.5955481655845,200343788283,0.2201,1529626316454,2025,2025,2025,2025,2025,2025,,2025,2025,,,,,,,,,complete,4.6681,80.4266,11.7978,10.3104,80.2207,7.7754,10.2528,79.6469,8.827,12.2137,79.7807,6.8739,12.1806,71.0968,11.979,8.9251,64.1296,18.2036,15.3333,74.1916,8.1665,12.0748,79.7181,6.8934,13.6884,71.983,11.2332,2025,2025,2025,2025,2025,2025,2025,2025,2025,19.9871,19.909,57.5865,2.5174,6.4529,12.9216,79.7771,0.8485,21.649,29.2451,47.9946,1.1113,18.7873,23.3253,57.5429,0.3445,49.9639,17.8982,16.7007,15.4372,44.8636,9.1447,6.0679,39.9238,60.0815,15.3144,6.6897,17.9144,64.0863,16.119,6.6905,13.1042,51.0136,6.5679,2.3497,40.0688,2025,2025,2025,2025,2025,2025,2025,2025,2025
IRL,Ireland,Europe & Central Asia,High income,country,Dublin,53.3441,-6.26749,,5484367.0,18.0959201693884,65.6959754817175,16.2081043488942,52.2163425670995,64.844,53.645,52.552,88.147,71.791,61.841,48.016,4.632,10.493,2912741.0,2777823,SL.TLF.TOTL.IN x (1 - SL.UEM.TOTL.ZS),50.6498,3.85320090845589,18.2139751342561,77.932823957288,9.6036,29.2099,12.0226,8.2695,16.9081,3.1631,8.4054,5.0122,7.4056,0.5999,,9,99.4,ISCO-08,2800.795,59.1056,38.8135,40.8944,1641849,1078170,229712,811399,32.1461,65.7501,58.351,Y15-24,proxy_youth_15_24_x_isco,278675,89583,10.5824,-26.9595,37.14,4,155089.413131749,580379.0,82.576,525944556006.161,57.3696073257847,301732326532,0.4943,212949847075,2025,2025,2025,2025,2024,2025,,2024,2024,,,,,,,,,complete,2.8461,72.604,19.7824,4.8941,80.1769,12.4887,7.7076,74.7511,15.0864,12.9463,64.9555,18.4659,26.6237,56.7346,13.7593,5.578,39.2008,24.4189,14.3276,68.1504,14.0418,7.1618,65.9068,21.1357,25.6781,53.9469,14.9746,2024,2024,2024,2024,2024,2024,2024,2024,2024,5.3672,27.1546,65.7331,,0.6375,6.7129,91.3628,,5.2944,28.5365,63.4508,,4.5777,41.0928,53.1491,,12.2782,55.1479,30.0462,,34.5473,43.5519,17.5074,,12.9202,56.1099,28.4406,,20.4151,53.2131,22.377,,23.3223,54.0253,17.6884,,2024,2024,2024,2024,2024,2024,2024,2024,2024
IRN,"Iran, Islamic Rep.","Middle East, North Africa, Afghanistan & Pakistan",Upper middle income,country,Tehran,35.6878,51.4447,,92417681.0,22.0217357542222,69.397121098505,8.58114314727287,44.0981981660308,40.965,22.548,23.164,53.863,27.572,37.565,17.61,8.301,21.9,29521716.0,27071118,SL.TLF.TOTL.IN x (1 - SL.UEM.TOTL.ZS),29.2921,13.6239047350303,34.7019556473859,51.674147005512,3.1846,12.5169,5.9421,3.505,16.8133,10.5289,18.9917,14.3232,14.1942,2.0036,,9,98.0,ISCO-08,24075.55,25.1486,15.7015,74.8513,6808007,4250572,948843,3388465,14.8751,27.6513,16.594,Y15-24,proxy_youth_15_24_x_isco,2387313,355115,14.6688,-10.2735,51.85,4,19699.2193549189,13556577.0,54.149,,,,0.3103,165476750384,2025,2025,2025,2024,2024,2024,,2024,2024,,,,,,,,,complete,1.3592,88.5088,8.6156,4.0991,89.7873,5.8131,8.0654,84.5338,6.5521,4.3641,91.2075,4.2448,10.0201,78.991,8.7065,5.3164,64.954,19.9231,11.4057,80.0521,7.5658,5.8089,82.6225,10.1937,10.9847,78.4137,9.0356,2024,2024,2024,2024,2024,2024,2024,2024,2024,9.5965,17.6342,72.7175,0.0519,1.1475,6.0923,92.6625,0.0868,16.4253,32.2934,50.7105,0.5565,10.5202,24.1324,65.0783,0.2691,37.3791,37.6043,22.4045,2.6051,61.0761,15.7342,5.7301,17.4544,54.8384,29.429,11.7818,3.9449,52.7671,33.7104,11.4021,2.1177,65.3345,19.4654,4.9899,10.2099,2024,2024,2024,2024,2024,2024,2024,2024,2024
IRQ,Iraq,"Middle East, North Africa, Afghanistan & Pakistan",Upper middle income,country,Baghdad,33.3302,44.394,,47020774.0,36.0269984071296,60.5238144314681,3.44918716140232,65.2242230039068,41.533,27.047,26.629,52.22,35.28,35.102,18.389,15.485,32.012,12493376.0,10558777,SL.TLF.TOTL.IN x (1 - SL.UEM.TOTL.ZS),22.4556,8.16872836237607,26.5358161128114,65.2954744662424,0.7772,17.5199,5.9689,1.9649,24.8068,9.1021,22.3359,11.4052,6.1191,2.4461,443.157,9,97.55,ISCO-08,8019.547,26.2309,18.2971,73.7691,2769662,1931950,207469,1849887,9.3336,29.1513,39.1712,Y15-24,proxy_youth_15_24_x_isco,1349925,125997,15.6121,-16.8973,49.63,4,14266.7965348226,7340940.0,74.713,10205300000.0,0.905411893819878,92400000,0.3361,50630078159,2025,2025,2025,2021,2021,2021,,2021,2021,,,,,,,,,complete,5.5285,65.6816,24.3298,4.3052,83.4922,11.7675,10.8788,77.9193,10.669,9.1389,73.6538,16.2871,15.8319,75.5276,7.1571,21.4743,62.1402,11.2062,30.6817,64.5811,4.2358,11.7265,76.7695,8.3079,28.1739,66.0204,4.7717,2021,2021,2021,2021,2021,2021,2021,2021,2021,15.8878,19.5457,51.4864,13.0802,2.9961,8.9015,84.5565,3.4348,13.8482,16.0921,38.0212,31.6206,21.7504,29.707,28.0107,20.5319,17.2288,7.9478,10.7275,63.9946,7.9821,4.2868,4.5425,83.0158,11.8478,3.5301,5.633,78.9489,13.0126,5.6705,8.1674,73.033,12.0171,5.0658,4.8589,77.9546,2021,2021,2021,2021,2021,2021,2021,2021,2021
ISL,Iceland,Europe & Central Asia,High income,country,Reykjavik,64.1353,-21.8952,,392404.0,17.5179402710751,66.5050493891018,15.9770103398231,50.3644124950185,74.926,82.145,82.689,90.869,83.213,72.21,75.022,3.625,8.671,242507.0,233716,SL.TLF.TOTL.IN x (1 - SL.UEM.TOTL.ZS),59.56,3.60655461263791,18.244402568221,78.1494643918603,12.616,26.22,14.0692,3.1561,21.4214,2.8253,9.504,4.3837,5.8043,0.0951,,9,99.9,ISCO-08,227.021,56.0613,38.836,43.9387,131024,90766,7376,61280,22.6777,62.6778,62.2412,Y15-24,proxy_youth_15_24_x_isco,33437,7583,11.3582,-33.3836,28.74,4,83431.2131434311,44570.0,86.493,8161382862.42155,10.6172269872836,866512544,0.4733,9228975814,2025,2025,2025,2025,2023,2025,,2023,2023,,,,,,,,,complete,2.5064,64.8779,24.2181,4.1946,75.4562,14.5599,8.8664,69.4864,16.1993,13.2109,60.9561,20.3462,37.0971,49.2877,10.4625,9.0349,53.1038,23.9931,15.99,63.1112,16.1925,12.0107,61.1718,18.0246,18.3841,62.2768,14.4565,2023,2023,2023,2023,2023,2023,2023,2023,2023,11.661,34.6294,53.7097,,4.1997,12.869,82.9312,,13.1157,50.6206,36.2636,,26.304,43.53,30.166,,34.4238,48.0687,17.3843,,27.7839,61.9807,10.2353,,20.0984,72.3406,7.4501,,51.3895,39.5681,8.8359,,38.1466,46.965,14.6641,,2023,2023,2023,2023,2023,2023,2023,2023,2023
ISR,Israel,"Middle East, North Africa, Afghanistan & Pakistan",High income,country,,31.7717,35.2035,,10122800.0,27.1639326374024,60.1444408877188,12.6916264748788,66.2664181682213,65.489,48.396,47.227,83.253,72.252,63.204,45.476,3.489,6.032,4828536.0,4660068,SL.TLF.TOTL.IN x (1 - SL.UEM.TOTL.ZS),46.0354,0.75971191888372,15.1467635153857,84.0935245657305,7.2676,32.7028,15.2174,6.5126,19.561,0.7376,7.5347,5.6182,4.8482,6.6365,,9,93.36,ISCO-08,4072.672,61.7004,39.9704,38.2997,2875281,1862648,303492,1523973,33.6937,67.3415,60.0288,Y15-24,proxy_youth_15_24_x_isco,550987,185648,11.969,-28.0067,35.01,4,59716.9735387228,1211599.0,79.647,92378400000.0,64.6899058654404,59759500000,0.5149,143289027568,2025,2025,2025,2024,2024,2025,,2024,2024,,,,,,,,,complete,9.4113,64.7133,19.374,3.2953,78.8717,12.6257,7.182,70.267,16.2037,13.827,64.8753,15.8463,21.5869,56.5918,14.0247,7.5735,49.1861,28.5196,10.5395,65.6525,16.9381,11.9356,60.6527,19.3763,33.9603,46.1482,14.3843,2024,2024,2024,2024,2024,2024,2024,2024,2024,2.9606,41.2847,55.1702,0.5717,0.4205,18.1141,80.6892,0.7626,2.6278,63.4276,33.1134,0.8174,4.3561,72.4441,22.4092,0.7778,11.8782,70.4977,12.9068,4.702,18.2463,62.4988,16.6916,2.5633,19.4409,69.4858,9.8206,1.224,20.9081,70.8594,6.848,1.3841,27.1181,61.6695,5.5513,5.6146,2024,2024,2024,2024,2024,2024,2024,2024,2024
ITA,Italy,Europe & Central Asia,High income,country,Rome,41.8955,12.4823,,58915656.0,11.6571656432714,63.2446962834167,25.0981380733118,58.1160267505234,49.302,24.63,22.578,79.747,63.408,46.151,19.569,6.391,20.545,25660587.0,24020619,SL.TLF.TOTL.IN x (1 - SL.UEM.TOTL.ZS),40.7712,3.34721738534004,26.4260250626201,70.2267616989263,4.0293,16.1756,17.5296,11.9499,17.7881,2.2444,13.3429,6.2792,10.661,-0.0,243.383,9,100.0,ISCO-08,23873.853,49.6844,20.2049,50.3156,11934500,4853342,2870440,3885479,31.3907,50.9139,51.1025,Y15-24,proxy_youth_15_24_x_isco,1116088,350348,9.6805,-18.2937,44.22,4,62802.5108384276,5703349.0,75.936,168496506713.735,6.26271735159845,10552459963,0.4538,684582342995,2025,2025,2025,2025,2024,2025,,2024,2024,,,,,,,,,complete,0.6701,60.9327,30.6171,1.2197,71.0061,22.8362,3.9423,72.8521,20.9513,4.7378,70.6481,22.9409,8.6317,69.391,18.9216,3.6326,59.4486,27.1238,7.198,68.7282,21.4912,4.6289,70.1794,23.1444,4.1618,66.9372,25.3934,2024,2024,2024,2024,2024,2024,2024,2024,2024,18.7535,45.1044,36.1422,,0.631,18.1266,81.2306,0.0117,6.3793,55.4937,38.0537,0.0733,10.1921,65.1954,24.5915,,33.5777,58.0827,8.1749,0.1648,51.4547,45.5434,2.5909,0.411,50.8602,46.8403,2.0383,0.2612,47.167,50.2055,2.4101,0.2174,55.2489,39.8821,3.8802,0.9888,2025,2025,2025,2025,2025,2025,2024,2025,2025
JAM,Jamaica,Latin America & Caribbean,Upper middle income,country,Kingston,17.9927,-76.792,,2837077.0,18.2849957394537,73.1359294908229,8.57907476972342,36.7316763079883,69.566,37.497,37.606,85.64,75.95,67.281,33.444,3.286,10.809,1612761.0,1559766,SL.TLF.TOTL.IN x (1 - SL.UEM.TOTL.ZS),54.9779,13.9407748671765,17.1305898214937,68.9286353113298,7.9953,8.7596,5.9497,9.8183,22.5999,14.6324,12.5825,5.3102,12.3521,0.0981,4.341,9,99.9,ISCO-08,1259.854,32.5229,16.7549,67.4771,507281,261337,153143,136629,39.064,33.9599,22.4473,Y15-24,proxy_youth_15_24_x_isco,179536,70134,18.9218,6.5411,77.32,4,13291.253767787,536826.0,76.727,5256028510.65161,2.427034448653,127565623,0.3597,7457029087,2025,2025,2025,2022,2022,2023,,2022,2022,,,,,,,,,complete,4.667,74.8573,13.4847,6.2959,82.5278,8.4851,10.0069,78.025,8.3033,37.5582,59.9356,2.2046,15.6965,72.8016,8.4056,5.3622,58.0378,19.8691,9.5161,71.359,13.8278,7.6531,77.2141,11.381,17.71,65.9294,12.922,2022,2022,2022,2022,2022,2022,2022,2022,2022,18.7314,43.7461,31.2055,0.3911,1.1635,14.906,78.413,,6.1665,45.7924,39.7471,0.1579,1.4277,66.0789,24.7696,0.2644,20.1625,66.6139,3.7246,0.1486,54.9881,37.7722,1.4657,1.2406,33.3268,56.6783,1.8338,0.2877,23.8143,65.8555,1.8729,0.2945,35.2607,57.6013,0.96,0.9029,2022,2022,2021,2022,2022,2022,2022,2022,2022
JOR,Jordan,"Middle East, North Africa, Afghanistan & Pakistan",Upper middle income,country,Amman,31.9497,35.9263,,11520684.0,30.196204921678,65.0502016611947,4.75359341712725,53.7274152854704,40.052,25.24,24.969,59.716,15.952,33.43,15.428,16.535,38.876,3220931.0,2688350,SL.TLF.TOTL.IN x (1 - SL.UEM.TOTL.ZS),23.335,3.11571927652762,16.1271819929414,80.7571359278194,0.2229,18.4493,4.0301,3.5507,37.6062,1.7682,14.2911,6.2031,13.8784,0.0391,,9,99.96,ISCO-08,2857.753,26.253,18.6722,73.747,705773,501974,95455,495982,13.3711,27.6468,31.083,Y15-24,proxy_youth_15_24_x_isco,205353,27458,11.5535,-12.8819,46.14,4,12631.6299394746,1331040.0,59.386,9448732394.3662,0.509793399517038,48169014,0.3678,12489841536,2025,2025,2025,2024,2024,2024,,2024,2024,,,,,,,,,complete,,,,5.5027,88.7608,4.3571,6.6874,84.8929,7.9178,6.8591,84.633,7.5036,9.0225,86.4545,3.9293,17.6826,75.3018,5.0406,13.8618,79.068,5.6621,10.8552,78.8334,9.1871,25.5167,72.5366,1.8905,,2024,2024,2024,2024,2024,2024,2024,2024,,,,,0.0241,2.3443,97.6183,,12.4528,72.3021,9.5614,5.6837,29.9682,36.5425,14.959,18.5304,29.7956,45.5128,4.0421,20.6496,28.0566,21.8425,2.0087,48.0922,28.9689,22.0439,2.3494,46.6378,42.0455,15.7071,4.5575,37.69,27.1261,9.6747,1.1692,62.03,,2021,2024,2024,2024,2024,2024,2024,2024
JPN,Japan,East Asia & Pacific,High income,country,Tokyo,35.67,139.77,,123366734.0,11.2383980634698,58.7675052627879,29.9940966737423,70.1620638979948,63.448,51.157,51.5,90.248,81.8,61.893,49.163,2.451,3.898,69477012.0,67774130,SL.TLF.TOTL.IN x (1 - SL.UEM.TOTL.ZS),54.9371,2.81371149789044,23.2286936582183,73.9575933652489,1.8771,19.396,,21.1892,26.6045,2.8965,9.286,7.227,11.5237,1.5585,,8,98.44,ISCO-08,66094.566,42.4623,21.2731,57.5377,28778454,14417658,14360796,13145470,29.97,46.9859,44.5741,Y15-24,proxy_youth_15_24_x_isco,5976955,1791293,9.8547,-12.4923,31.13,4,55421.8797530311,12157426.0,78.627,246061223124.055,5.98919115785749,14737077018,0.4624,1736852861524,2025,2025,2025,2023,2023,2025,,2023,2023,,,,,,,,,partial — only 8/9 ISCO groups reported by source,0.1227,37.1467,30.9052,7.1239,68.0908,17.1115,,,,5.1103,67.0441,20.4003,14.0378,54.9283,16.6961,2.9185,29.911,14.6347,8.1489,62.4281,17.6609,5.6355,59.9691,20.7547,6.778,52.9863,19.2437,2023,2023,,2023,2023,2023,2023,2023,2023,,,,,,,,,,,,,,,,,,,,,,,,,,,,,,,,,,,,,,,,,,,,,
KAZ,Kazakhstan,Europe & Central Asia,Upper middle income,country,Astana,51.1879,71.4382,,20843754.0,29.1373946090183,61.8599038863176,9.00270150466414,61.6556043520026,67.77,44.828,,,,64.537,43.121,4.771,3.806,10009918.0,9532345,SL.TLF.TOTL.IN x (1 - SL.UEM.TOTL.ZS),45.7324,11.3195866944431,19.8858556753982,68.7945576301588,5.4072,15.9967,11.0723,3.8861,15.2033,10.1512,9.9836,6.3858,21.9137,0.0,37.6,9,100.0,ISCO-08,8533.0,36.3623,21.4039,63.6376,3466180,2040294,370436,1524861,,,,,proxy_unavailable,,,11.4808,,,2,44293.4839632441,2393020.0,,12818869436.325,10.5721789798378,1355233820,0.3575,150943925414,2025,2025,2025,2013,,,,,,,,,,,,,,partial — ISCO data 2013 (>5yr old); no youth x ISCO cross-tab,,,,,,,,,,,,,,,,,,,,,,,,,,,,,,,,,,,,,,,,,,,,,,,,,,,,,,,,,,,,,,,,,,,,,,,,,,,,,,,,,
KEN,Kenya,Sub-Saharan Africa,Lower middle income,country,Nairobi,-1.27975,36.8126,,57532493.0,36.2577929332716,60.7212559059561,3.02095116077232,64.6869771994706,67.385,35.405,36.443,86.983,85.412,63.713,30.007,5.449,15.246,24711751.0,23365208,SL.TLF.TOTL.IN x (1 - SL.UEM.TOTL.ZS),40.6122,45.7884267176803,12.4784728361742,41.7331004461455,8.8541,3.4556,5.6886,0.9228,8.2032,36.4852,5.1447,4.5638,26.682,1.1273,,9,98.87,ISCO-08,19354.59,18.9211,12.3097,81.0789,4420954,2876187,215614,807408,8.8728,22.8811,15.5016,Y15-24,proxy_youth_15_24_x_isco,2671515,237038,15.4747,-10.0483,46.07,4,7015.93578839722,8902971.0,62.098,8044144072.40366,10.6089745270793,853401196,0.2218,36359407621,2025,2025,2025,2021,2021,2021,,2021,2021,,,,,,,,,complete,7.3582,77.9638,9.5848,5.8224,83.3137,7.5987,7.8822,82.0606,7.8112,10.1659,85.6058,4.2288,19.8114,74.5034,4.5263,16.5516,53.9427,15.2297,13.2386,75.7936,7.3523,13.3398,81.1761,4.3165,20.1347,67.3434,8.2037,2021,2021,2021,2021,2021,2021,2021,2021,2021,28.3024,48.4746,14.4933,8.4535,8.138,36.5969,53.2059,1.4926,11.416,67.7246,17.269,3.2111,4.9029,76.5905,18.3587,,33.3321,60.7612,1.8135,4.041,52.8736,30.2867,1.1335,15.4892,42.748,50.5732,1.223,5.2585,40.6286,54.5405,2.2347,2.3184,53.8653,38.4372,1.4784,6.0542,2021,2021,2021,2021,2021,2021,2021,2021,2021
KGZ,Kyrgyz Republic,Europe & Central Asia,Lower middle income,country,Bishkek,42.8851,74.6057,,7343064.0,31.9082109892695,62.1262174976691,5.96557151306138,60.9626371776391,57.366,30.916,31.079,72.872,56.063,55.343,28.372,3.526,8.228,2868314.0,2767177,SL.TLF.TOTL.IN x (1 - SL.UEM.TOTL.ZS),37.6842,15.4453856526596,26.8235732341191,57.7310774891991,2.4215,12.6429,6.2211,2.1121,19.9342,16.052,17.4307,11.2087,11.9768,-0.0,,9,100.0,ISCO-08,2591.813,23.3976,15.0644,76.6024,647453,416859,58446,349851,16.1693,23.9483,26.7564,Y15-24,proxy_youth_15_24_x_isco,307949,49793,14.7813,-7.2283,43.04,4,9219.51443675205,1085399.0,75.739,3317614486.0,11.556876653932,383412614,0.3016,7694427735,2025,2025,2025,2023,2023,2023,,2023,2023,,,,,,,,,complete,4.5011,71.3887,16.4192,6.4422,77.3353,13.6059,10.1136,72.333,15.2618,18.213,71.0126,10.1734,14.978,71.1536,11.9753,12.8527,65.9525,14.9472,14.0124,77.4079,7.6826,4.5558,76.845,15.7438,17.0516,72.7765,9.1361,2023,2023,2023,2023,2023,2023,2023,2023,2023,,,,,,,,,,,,,,,,,,,,,,,,,,,,,,,,,,,,,,,,,,,,,
KHM,Cambodia,East Asia & Pacific,Lower middle income,country,Phnom Penh,11.5556,104.874,,17847982.0,29.4972991763802,64.12560434355,6.37709648006975,55.9439537843445,82.392,70.55,65.127,92.459,79.302,82.175,70.048,0.263,0.711,10367640.0,10340373,SL.TLF.TOTL.IN x (1 - SL.UEM.TOTL.ZS),57.9358,33.4047460215625,28.8737555324444,37.7214984459931,1.438,3.4806,2.7201,2.5852,21.3322,28.9949,23.2455,4.3149,11.8886,-0.0,54.909,9,100.0,ISCO-08,9701.381,10.2239,4.9186,89.7761,1057189,508602,267319,359907,11.0428,10.7834,5.8746,Y15-24,proxy_youth_15_24_x_isco,2453497,270935,19.6246,0.8189,50.71,4,8542.6965378612,3502594.0,80.525,5352786203.09265,4.73467398436906,253436976,0.2259,19954801643,2025,2025,2025,2023,2023,2023,,2023,2023,,,,,,,,,complete,5.6477,66.4767,12.2265,19.2529,72.6847,5.8665,22.6274,70.7144,4.9594,28.6589,63.8027,4.4494,17.84,67.6879,10.3695,11.2286,59.3624,19.5495,24.2902,70.0649,4.4146,20.4285,72.2658,6.5494,28.5112,61.7723,7.6021,2023,2023,2023,2023,2023,2023,2023,2023,2023,33.7246,17.8339,29.5011,18.9403,11.0457,33.9129,49.6706,5.0053,32.2443,21.2859,29.085,17.2733,32.7852,24.6608,36.3437,6.2103,45.6725,13.1217,6.4832,34.7179,35.7389,3.9403,0.503,59.8179,50.2235,7.8312,2.6628,39.2825,59.1289,7.7085,0.9879,32.1747,42.8558,4.5412,1.0046,51.5984,2025,2025,2025,2025,2025,2025,2025,2025,2025
KIR,Kiribati,East Asia & Pacific,Lower middle income,country,Tarawa,1.32905,172.979,,136488.0,34.3644336336028,61.2604724940197,4.37509387237753,63.2365780440841,,,31.772,68.371,49.762,,,,,,41243,ILOSTAT survey total (ISCO base),30.2173,,,,4.3862,10.3169,4.4686,3.3315,20.2531,7.2109,21.7297,3.4721,24.8309,0.0969,,9,99.9,ISCO-08,41.243,22.5032,14.7031,77.4967,9281,6064,1374,4255,7.335,25.1895,26.037,Y15-24,proxy_youth_15_24_x_isco,,,,-15.1682,,2,3936.61263730517,,85.157,8631670.07189684,2.92387890263219,252380,0.2977,48333892,2025,,,2023,2023,2023,,2023,2023,,,,,,,,,partial — no labor force data,2.6534,70.7573,21.5036,1.8801,85.4524,9.4242,6.6739,83.9935,8.2474,13.6827,78.6026,7.278,17.8978,72.3692,7.7457,26.1264,63.887,7.9018,13.6242,67.5965,12.6088,4.8883,81.9832,9.0782,19.3633,70.579,7.9875,2023,2023,2023,2023,2023,2023,2023,2023,2023,65.1741,19.0713,14.7043,,40.8461,50.3643,8.8132,,53.9338,36.6793,9.3869,,6.4561,84.4912,8.2807,0.3509,39.2487,56.9746,2.1523,1.0152,59.8698,36.1533,1.0123,2.6753,58.415,35.1511,2.4101,2.9208,49.7283,45.2899,1.8116,1.9928,61.9251,34.6256,0.641,2.3097,2023,2023,2023,2020,2020,2020,2020,2020,2020
KNA,St. Kitts and Nevis,Latin America & Caribbean,High income,country,Basseterre,17.3,-62.7309,,46922.0,18.3359440768091,69.9434161311978,11.720639791993,42.9751058837868,,,,,,,,,,,,,,,,,,,,,,,,,,,,0,,,,,,,,,,,,,,,proxy_unavailable,,,,,,0,36777.262691657,,,528830532.222222,0.357952100845144,1892960,,,2025,,,,,,,,,,,,,,,,,partial — no ISCO data; no labor force data; no youth x ISCO cross-tab,,,,,,,,,,,,,,,,,,,,,,,,,,,,,,,,,,,,,,,,,,,,,,,,,,,,,,,,,,,,,,,,,,,,,,,,,,,,,,,,,
KOR,"Korea, Rep.",East Asia & Pacific,High income,country,Seoul,37.5323,126.957,,51684564.0,10.2044670479846,69.465114111118,20.3304188408974,43.9571507924701,64.351,25.818,24.695,80.791,73.421,62.624,24.09,2.683,6.695,29865575.0,29064282,SL.TLF.TOTL.IN x (1 - SL.UEM.TOTL.ZS),56.234,5.10382768921025,23.3828172443507,71.5133653919359,1.443,23.1057,17.9441,12.5265,8.6761,4.7098,7.7534,10.2253,13.6161,0.3881,,9,99.61,ISCO-08,28768.897,55.0193,24.5487,44.9807,15990965,7134903,3640737,6715506,64.1018,65.9571,44.9871,Y15-24,proxy_youth_15_24_x_isco,1555386,997030,12.4922,9.0825,62.09,4,63124.9152183625,6456561.0,74.729,150143500000.0,12.468605034517,18720800000,0.4679,858446929744,2025,2025,2025,2025,2025,2025,,2025,2025,,,,,,,,,complete,0.087,43.6615,41.8339,2.6303,80.1451,13.1907,2.4711,80.3888,13.7897,9.1043,49.4449,26.2276,6.2343,57.9528,23.2133,0.673,15.0441,23.7668,1.0714,56.7529,29.3436,1.3874,54.6226,28.5412,3.1618,35.274,23.3677,2025,2025,2025,2025,2025,2025,2025,2025,2025,1.0421,14.5922,84.159,0.2067,0.2631,7.8111,91.9175,0.0083,0.7161,19.4775,79.8026,,12.1486,40.857,46.5677,0.4267,5.5392,38.9046,55.2906,0.2656,44.4504,31.9648,19.1993,4.3855,10.7471,50.2299,38.8156,0.2074,9.4671,52.7361,37.6599,0.137,28.4673,44.7514,23.7986,2.9826,2025,2025,2025,2025,2025,2025,2025,2025,2025
KWT,Kuwait,"Middle East, North Africa, Afghanistan & Pakistan",High income,country,Kuwait City,29.3721,47.9824,,4865298.0,17.973071445874,78.8520272518679,3.17490130225807,26.8197986334013,73.365,25.68,,84.726,64.933,71.765,21.813,2.181,15.058,2927890.0,2864033,SL.TLF.TOTL.IN x (1 - SL.UEM.TOTL.ZS),58.8665,1.8912691752225,24.6120172332385,73.496713591539,4.707,10.452,7.4915,4.2551,8.7312,2.4396,23.6674,10.7667,27.4896,0.0,,9,100.0,ISCO-08,2497.11,26.9056,15.159,73.0945,770585,434159,121867,299349,,,,,proxy_unavailable,,,9.5309,,,2,56467.7272075432,463706.0,,12690948293.4485,49.2710011057172,6252957274,0.302,48841081116,2025,2025,2025,2016,,2016,,,,,,,,,,,,partial — ISCO data 2016 (>5yr old); no youth x ISCO cross-tab,,,,,,,,,,,,,,,,,,,,,,,,,,,,,,,,,,,,,,,,,,,,,,,,,,,,,,,,,,,,,,,,,,,,,,,,,,,,,,,,,
LAO,Lao PDR,East Asia & Pacific,Lower middle income,country,Vientiane,18.5826,102.177,,7873046.0,29.839672589216,65.3522769555949,4.80805045518916,53.0168515795744,66.087,54.162,54.529,77.089,61.089,65.302,52.871,1.187,2.384,3650484.0,3607153,SL.TLF.TOTL.IN x (1 - SL.UEM.TOTL.ZS),45.8165,68.5969890231444,7.41491516120134,23.9881235384869,0.7965,1.7988,6.5282,0.1835,11.908,65.6339,3.1318,1.8286,8.1907,0.0046,65.016,9,100.0,ISCO-08,3444.083,9.307,2.5953,90.693,335718,93616,6619,64885,3.8972,11.7051,6.9437,Y15-24,proxy_youth_15_24_x_isco,789746,30778,18.9726,-5.4098,39.43,4,10382.9990718948,1493722.0,77.906,1731787405.34124,3.50871084727487,60763413,0.171,6404474329,2025,2025,2025,2022,2022,2022,,2022,2022,,,,,,,,,complete,2.6173,64.7468,27.6711,10.9472,82.7463,5.2169,8.0988,84.4215,6.2317,14.1336,79.8655,6.0008,13.6979,71.6359,11.0411,23.0505,60.777,11.3508,15.9119,72.008,7.8878,20.167,67.4002,9.2428,22.2724,71.0649,5.8906,2022,2022,2022,2017,2022,2022,2022,2022,2022,20.1837,37.3674,42.1901,,8.4711,28.3946,61.0263,1.9354,13.3889,23.2161,62.71,0.6196,9.5397,18.8521,71.6082,,49.3262,29.2782,12.6765,8.4078,59.3473,12.9546,1.9559,25.3444,56.5087,27.8937,4.1349,11.2782,55.2518,30.7182,4.6126,9.4174,66.2469,20.8289,3.7126,9.0842,2022,2022,2022,2017,2022,2022,2022,2022,2022
LBN,Lebanon,"Middle East, North Africa, Afghanistan & Pakistan",Lower middle income,country,Beirut,33.8872,35.5134,,5849421.0,25.5876800103532,63.9693196958571,10.4430002937898,56.3249314841515,43.424,34.323,39.196,64.447,44.237,38.654,26.516,10.985,22.744,1837294.0,1635467,SL.TLF.TOTL.IN x (1 - SL.UEM.TOTL.ZS),27.9595,3.51300056008433,20.123353070803,76.3636463691127,7.2005,16.6032,5.1714,4.5279,21.286,2.5173,17.4231,9.2989,15.9718,0.6201,71.126,9,99.38,ISCO-08,1513.69,33.503,23.8037,66.4971,547931,389302,74052,271540,19.061,36.1478,36.2323,Y15-24,proxy_youth_15_24_x_isco,205492,39169,13.2487,-14.442,48.67,4,11917.4502960889,774973.0,60.791,7921517837.02844,1.77653813888075,140728786,0.3649,7112118730,2025,2023,2023,2019,2019,2019,,2019,2019,,,,,,,,,partial — ISCO data 2019 (>5yr old),2.9387,66.9318,18.5617,9.24,76.3776,11.1196,10.8113,71.6718,13.5094,12.5753,69.1139,15.9413,16.6792,67.2279,10.9518,5.3065,54.5979,25.0341,14.4063,67.7668,13.6419,7.6622,64.7631,19.5153,33.1738,59.3209,5.9389,2019,2019,2019,2019,2019,2019,2019,2019,2019,25.0897,18.7333,53.8879,2.202,1.884,6.3095,91.59,0.0883,18.4596,22.9052,57.548,0.9875,20.314,25.1915,53.3506,0.9031,44.8166,24.5574,24.8532,5.6129,59.3665,12.3005,9.5607,18.7487,65.0235,16.7694,9.7463,8.2891,69.1551,15.9872,6.9027,7.891,52.2938,8.0831,2.8971,35.6854,2019,2019,2019,2019,2019,2019,2019,2019,2019
LBR,Liberia,Sub-Saharan Africa,Low income,country,Monrovia,6.30039,-10.7957,,5731206.0,39.0803610967744,57.5847038127752,3.33493509045042,73.6572273170483,76.582,55.313,22.89,59.669,57.58,74.373,54.042,2.884,2.297,2673807.0,2596694,SL.TLF.TOTL.IN x (1 - SL.UEM.TOTL.ZS),45.308,41.1209018295306,8.34797704912856,50.531159632099,5.0962,9.0461,5.7532,1.0527,27.159,34.0982,4.9471,3.9114,8.9362,37.1617,4.437,9,62.84,ISCO-08,645.879,20.9482,14.1423,79.0519,543961,367232,27335,234900,13.0961,21.7525,26.5197,Y15-24,proxy_youth_15_24_x_isco,528569,69222,17.0657,-7.8521,41.25,4,1981.09483342188,978071.0,74.848,42640285.6161303,,,0.2835,1458408219,2025,2025,2025,2017,2017,2017,,2017,2017,,,,,,,,,partial — ISCO data 2017 (>5yr old); only 63% of employment classified by occupation,10.8917,76.3968,5.6236,4.9772,78.5904,12.8434,14.8228,74.4799,6.3134,,,,14.9703,75.49,6.5069,18.4654,67.7346,7.582,12.7598,82.6552,3.1015,13.4901,82.4091,2.8104,9.0528,82.3726,4.5186,2017,2017,2017,,2017,2017,2017,2017,2017,19.7418,29.324,13.304,34.4645,,,,,21.1201,33.1602,16.4698,22.2988,,,,,27.4174,29.7422,5.0737,35.8016,26.8738,11.9078,1.5534,58.0917,29.0498,39.9443,4.344,23.2505,35.6252,37.355,3.9227,19.3801,30.53,21.7423,1.4225,44.4774,2017,,2017,,2017,2017,2017,2017,2017
LBY,Libya,"Middle East, North Africa, Afghanistan & Pakistan",Upper middle income,country,Tripoli,32.8578,13.1072,,7458555.0,26.8472061174856,67.961224926358,5.19156895615632,47.1427373654177,47.963,16.732,,,,38.966,8.356,18.758,50.057,2616929.0,2126045,SL.TLF.TOTL.IN x (1 - SL.UEM.TOTL.ZS),28.5048,9.99748359042259,18.6273103344473,71.3751590394371,,,,,,,,,,,,0,,,,,,,,,,,,,,,proxy_unavailable,,,15.2072,,,2,16521.3998152838,1134237.0,,642200000.0,1.85300529430084,11900000,,,2025,2025,2025,,,,,,,,,,,,,,,partial — no ISCO data; no youth x ISCO cross-tab,,,,,,,,,,,,,,,,,,,,,,,,,,,,,,,,,,,,,,,,,,,,,,,,,,,,,,,,,,,,,,,,,,,,,,,,,,,,,,,,,
LCA,St. Lucia,Latin America & Caribbean,Upper middle income,country,Castries,14.0,-60.9832,,180149.0,17.2451692765433,72.7911340057397,9.963696717717,37.3788443793706,68.265,60.647,58.806,92.032,73.471,61.813,48.366,9.452,20.251,101771.0,92152,SL.TLF.TOTL.IN x (1 - SL.UEM.TOTL.ZS),51.1532,7.47352200711867,16.2101744943137,76.3163034985676,6.9137,9.7666,9.3436,7.408,29.0959,6.7404,10.8817,5.714,14.1362,2.5042,,9,97.5,ISCO-08,98.11,33.4319,16.6803,66.5682,30808,15371,6827,9000,35.8003,37.5269,24.6174,Y15-24,proxy_youth_15_24_x_isco,14446,5172,16.5802,2.3684,80.3,4,28673.8437920214,29869.0,73.206,1404579504.07407,0.863820410966539,12133044,0.3781,999073311,2025,2025,2025,2025,2025,2025,,2025,2025,,,,,,,,,complete,2.084,58.0735,29.3075,6.3348,76.4245,12.0225,15.5994,69.5429,12.7304,16.9648,73.5003,7.9664,11.1189,64.2612,19.5824,3.599,33.1015,31.8161,6.3601,55.03,29.0839,4.1384,60.4352,23.1894,11.1111,61.1075,22.8712,2024,2025,2025,2025,2025,2025,2025,2025,2025,32.8468,2.8601,45.7025,10.9244,22.2501,2.1081,64.2872,2.5151,44.3438,6.5561,39.6095,4.5926,50.9925,3.7465,37.3735,,52.4172,1.0509,21.0432,18.9659,14.7588,2.1019,30.9542,50.93,36.9333,1.0303,34.526,23.7636,,,,,,,,,2025,2025,2025,2024,2025,2025,2025,,
LIE,Liechtenstein,Europe & Central Asia,High income,country,Vaduz,47.1411,9.52148,,41024.0,14.2269736842105,64.3976774322169,21.3753488835726,55.2821832771869,,,50.558,82.473,64.347,,,,,,,,,,,,,,,,,,,,,,,0,,,,,,,,,,,,,,,proxy_unavailable,,,,,,0,,,,,,,,,2025,,,,,2017,,,,,,,,,,,,partial — no ISCO data; no labor force data; no youth x ISCO cross-tab,,,,,,,,,,,,,,,,,,,,,,,,,,,,,,,,,,,,,,,,,,,,,,,,,,,,,,,,,,,,,,,,,,,,,,,,,,,,,,,,,
LKA,Sri Lanka,South Asia,Upper middle income,country,Colombo,6.92148,79.8528,,21756000.0,21.7008153500529,65.8244706869233,12.4747139630238,51.9191842450952,48.517,24.841,23.711,66.405,50.723,46.574,20.226,4.005,18.578,8264760.0,7933756,SL.TLF.TOTL.IN x (1 - SL.UEM.TOTL.ZS),36.467,25.8567580565536,26.3039567814535,47.8392733572592,4.3654,7.5725,8.8137,3.6396,12.5759,13.9668,13.8487,10.0696,25.1478,1.5728,41.094,9,98.43,ISCO-08,7783.62,24.3912,11.9379,75.6088,1935138,947124,288757,600784,24.8457,28.5103,16.1281,Y15-24,proxy_youth_15_24_x_isco,604344,150153,13.7339,0.4545,61.9,4,17065.0298635432,2987954.0,80.98,6910060871.37392,14.0586358995322,971460298,0.2869,38843328763,2025,2025,2025,2024,2024,2024,,2024,2024,,,,,,,,,complete,3.494,75.5479,16.4633,4.2729,80.5462,12.2541,9.7372,76.1206,11.1921,15.6633,74.4505,8.6504,11.8227,61.1692,18.6355,2.5563,50.5132,28.0466,6.9043,68.4605,16.7556,10.1749,72.7541,13.3771,7.6979,62.1404,21.4807,2024,2024,2024,2024,2024,2024,2024,2024,2024,16.8394,53.5194,27.9404,1.7008,3.5041,46.6078,49.2199,0.4209,16.7256,61.0023,21.2199,1.0523,12.2139,73.6284,14.1578,,45.4189,49.5084,1.141,3.8976,61.6023,23.2633,0.6157,14.4936,58.5659,34.8268,0.6342,5.8784,57.779,39.9045,0.4117,1.854,64.5945,19.3503,0.3013,15.754,2024,2024,2024,2024,2024,2024,2024,2024,2024
LSO,Lesotho,Sub-Saharan Africa,Lower middle income,country,Maseru,-29.5208,27.7167,,2363325.0,34.1020668130847,62.0174673431431,3.88046584377219,61.2449289541876,57.117,34.633,42.31,81.198,72.661,47.798,26.089,16.315,24.672,889530.0,744403,SL.TLF.TOTL.IN x (1 - SL.UEM.TOTL.ZS),31.4981,30.8762248152198,33.0372999390111,36.0864752457691,1.6121,3.4615,3.5868,0.9452,11.2888,33.768,8.8337,7.3679,29.136,-0.0,3.358,9,100.0,ISCO-08,799.961,9.6056,5.0736,90.3944,71504,37768,7036,25768,2.3054,11.6112,10.2971,Y15-24,proxy_youth_15_24_x_isco,128831,2970,20.8949,-7.3002,57.01,4,3184.11725194709,493814.0,86.332,15959217.6407418,0.098166662531131,15667,0.1914,453668996,2025,2025,2025,2024,2024,2024,,2024,2024,,,,,,,,,complete,,,,2.1993,83.7312,13.1559,6.0293,74.1505,11.271,5.568,80.6375,11.8767,11.3824,76.4567,8.9307,20.2224,46.2609,15.0901,5.6137,77.6342,12.0935,3.2151,83.7021,12.002,19.8183,68.8558,8.1068,,2024,2024,2024,2024,2024,2024,2024,2024,23.0071,44.6185,29.8154,,4.5322,37.6332,57.4808,,25.738,62.6703,9.7864,,11.1758,66.6975,22.1267,,40.4248,52.7396,4.7583,0.3012,,,,,61.1227,32.1668,2.3703,0.3269,57.2701,39.8592,0.5344,,70.5518,22.0305,0.5402,0.5312,2024,2024,2024,2024,2024,,2024,2024,2024
LTU,Lithuania,Europe & Central Asia,High income,country,Vilnius,54.6896,25.2799,,2888774.0,14.5052134263816,64.7728411040496,20.7219454695688,54.3856930076355,62.918,36.924,35.613,91.436,76.535,58.683,31.845,6.731,13.756,1553918.0,1449324,SL.TLF.TOTL.IN x (1 - SL.UEM.TOTL.ZS),50.1709,4.66290773768441,25.9018189910896,69.435273271226,9.932,31.3094,9.2421,4.4786,12.2566,2.0606,12.4371,7.3385,10.9451,0.0,4.848,9,100.0,ISCO-08,1457.947,54.9621,41.2414,45.0379,796579,597722,64909,453775,39.4188,57.8126,40.1254,Y15-24,proxy_youth_15_24_x_isco,130960,51623,14.2359,-15.5433,53.93,4,56837.8067003598,411242.0,81.43,28820403278.6248,12.4354040812504,3583933606,0.4587,37786053468,2025,2025,2025,2025,2024,2025,,2024,2024,,,,,,,,,complete,1.0064,77.0408,16.8267,4.0919,75.5418,15.1223,6.5097,77.4308,13.2581,7.7896,70.6144,17.6452,13.5172,58.8372,22.4119,2.1924,56.6108,29.3881,5.3118,69.9352,21.4074,4.2378,61.9944,27.3056,6.5524,54.8381,28.9503,2024,2024,2024,2024,2024,2023,2024,2024,2024,0.7016,21.2415,77.8877,,0.2961,12.1318,87.5722,,1.0593,30.4754,68.4653,,0.8826,39.8643,59.2547,,5.2833,65.5737,29.1171,,8.6511,76.3671,14.9818,,6.1933,75.8968,17.7136,,4.6222,80.4544,14.9243,,13.8847,76.0184,10.0969,,2024,2024,2024,2024,2024,2024,2024,2024,2024
LUX,Luxembourg,Europe & Central Asia,High income,country,Luxembourg,49.61,6.1296,,686970.0,15.7458959355783,68.4417083606742,15.8123957037476,46.1097380969599,61.502,37.685,33.147,90.372,51.898,57.601,29.596,6.343,21.467,355974.0,333395,SL.TLF.TOTL.IN x (1 - SL.UEM.TOTL.ZS),48.5312,0.878170498316335,7.64401996172388,91.4778095399598,5.0411,50.3061,15.9253,5.8878,9.3688,,3.5124,3.7373,6.2212,7.9124,,8,92.09,ISCO-08,302.355,77.1603,55.3472,22.8397,257249,184525,19630,167718,45.1444,76.9961,71.0251,Y15-24,proxy_youth_15_24_x_isco,19337,8730,9.5106,-32.0159,48.72,4,156542.075847247,65335.0,79.776,166788782778.311,3.42096991353615,5705794078,0.5809,30317371630,2025,2025,2025,2025,2024,2025,,2024,2024,,,,,,,,,partial — only 8/9 ISCO groups reported by source,,,,2.6175,86.7276,9.7106,8.1495,75.0307,16.0043,5.3763,73.1879,19.4144,22.2909,69.2815,7.6822,8.1119,64.3074,23.2002,12.0361,72.8262,14.4119,7.5205,83.1834,9.2961,8.1969,70.2442,19.8641,,2024,2024,2024,2024,2024,2024,2023,2024,6.4416,16.7619,76.2511,,0.6112,4.0114,95.0192,,8.1864,65.2748,25.3721,,23.7239,65.1288,10.8272,,27.1604,59.9117,11.6545,,17.6435,67.8767,14.4798,,40.6408,52.054,5.0596,,46.8523,46.9587,6.189,,57.6245,30.0957,8.2238,2.947,2024,2024,2024,2024,2024,2024,2024,2024,2024
LVA,Latvia,Europe & Central Asia,High income,country,Riga,56.9465,24.1048,,1847785.0,15.1872424886394,62.6176992477714,22.1950582635891,59.6993189518081,60.519,34.367,36.122,88.275,78.323,56.545,29.916,6.568,12.95,948428.0,886135,SL.TLF.TOTL.IN x (1 - SL.UEM.TOTL.ZS),47.9566,6.66365174505463,21.8361322605612,71.5002159943841,10.229,21.1891,14.045,5.2783,15.3774,2.8216,10.9572,8.1227,11.9797,0.5015,7.052,9,99.5,ISCO-08,878.144,50.7414,31.4181,49.2586,449637,278407,46773,187764,49.675,56.386,39.1465,Y15-24,proxy_youth_15_24_x_isco,67879,33719,12.2796,-1.0664,65.57,4,46136.689377286,226900.0,77.578,9326377694.7015,19.0236472974307,1774217198,0.438,17906900836,2025,2025,2025,2025,2024,2025,,2024,2024,,,,,,,,,complete,1.6314,72.6477,22.08,5.0222,72.6069,16.5442,7.1606,73.6528,13.8893,17.653,66.2737,12.8987,9.3148,58.0159,25.3806,7.0586,54.3292,29.2117,1.9267,71.283,22.5956,3.5175,57.0855,31.9564,8.4612,53.6357,25.8503,2017,2024,2024,2024,2024,2024,2024,2024,2024,2.2078,22.8729,74.9193,,,,,,1.5484,33.2738,65.1769,,4.5819,60.7866,34.6315,,9.8779,71.8767,17.6767,,15.0944,73.7899,11.1157,,13.0884,74.2329,12.6787,,8.9015,80.9814,10.1185,,16.4294,72.0797,11.3084,,2024,,2024,2024,2024,2024,2024,2024,2024
MAC,"Macao SAR, China",East Asia & Pacific,High income,country,,22.1667,113.55,,685900.0,13.7089391100086,71.1962626401129,15.0947982498785,40.4568585090153,67.848,44.142,46.72,89.901,60.07,66.255,41.15,2.347,6.779,401572.0,392147,SL.TLF.TOTL.IN x (1 - SL.UEM.TOTL.ZS),57.1726,0.373797814869546,10.992756607476,88.6334455776545,,5.1194,12.9774,28.074,21.6679,,7.8786,4.0391,20.2436,8.0015,,7,92.0,ISCO-88,363.325,46.1708,5.1194,53.8292,181057,20076,110091,20076,,,,,proxy_unavailable,,,9.1206,,,2,137030.679100085,62558.0,90.786,40970961684.4899,0.029687552607085,12163276,0.4741,25476318063,2025,2025,2025,2020,,2016,,,,,,,,,,,,partial — ISCO-88 fallback (no ISCO-08 series published); no youth x ISCO cross-tab,,,,,,,,,,,,,,,,,,,,,,,,,,,,,,,,,,,,,,,,,,,,,,,,,,,,,,,,,,,,,,,,,,,,,,,,,,,,,,,,,
MAF,St. Martin (French part),Latin America & Caribbean,High income,country,Marigot,18.07,-63.08,,24941.0,21.0581183216054,59.287103305868,19.6547783725266,68.6684249678772,,,,,,,,,,,,,,,,,,,,,,,,,,,,0,,,,,,,,,,,,,,,proxy_unavailable,,,,,,0,,,,,,,,,2025,,,,,,,,,,,,,,,,,partial — no ISCO data; no labor force data; no youth x ISCO cross-tab,,,,,,,,,,,,,,,,,,,,,,,,,,,,,,,,,,,,,,,,,,,,,,,,,,,,,,,,,,,,,,,,,,,,,,,,,,,,,,,,,
MAR,Morocco,"Middle East, North Africa, Afghanistan & Pakistan",Lower middle income,country,Rabat,33.9905,-6.8704,,38430770.0,25.1994729743901,66.3502201491149,8.45030687649506,50.7154014206338,43.941,27.343,22.8,,42.6,39.987,21.36,9.0,21.882,12631464.0,11494632,SL.TLF.TOTL.IN x (1 - SL.UEM.TOTL.ZS),29.91,27.8922171629209,23.833218208613,48.2745559288651,1.8432,5.2732,3.3608,2.6914,19.2136,10.5945,23.006,4.1271,29.8901,1.9447,,9,98.06,ISCO-08,9378.72,13.1686,7.1164,86.8313,1513682,818004,309367,606135,5.0138,14.7142,16.2749,Y15-24,proxy_youth_15_24_x_isco,1300013,65180,15.8368,-8.1548,50.64,4,11111.7080078125,6086204.0,68.167,33644684565.1722,8.33551671173569,2804458305,0.2443,31203216142,2025,2025,2025,2014,2014,,,2014,2014,,,,,,,,,partial — ISCO data 2014 (>5yr old),1.7412,79.0016,16.1856,2.76,82.0264,14.3825,9.3845,82.5539,7.6332,9.4129,79.0825,9.8407,10.7964,76.2468,9.984,6.4622,62.9419,19.2043,18.8954,73.2114,6.6057,4.8648,82.0007,11.7111,22.8608,68.1955,7.2357,2014,2014,2014,2014,2014,2014,2014,2014,2014,11.6504,36.3568,37.0915,14.9014,2.5679,39.9021,57.0487,0.4812,21.0723,61.1865,12.5825,5.1586,23.1915,50.9865,11.9127,13.9094,32.3737,20.3125,3.5333,43.7805,12.2098,1.8649,0.2174,85.708,36.8411,7.4251,0.5469,55.1868,36.3397,10.2488,0.7621,52.6494,26.7355,4.6067,0.3845,68.2732,2014,2014,2014,2014,2014,2014,2014,2014,2014
MCO,Monaco,Europe & Central Asia,High income,country,Monaco,43.7325,7.41891,,38341.0,13.7711588117159,50.2177825304504,36.0110586578337,99.1326477615041,,,24.466,78.503,51.426,,,,,,,,,,,,,,,,,,,,,,,0,,,,,,,,,,,,,,,proxy_unavailable,,,,,,0,,,57.977,,,,,,2025,,,,,2016,,,,,,,,,,,,partial — no ISCO data; no labor force data; no youth x ISCO cross-tab,,,,,,,,,,,,,,,,,,,,,,,,,,,,,,,,,,,,,,,,,,,,,,,,,,,,,,,,,,,,,,,,,,,,,,,,,,,,,,,,,
MDA,Moldova,Europe & Central Asia,Upper middle income,country,Chisinau,47.0167,28.8497,,2360527.0,19.5343421651874,63.607990439589,16.8576673952236,57.2129306739199,72.29,34.654,38.578,81.559,80.743,71.202,33.2,1.505,4.197,1373086.0,1352421,SL.TLF.TOTL.IN x (1 - SL.UEM.TOTL.ZS),57.2932,50.5020476881222,12.5538719656058,36.9441386019795,5.0395,9.6006,3.9283,1.5717,8.75,49.7108,7.8629,4.7291,8.807,0.0275,0.731,9,99.97,ISCO-08,1408.823,20.1401,14.6401,79.8598,272379,197996,21256,129841,15.8451,27.9424,16.3013,Y15-24,proxy_youth_15_24_x_isco,176360,27944,22.5036,-4.295,53.28,4,19995.7590923995,531204.0,75.128,3215612308.26,27.7747565695592,893128491,0.2339,6325283906,2025,2025,2025,2025,2025,2025,,2025,2025,,,,,,,,,complete,1.8578,83.2826,12.1243,3.1962,76.0262,16.1679,8.8719,70.2166,18.2968,16.0999,67.6783,14.6412,7.9702,74.9181,15.0578,6.3884,36.3942,20.249,5.8597,81.7105,11.1127,3.1625,68.7084,26.0698,9.5217,58.8273,28.2603,2025,2025,2025,2025,2025,2025,2025,2025,2025,0.9564,17.3202,81.7234,,0.3308,10.5142,89.155,,1.8412,68.8344,29.3262,,10.1567,49.09,40.7533,,24.4662,65.3425,10.1913,,39.0652,54.855,5.8159,0.2637,30.3194,63.718,5.9626,,21.1107,74.1118,4.779,,46.4308,51.0997,2.3051,,2025,2022,2025,2025,2025,2025,2025,2025,2025
MDG,Madagascar,Sub-Saharan Africa,Low income,country,Antananarivo,-20.4667,45.7167,,32740678.0,38.9376603624397,57.5894396566864,3.47289998087395,73.6429466863019,85.495,72.407,61.59,86.15,77.61,82.895,68.608,3.041,5.247,17092352.0,16572574,SL.TLF.TOTL.IN x (1 - SL.UEM.TOTL.ZS),50.6177,69.2089003209287,9.90283557256148,20.8882641065098,0.4839,2.4552,1.2632,0.8845,6.405,52.7689,9.0525,1.3267,25.36,0.2077,21.369,9,99.79,ISCO-08,11834.034,5.0868,2.9391,94.9131,843014,487085,146584,406890,1.581,6.6325,6.7278,Y15-24,proxy_youth_15_24_x_isco,3392967,53643,15.1049,-3.5058,34.65,4,1952.48426903369,4945440.0,69.244,1534146767.85281,19.1902998059645,294407364,0.1462,4730694283,2025,2025,2025,2022,2022,2022,,2022,2022,,,,,,,,,complete,4.0181,71.9258,17.8937,9.0211,80.5206,9.1057,8.8115,77.9525,11.4961,10.4478,80.206,8.9632,19.2104,69.2549,9.2068,29.852,57.1132,8.7657,21.1261,66.0051,8.7588,19.5413,74.4538,5.7686,33.6169,59.3142,5.2349,2022,2022,2022,2022,2022,2022,2022,2022,2022,20.5522,32.7439,44.5808,,,,,,20.9775,24.9852,50.9951,,23.3887,27.1906,47.8019,,50.4576,30.6024,8.4366,10.5033,58.8116,8.178,0.7834,32.227,52.2036,25.4918,7.1355,15.1692,32.5966,41.5915,21.0681,4.7443,57.7012,10.7279,0.9208,30.6501,2015,,2015,2015,2015,2015,2015,2015,2015
MDV,Maldives,South Asia,Upper middle income,country,Male,4.1742,73.5109,,529676.0,19.0365430942689,76.0052371638511,4.95821974187994,31.5697174737072,63.501,51.735,52.632,72.866,59.885,60.634,43.616,4.514,15.694,272320.0,260027,SL.TLF.TOTL.IN x (1 - SL.UEM.TOTL.ZS),49.0917,11.305066820498,16.9291414287088,71.7657917507932,8.1439,13.6035,15.8499,7.782,12.4354,21.8716,8.9744,3.2681,8.071,0.5482,2.466,9,99.45,ISCO-08,189.282,45.3793,21.7474,54.6205,117998,56549,20235,35373,50.466,48.5602,22.2784,Y15-24,proxy_youth_15_24_x_isco,30524,15404,13.2126,5.0867,71.8,4,28554.8945669737,69984.0,92.316,5030398829.52578,0.932229047620223,46894839,0.3945,2929179688,2025,2025,2025,2019,2019,2019,,2019,2019,,,,,,,,,partial — ISCO data 2019 (>5yr old),3.6004,84.1064,9.5297,14.1792,81.4905,3.872,15.5195,79.5707,4.5598,35.4175,63.0075,1.4936,30.6016,61.7002,5.8204,9.3408,65.9122,18.5343,7.2114,74.3745,12.1151,7.9373,77.7562,13.1264,6.7618,77.4105,14.5971,2019,2019,2019,2019,2019,2019,2019,2019,2019,39.1826,23.5744,35.4979,1.7451,17.1308,32.7081,49.9592,0.2019,46.1618,37.0021,16.5094,0.3233,46.0625,44.1005,9.7149,,71.6416,21.8583,2.2602,3.9298,76.3134,12.4351,3.058,8.191,78.1068,13.7458,1.6189,6.5285,26.2043,5.2698,2.3542,62.8214,14.3544,5.7618,2.6506,74.8631,2019,2019,2019,2019,2019,2019,2019,2016,2016
MEX,Mexico,Latin America & Caribbean,Upper middle income,country,Mexico City,19.427,-99.1276,,131946900.0,24.0910608737303,67.3875047462275,8.52143438004228,48.3954637764632,61.609,45.014,42.498,76.553,57.674,59.962,42.442,2.673,5.714,61707262.0,60057827,SL.TLF.TOTL.IN x (1 - SL.UEM.TOTL.ZS),45.5167,11.4004255375265,24.5203195301158,64.0792516022262,3.0002,10.668,7.7782,6.3591,20.9397,6.4733,13.8788,10.4957,20.407,1.9894,60.278,9,98.01,ISCO-08,59443.691,27.8055,13.6682,72.1945,16699379,8208824,3819137,6406969,18.1101,31.9646,22.4649,Y15-24,proxy_youth_15_24_x_isco,8631317,1563140,15.4128,-9.6954,41.38,4,25868.4787520629,20336734.0,78.299,63965056018.0,5.08886305060689,3255094101,0.3361,522166513335,2025,2025,2025,2026,2026,2026,,2026,2026,,,,,,,,,complete,3.5794,80.5758,12.5023,5.9273,79.5361,10.5794,11.2437,73.341,11.4092,14.8608,74.3317,8.731,17.9069,63.0239,12.6733,8.9374,50.4,20.3791,9.1011,67.5453,16.3232,13.145,72.3493,11.6987,22.5488,58.7081,13.2441,2026,2026,2026,2026,2026,2026,2026,2026,2026,9.4811,24.8583,64.818,0.7735,2.5864,8.3619,88.8446,0.1712,23.5457,41.3182,33.8776,1.1468,17.8056,42.3623,39.0273,0.6306,44.5516,36.1371,13.509,5.6209,56.4154,11.3198,3.0019,29.1053,57.7561,23.8393,8.3909,9.672,56.1413,33.5128,6.8275,3.1629,61.9372,21.6549,4.035,12.0827,2026,2026,2026,2026,2026,2026,2026,2026,2026
MHL,Marshall Islands,East Asia & Pacific,Upper middle income,country,Majuro,7.11046,171.135,,36282.0,33.8942175183287,61.2300865442919,4.87569593737942,63.3220796758947,,,23.642,64.422,55.917,,,,,,12354,ILOSTAT survey total (ISCO base),34.0499,,,,9.2844,13.1132,10.4258,6.1923,19.2326,11.7128,14.0036,5.1724,10.8629,1.0493,,9,98.95,ISCO-08,12.354,39.0157,22.3976,60.9843,4820,2767,765,1620,28.7095,39.6657,42.9407,Y15-24,proxy_youth_15_24_x_isco,,,,-10.3062,,2,8964.32212870807,,84.372,21141842.0924285,1.50269422679599,317697,0.3802,42105339,2025,,,2021,2021,2021,,2021,2021,,,,,,,,,partial — no labor force data,4.272,71.9268,15.0828,9.5679,73.5185,12.284,6.8323,77.6398,11.8789,16.2092,74.1176,8.1046,12.963,74.2424,9.596,19.765,66.4824,9.8825,9.2486,74.6821,11.7919,9.2332,78.4038,10.0156,16.3934,69.3741,10.5067,2021,2021,2021,2021,2021,2021,2021,2021,2021,17.1752,43.2432,32.694,3.1386,6.9136,48.5185,37.284,2.037,17.8571,53.9596,21.2733,2.9503,11.3725,69.4118,14.2484,2.3529,44.4024,45.6229,2.9882,5.4293,67.5881,22.8058,0.8293,8.3621,53.5838,38.2659,1.9075,5.4335,51.3302,37.5587,1.7214,7.6682,47.7645,39.5678,1.4158,9.6125,2021,2021,2021,2021,2021,2021,2021,2021,2021
MKD,North Macedonia,Europe & Central Asia,Upper middle income,country,Skopje,42.0024,21.4361,,1820909.0,16.5297710706471,64.9465125805564,18.5237163487965,53.9728415877668,51.935,30.084,31.204,80.277,54.147,45.57,21.435,12.256,28.75,789369.0,692624,SL.TLF.TOTL.IN x (1 - SL.UEM.TOTL.ZS),38.0373,8.50272495361781,30.6260146103896,60.8712604359926,2.4291,20.2107,11.5267,6.3252,17.948,5.6405,11.3172,13.2487,11.354,0.0061,6.718,9,99.99,ISCO-08,693.184,40.4917,22.6398,59.5084,280455,156809,43810,139984,26.012,44.0135,33.258,Y15-24,proxy_youth_15_24_x_isco,59713,15533,15.2988,-14.4797,59.57,4,28028.5664230631,278578.0,75.085,3551301131.62889,21.5247930087355,764410218,0.4018,7800246980,2025,2025,2025,2025,2025,2025,,2025,2025,,,,,,,,,complete,1.3184,80.9894,15.8629,2.878,83.7784,12.6027,4.8085,76.601,18.2351,8.1058,78.1047,13.7211,10.7577,73.6868,15.2404,5.3608,54.8121,27.9854,8.1034,73.0666,18.1723,5.268,73.5001,20.6222,8.2105,63.6982,24.1487,2025,2025,2025,2025,2025,2025,2025,2025,2025,6.6457,30.5381,62.8162,,0.5168,9.532,89.8977,,0.9286,57.8241,40.9694,,4.0278,67.0339,28.936,,10.1316,74.448,15.1126,,42.6686,46.1572,2.6906,8.4862,23.9965,69.7765,4.6884,1.5386,19.1108,74.9515,4.5558,1.3829,33.7187,50.1118,3.7457,12.4225,2025,2025,2025,2025,2025,2025,2025,2025,2025
MLI,Mali,Sub-Saharan Africa,Low income,country,Bamako,13.5667,-7.50034,,25198821.0,45.7939034966377,51.8430177379526,2.36307876540972,92.8900095064012,67.036,52.717,49.491,72.722,66.519,65.138,50.673,2.831,3.877,9156646.0,8897421,SL.TLF.TOTL.IN x (1 - SL.UEM.TOTL.ZS),35.3089,63.0137141803861,8.58986261093178,28.3964232086821,0.1455,2.4586,2.31,2.6843,23.7068,55.9196,9.7397,0.3846,2.6509,0.0238,30.399,9,99.98,ISCO-08,6940.314,7.5984,2.6041,92.4016,676062,231698,238833,218752,3.4546,9.0438,8.3999,Y15-24,proxy_youth_15_24_x_isco,1632951,56412,12.7884,-4.1438,28.72,4,3502.76132351788,3222526.0,68.743,516357595.638292,33.3417440935702,172162628,0.2013,6273623636,2025,2025,2025,2024,2024,2024,,2024,2024,,,,,,,,,complete,,,,3.5666,80.0009,12.4615,10.2365,76.3914,10.4442,17.9671,72.6859,7.2186,17.8707,72.2307,7.4329,25.2344,60.2599,10.1151,28.7526,61.4044,7.5344,18.9399,76.6473,2.3975,49.6524,42.2363,5.5784,,2024,2024,2024,2024,2024,2024,2024,2024,,,,,3.8678,11.5156,48.9065,35.7101,7.2237,34.8911,30.9184,26.9662,6.1977,21.2409,17.1662,55.3957,4.9319,3.1363,3.4411,88.4907,1.5765,0.5862,0.3672,97.4701,3.7622,4.2239,2.1097,89.9044,,,,,3.3368,2.3997,1.5089,92.7546,,2024,2024,2024,2024,2024,2024,,2024
MLT,Malta,"Middle East, North Africa, Afghanistan & Pakistan",High income,country,Valletta,35.9042,14.5189,,579704.0,12.8992216793025,66.5599875322009,20.5407907884966,50.2403777624005,63.98,55.968,53.255,91.767,63.037,62.127,51.249,2.896,8.431,323052.0,313696,SL.TLF.TOTL.IN x (1 - SL.UEM.TOTL.ZS),54.1131,0.876548020397445,17.7373066562759,81.3861453233266,11.4575,21.6394,13.5733,9.3679,18.4705,0.8479,10.452,6.0134,8.1781,0.0,2.044,9,100.0,ISCO-08,327.62,56.0381,33.0969,43.9619,175789,103824,29387,67882,52.4599,57.4892,45.1983,Y15-24,proxy_youth_15_24_x_isco,26395,13847,8.8845,-3.5782,52.43,4,72210.3392223985,51504.0,89.926,25031434981.259,1.79151712619917,448442445,0.4799,10870740185,2025,2025,2025,2025,2024,2025,,2024,2024,,,,,,,,,complete,0.6833,84.5927,11.8177,6.9801,85.5172,6.2984,9.6328,78.9883,10.2624,17.0013,73.0585,8.5738,13.079,72.793,11.9834,4.7915,56.2112,27.8616,5.905,77.7498,14.0879,5.1263,81.4219,11.5805,7.8075,76.0106,14.8304,2024,2024,2024,2024,2024,2017,2024,2024,2024,5.9457,30.9961,63.0582,,1.575,14.6346,83.7905,,14.3103,52.4088,33.2809,,17.3803,59.9701,22.6496,,33.441,46.9163,19.6427,,61.9616,30.5465,7.4919,,50.3876,42.8732,6.7392,,51.65,37.1281,11.2219,,66.2849,26.3316,7.3835,,2024,2024,2024,2024,2024,2023,2024,2024,2024
MMR,Myanmar,East Asia & Pacific,Lower middle income,country,Naypyidaw,21.914,95.9562,,54850648.0,24.0786362268683,68.3991436163161,7.52222015681565,46.2006615921466,55.088,46.185,45.281,75.391,51.915,53.41,41.656,3.047,9.806,22940495.0,22241498,SL.TLF.TOTL.IN x (1 - SL.UEM.TOTL.ZS),40.5492,44.9546145963458,18.1597725910001,36.8856128126541,0.6299,3.2457,1.2861,3.0358,19.9437,36.3622,12.9805,5.653,16.8631,-0.0,8.731,9,100.0,ISCO-08,22266.0,8.1975,3.8756,91.8025,1823247,861991,675207,721892,6.9279,9.0346,5.8297,Y15-24,proxy_youth_15_24_x_isco,3660236,253577,16.0195,-1.2696,50.37,4,6011.53492175516,8786817.0,69.629,6682540983.24995,2.24040290360038,149715842,0.2087,27904346603,2025,2025,2025,2020,2020,2020,,2020,2020,,,,,,,,,partial — ISCO data 2020 (>5yr old),4.1812,75.1761,17.4291,16.4123,77.9627,5.4701,7.88,78.5354,12.0362,17.2333,77.1226,4.9872,14.7476,70.2837,11.8956,14.2774,68.8989,13.2186,24.7863,68.0901,6.045,15.5186,76.69,7.0085,21.7795,69.6481,7.2803,2020,2020,2020,2020,2020,2020,2020,2020,2020,17.1741,7.8174,73.6344,1.3741,3.3987,5.6406,90.4787,0.4819,36.9009,13.088,43.4226,6.5883,12.8103,14.6198,70.7119,1.8577,58.0148,13.6673,11.6114,16.7066,67.103,4.7401,1.6604,26.4966,67.685,11.4926,4.5066,16.2826,67.8591,13.4408,7.0847,11.6155,65.8356,4.2565,1.3941,28.5138,2018,2018,2018,2018,2018,2018,2018,2018,2018
MNE,Montenegro,Europe & Central Asia,Upper middle income,country,Podgorica,42.4602,19.2595,,623129.0,17.8804827975326,63.8255082349631,18.2940089675043,56.6770174622531,57.966,43.686,40.06,84.836,63.585,50.099,33.009,13.572,24.438,296618.0,256361,SL.TLF.TOTL.IN x (1 - SL.UEM.TOTL.ZS),41.1409,4.1927094337883,18.2279521645429,77.5793384016688,4.7487,19.5924,13.618,10.3733,23.739,3.4072,8.675,8.1705,7.6759,0.0,1.534,9,100.0,ISCO-08,281.048,48.3324,24.3411,51.6676,123905,62401,26593,50227,28.6058,50.9754,46.4073,Y15-24,proxy_youth_15_24_x_isco,,,,-19.7266,56.48,3,35422.6449824931,,85.61,3072191651.81709,6.30251744571124,193625415,0.4586,4164539579,2025,2025,2025,2024,2024,2024,,2024,2024,,,,,,,,,complete,6.892,55.6782,29.2147,2.2955,80.6734,14.9699,6.6078,74.7733,17.3856,9.8271,77.1592,11.8509,14.4084,71.8772,13.0415,2.5584,55.7375,26.2088,10.6025,64.296,23.5839,7.4293,76.8367,15.0024,12.5759,70.8015,15.0234,2023,2024,2024,2024,2024,2020,2024,2024,2024,1.5822,53.8144,44.6103,,,,,,,,,,2.7067,76.447,20.8463,,2.4974,85.4939,12.0108,,46.8591,49.5317,3.0762,0.533,10.702,86.9066,2.3871,,2.9179,88.1589,8.9175,,23.0332,71.406,2.0604,3.5004,2017,,,2020,2020,2020,2020,2020,2020
MNG,Mongolia,East Asia & Pacific,Upper middle income,country,Ulaanbaatar,47.9129,106.937,,3568978.0,31.5602200676694,63.0087145659776,5.43106536635296,58.7082165471123,59.689,28.44,27.134,83.498,46.671,56.565,25.11,5.233,11.71,1457964.0,1381669,SL.TLF.TOTL.IN x (1 - SL.UEM.TOTL.ZS),38.7133,27.0038543570098,23.0902277948495,49.9059178481407,8.1209,17.6844,3.3476,2.7426,14.3799,23.3132,11.0394,10.7958,8.5763,0.0149,8.401,9,99.99,ISCO-08,1359.315,31.8955,25.8053,68.1046,440690,356544,37894,244340,29.9216,34.1413,17.2588,Y15-24,proxy_youth_15_24_x_isco,125869,37662,14.0453,-1.9739,59.4,4,20797.7652692242,501272.0,76.471,1604320258.67392,3.85199323534364,61798308,0.3278,9419538708,2025,2025,2025,2025,2025,2025,,2025,2025,,,,,,,,,complete,5.2506,85.4658,7.8949,8.7459,86.2875,3.8492,9.4673,86.054,4.4787,5.0992,88.3315,6.3197,10.9911,79.3936,8.2535,7.0082,74.6305,14.551,8.5279,80.5151,9.3543,5.6402,84.804,8.9718,10.7987,72.2326,15.2334,2025,2025,2025,2025,2025,2025,2025,2025,2025,0.5707,17.9159,81.3956,,0.1169,6.8989,92.9568,,2.1361,37.678,59.0893,,0.9067,40.2361,58.3691,0.4882,4.2611,63.2625,31.7361,0.7408,39.0211,43.0852,4.7476,13.1461,5.6964,76.5667,16.5327,1.2035,1.7935,83.8922,13.7841,0.5308,15.5731,73.255,8.161,3.01,2025,2025,2025,2025,2025,2025,2025,2025,2025
MNP,Northern Mariana Islands,East Asia & Pacific,High income,country,Saipan,15.1935,145.765,,43541.0,21.2250663175664,67.9861278579713,10.7888058244623,47.0914127423823,,,,,,,,,,,,,,,,,,,,,,,,,,,,0,,,,,,,,,,,,,,,proxy_unavailable,,,,,,0,,,,,,,,,2025,,,,,,,,,,,,,,,,,partial — no ISCO data; no labor force data; no youth x ISCO cross-tab,,,,,,,,,,,,,,,,,,,,,,,,,,,,,,,,,,,,,,,,,,,,,,,,,,,,,,,,,,,,,,,,,,,,,,,,,,,,,,,,,
MOZ,Mozambique,Sub-Saharan Africa,Low income,country,Maputo,-25.9664,32.5713,,35631653.0,44.1685262258251,53.0975927499069,2.73388102426795,88.3324550531064,78.709,64.951,65.129,88.688,84.379,73.493,57.411,6.628,11.61,15658114.0,14620294,SL.TLF.TOTL.IN x (1 - SL.UEM.TOTL.ZS),41.0318,73.0060812164895,6.43994738868829,20.5539713948222,0.2995,2.6227,1.5219,0.4809,10.5457,73.0388,4.7802,2.514,4.1963,0.0168,15.352,9,99.98,ISCO-08,12176.927,4.925,2.9222,95.075,720049,427234,70309,383446,1.4702,7.0697,4.2482,Y15-24,proxy_youth_15_24_x_isco,3002840,44148,14.6792,-3.4548,40.92,4,1697.94109338132,5230426.0,85.658,1146959525.79064,0.794844807336678,9116548,0.1456,3614432346,2025,2025,2025,2022,2022,2022,,2022,2022,,,,,,,,,complete,3.288,74.9889,15.3154,5.3641,87.942,5.897,13.6461,78.9473,6.1385,13.6372,73.5983,9.5196,21.3803,69.5119,6.3773,30.589,53.2489,8.7518,21.7744,69.8234,4.7831,22.0876,71.956,3.9474,36.8837,59.5263,3.0868,2015,2022,2022,2022,2022,2022,2022,2022,2022,22.0491,27.4216,48.9551,,6.5489,44.4128,47.8293,1.0565,26.7854,54.8222,8.7772,9.0249,35.4055,48.6739,11.8508,4.0715,58.0364,18.1016,1.5315,21.3073,35.8856,1.5439,0.0349,61.9571,63.7959,18.6804,1.0942,15.5572,61.4972,18.3157,1.1224,18.5139,45.8016,8.7917,0.3397,44.394,2022,2022,2022,2022,2022,2022,2022,2022,2015
MRT,Mauritania,Sub-Saharan Africa,Lower middle income,country,Nouakchott,18.2367,-15.9824,,5315065.0,42.3845750131537,54.368691104313,3.24673388253332,83.9294038095587,40.772,20.054,25.363,58.465,59.118,36.564,15.457,10.319,22.921,1248560.0,1119721,SL.TLF.TOTL.IN x (1 - SL.UEM.TOTL.ZS),21.0669,32.1227244148495,15.0426181017976,52.8346574833529,,,,,,,,,,,,0,,,,,,,,,,,,,,,proxy_unavailable,,,13.8777,,,2,7675.51996658445,737608.0,70.671,229552472.906335,1.23328853474367,2831044,,,2025,2025,2025,,,2019,,,,,,,,,,,,partial — no ISCO data; no youth x ISCO cross-tab,,,,,,,,,,,,,,,,,,,,,,,,,,,,,,,,,,,,,,,,,,,,,,,,,,,,,,,,,,,,,,,,,,,,,,,,,,,,,,,,,
MUS,Mauritius,Sub-Saharan Africa,Upper middle income,country,Port Louis,-20.1605,57.4977,,1243741.0,14.5371347561795,71.3483108415771,14.1145544022434,40.1575184699365,58.548,38.094,39.453,82.859,51.893,55.249,31.475,5.635,17.374,622328.0,587260,SL.TLF.TOTL.IN x (1 - SL.UEM.TOTL.ZS),47.2172,4.71100587289368,20.6210873119113,74.6679068151951,4.7733,13.1166,12.4006,9.2857,21.16,4.2704,14.7686,6.8101,13.4147,0.0841,,9,99.92,ISCO-08,546.645,39.5762,17.8899,60.4238,232415,105060,54531,77029,38.6126,42.9493,26.5942,Y15-24,proxy_youth_15_24_x_isco,65217,25182,16.6596,-0.9636,78.23,4,33666.64355884,207202.0,79.08,4194631451.2608,4.07725576997817,171025853,0.4019,7945994277,2025,2025,2025,2024,2024,2024,,2024,2024,,,,,,,,,complete,1.3375,78.3812,18.0776,7.8758,84.5665,6.8284,9.8234,76.6592,12.4773,16.8361,75.2167,7.4192,13.8662,68.1067,15.0584,4.3694,63.511,25.1971,9.5984,71.4971,17.3351,4.6284,71.6442,20.9337,9.7844,67.4408,20.7102,2024,2024,2024,2024,2024,2024,2024,2024,2024,3.5603,28.9886,67.451,,1.3445,19.9356,78.72,,5.5055,42.8401,51.6544,,5.1832,59.5469,35.2699,,26.2436,65.0886,8.411,0.2576,67.0922,27.0519,2.3603,3.4998,49.5033,46.6345,2.9641,0.898,48.2123,49.5071,1.8616,0.4217,57.475,39.1049,1.1387,2.2801,2024,2024,2024,2024,2024,2024,2024,2024,2024
MWI,Malawi,Sub-Saharan Africa,Low income,country,Lilongwe,-13.9899,33.7703,,22216120.0,40.1264766333292,57.284943484392,2.58857988227872,74.5659369447606,62.577,46.213,37.373,65.408,56.625,59.403,43.003,5.072,6.947,8323726.0,7901547,SL.TLF.TOTL.IN x (1 - SL.UEM.TOTL.ZS),35.5667,64.9775164281121,7.34349868449811,27.6789722316402,12.2575,5.3506,2.3889,0.6497,18.5893,25.4906,7.0261,2.2982,25.9492,0.0175,18.943,9,99.98,ISCO-08,4979.628,20.6467,17.6081,79.3534,1631409,1391312,51336,422780,16.3677,22.4701,19.924,Y15-24,proxy_youth_15_24_x_isco,1604826,262673,16.7981,-4.279,52.21,4,1899.29166528127,3731894.0,71.137,508031964.5617,31.7026053523627,161059369,0.2565,3849383315,2025,2025,2025,2024,2024,2024,,2024,2024,,,,,,,,,complete,25.3451,66.854,7.8011,13.2496,80.3268,6.4236,19.0993,74.4311,6.4696,17.8542,80.1397,2.003,22.9275,71.2878,5.7849,31.0354,58.3943,10.5703,27.1531,66.4437,6.4031,15.2744,79.4818,5.2438,30.7838,63.2133,6.0029,2024,2024,2024,2024,2024,2024,2024,2024,2024,40.0651,14.6229,7.9629,37.3491,22.6987,22.0911,40.5494,14.6608,33.3356,27.8369,20.4822,18.3453,14.3087,48.2273,25.3099,12.1542,42.936,23.4456,3.3655,30.2531,46.1618,10.5092,0.9059,42.4231,44.6159,22.1493,1.4531,31.7816,43.1755,35.5855,2.3943,18.8448,44.1489,12.4742,0.7122,42.6648,2024,2024,2024,2024,2024,2024,2024,2024,2024
MYS,Malaysia,East Asia & Pacific,Upper middle income,country,Kuala Lumpur,3.12433,101.684,,35977838.0,21.3091653811994,70.6576531919455,8.03318142685505,41.5274856756766,66.12,45.489,46.062,82.988,48.544,63.631,40.052,3.764,11.953,18719406.0,18014808,SL.TLF.TOTL.IN x (1 - SL.UEM.TOTL.ZS),50.072,9.18230248992663,25.9558514796811,64.8618460303923,4.7962,9.9368,9.8696,8.9355,22.8787,7.2362,11.2261,11.9768,13.1441,0.0,,9,100.0,ISCO-08,13852.6,33.5381,14.733,66.4619,6041824,2654122,1609713,1790095,,,,,proxy_unavailable,,,14.822,,,2,41497.6746089548,5332642.0,77.915,53402361577.5143,8.65874213939161,4623972785,0.3731,278919352181,2025,2025,2025,2014,,2022,,,,,,,,,,,,partial — ISCO data 2014 (>5yr old); no youth x ISCO cross-tab,,,,,,,,,,,,,,,,,,,,,,,,,,,,,,,,,,,,,,,,,,,,,,,,,,,,,,,,,,,,,,,,,,,,,,,,,,,,,,,,,
NAM,Namibia,Sub-Saharan Africa,Lower middle income,country,Windhoek,-22.5648,17.0931,,3092816.0,36.6506386654365,59.5563138000589,3.79304753450455,67.9083284336799,58.838,29.344,29.228,77.666,61.335,47.488,18.179,19.291,38.05,1152801.0,930414,SL.TLF.TOTL.IN x (1 - SL.UEM.TOTL.ZS),30.0831,22.3382039197562,16.5470247147778,61.1148788443866,5.3688,8.2259,5.877,6.1131,14.2944,17.4772,13.306,5.012,24.3256,5.0935,14.969,9,94.91,ISCO-88,670.932,25.5848,13.5947,74.4152,238045,126487,56877,76535,16.0054,29.4094,19.9088,Y15-24,proxy_youth_15_24_x_isco,96538,15451,17.1701,-9.5794,64.7,4,11985.7200318677,531041.0,79.006,1289050820.85568,2.01916652214214,26028083,0.2977,3319855647,2025,2025,2025,2018,2018,2018,,2018,2018,,,,,,,,,partial — ISCO-88 fallback (no ISCO-08 series published),4.7389,84.0066,8.1508,5.2799,84.8904,8.6737,6.1804,87.3196,5.6326,13.773,82.031,3.9498,16.8801,76.6751,5.4908,8.4189,49.2043,18.1614,11.1477,79.6626,6.3154,4.4696,87.0521,8.0828,17.8723,71.6043,7.1093,2018,2018,2018,2018,2018,2018,2018,2018,2018,5.891,56.2588,33.6054,2.8067,1.8627,32.4678,64.5624,0.7936,3.3831,58.5808,36.3521,1.1286,3.5597,77.7008,16.5671,0.8046,16.0136,70.3157,5.5043,6.0653,38.5716,29.1046,2.5303,24.1173,18.9742,63.8797,5.2255,9.827,13.0252,73.9822,4.8265,5.9,28.0979,51.9227,2.1059,15.5219,2018,2018,2018,2018,2018,2018,2018,2018,2018
NCL,New Caledonia,East Asia & Pacific,High income,country,Noum'ea,-22.2677,166.464,,295333.0,21.0894143221381,67.1328635811101,11.7777220967518,48.9582124933801,56.421,36.435,37.542,82.245,50.815,50.116,24.371,11.174,33.109,131488.0,116796,SL.TLF.TOTL.IN x (1 - SL.UEM.TOTL.ZS),39.5472,1.78173910065413,20.6479673961437,77.5702935032022,,,,,,,,,,,,0,,,,,,,,,,,,,,,proxy_unavailable,,,,,,1,,,86.198,539983837.501376,3.30335979865087,17837609,,,2025,2025,2025,,,2023,,,,,,,,,,,,partial — no ISCO data; no youth x ISCO cross-tab,,,,,,,,,,,,,,,,,,,,,,,,,,,,,,,,,,,,,,,,,,,,,,,,,,,,,,,,,,,,,,,,,,,,,,,,,,,,,,,,,
NER,Niger,Sub-Saharan Africa,Low income,country,Niamey,13.514,2.1073,,27917831.0,46.2263651499287,51.1556359804599,2.61799886961133,95.4818820710142,79.741,70.765,71.497,85.458,84.012,79.427,70.442,0.394,0.457,11971064.0,11923898,SL.TLF.TOTL.IN x (1 - SL.UEM.TOTL.ZS),42.7107,72.9925082692836,9.2704538186894,17.7370462985117,0.062,1.2904,0.6838,0.5556,16.5398,73.082,3.8909,0.2821,3.6133,0.4919,10.139,9,99.51,ISCO-08,9247.118,2.5918,1.3524,97.4081,309044,161259,66249,153866,7.3822,3.5549,4.7,Y15-24,proxy_youth_15_24_x_isco,2450545,180904,12.4609,4.7904,33.01,4,2177.25014417163,3478812.0,72.539,247645773.113283,28.2723995288989,70015402,0.1454,3774774276,2025,2025,2025,2022,2017,2022,,2022,2022,,,,,,,,,complete,7.7366,71.6885,14.2778,0.9722,72.4569,19.682,1.5403,88.7689,8.3814,,,,18.1485,65.2073,10.8394,31.9211,53.7576,8.7028,19.4399,62.4643,11.4026,4.3749,81.8725,12.1766,33.0542,59.9374,4.542,2017,2022,2022,,2022,2022,2022,2019,2022,,,,,14.2304,22.9907,27.1358,35.643,25.0795,53.2664,15.1878,6.362,24.1704,35.3594,27.5024,12.9678,26.4005,1.0259,0.4967,72.0166,20.4193,0.2711,0.0497,79.2599,31.3553,1.3986,0.3455,66.8637,,,,,,,,,,2022,2022,2022,2022,2022,2022,,
NGA,Nigeria,Sub-Saharan Africa,Lower middle income,country,Abuja,9.05804,7.48906,,237527782.0,40.5197233739162,56.4107403158649,3.06953631021894,77.2712069555623,82.517,64.784,62.74,94.16,93.137,79.988,61.325,3.064,5.34,116581818.0,113009751,SL.TLF.TOTL.IN x (1 - SL.UEM.TOTL.ZS),47.5775,33.5336954038865,17.0098988828439,49.4564057132697,0.7761,4.6119,2.1842,0.9261,29.5076,37.7699,12.1747,5.5448,6.5047,23.269,30.107,9,76.73,ISCO-08,71406.936,8.4983,5.388,91.5017,9603908,6088965,1046583,5211897,3.3482,10.7052,11.4761,Y15-24,proxy_youth_15_24_x_isco,22481146,752714,15.4336,-5.1501,35.11,4,9531.61073275049,36659023.0,74.182,5055337924.91534,2.13595504031639,107979745,0.2275,245055027385,2025,2025,2025,2024,2024,2024,,2024,2024,,,,,,,,,partial — only 77% of employment classified by occupation,6.6896,76.475,10.2654,9.4064,76.1649,11.7642,11.1319,71.6937,12.5758,22.2748,68.3084,7.8103,24.0275,65.9974,6.8243,32.4809,49.1935,10.5498,33.5458,58.5598,5.7212,18.0923,69.775,9.0155,39.1948,54.3608,4.3293,2024,2024,2024,2024,2024,2024,2024,2024,2024,9.3446,49.2384,39.1842,2.2331,5.0237,56.5158,37.6634,0.7971,10.3247,47.1142,40.7827,1.7785,5.1178,50.0191,44.7503,,23.8607,62.6712,7.3719,6.0962,29.227,56.2151,3.8375,10.7204,21.7333,67.9966,7.2731,2.997,27.0965,62.9229,5.8236,4.1569,27.0536,61.0549,3.443,8.4485,2024,2024,2024,2024,2024,2024,2024,2024,2024
NIC,Nicaragua,Latin America & Caribbean,Lower middle income,country,Managua,12.1475,-86.2734,,7007502.0,28.3126497859009,65.989799218038,5.69755099606108,51.538589293453,66.074,52.467,,,,62.744,47.46,5.04,9.543,3319222.0,3151933,SL.TLF.TOTL.IN x (1 - SL.UEM.TOTL.ZS),44.9794,30.4723373460185,16.8782149044979,52.6494477494836,2.0253,5.241,6.7464,2.8384,17.5919,12.5652,11.328,5.9332,35.7306,1.3655,4.211,9,98.63,ISCO-88,2627.977,16.8511,7.2663,83.1489,531135,229029,89464,165193,11.8303,19.4011,15.8966,Y15-24,proxy_youth_15_24_x_isco,614025,72641,18.4627,-5.0208,52.72,4,9283.92301511154,1293774.0,85.64,1298118290.04,19.4358250658517,252300000,0.256,7491149650,2025,2025,2025,2014,2014,,,2014,2014,,,,,,,,,partial — ISCO-88 fallback (no ISCO-08 series published),7.3294,67.9656,14.7095,9.737,81.0924,8.1034,18.8437,71.7324,7.9709,28.1635,68.0493,2.8247,21.4343,63.4506,10.3586,8.0961,59.9958,16.6349,21.8128,66.3695,8.4348,21.6692,69.1775,8.1477,33.0181,59.2765,4.8725,2014,2014,2014,2014,2014,2014,2014,2014,2014,7.1302,14.5367,52.9197,24.6844,2.1092,15.5555,81.3218,,22.8393,53.1527,21.7947,2.1507,22.6268,50.5892,23.9392,2.393,39.5429,28.2944,5.8448,25.3191,24.6994,6.0746,1.0366,65.8402,47.326,23.6791,2.688,25.6627,49.1464,29.5571,2.0183,18.9582,39.0026,12.9896,1.3167,45.4401,2014,2014,2014,2014,2014,2014,2014,2014,2014
NLD,Netherlands,Europe & Central Asia,High income,country,Amsterdam,52.3738,4.89095,,18087633.0,14.9340629566357,64.1971668222159,20.8687702211484,55.7701131647018,67.248,83.298,83.322,89.297,77.625,64.643,75.94,3.874,8.833,10347056.0,9946211,SL.TLF.TOTL.IN x (1 - SL.UEM.TOTL.ZS),54.989,1.70416434849209,13.7561644115326,84.5396712399754,6.0377,33.2231,17.3368,8.2224,16.3474,1.384,6.3502,3.8659,7.2326,0.5224,28.759,9,99.48,ISCO-08,9818.524,64.82,39.2608,35.1801,6447134,3904962,817817,3304440,31.8846,72.0658,65.5294,Y15-24,proxy_youth_15_24_x_isco,1523290,485695,11.09,-32.9354,34.66,4,87320.1477254029,2005912.0,79.624,308043093869.938,9.5248739661686,29340716453,0.5266,457354529642,2025,2025,2025,2025,2024,2025,,2024,2024,,,,,,,,,complete,3.1115,70.7528,22.1954,6.7297,72.3715,16.5187,11.5459,63.8354,20.6175,12.1141,57.5672,24.6858,35.1812,43.1631,17.2283,15.708,51.4474,23.3426,15.3039,60.2079,19.3972,15.3965,53.5553,22.454,47.775,34.5499,13.5445,2024,2024,2024,2024,2024,2024,2024,2024,2024,7.0047,28.7465,62.6916,1.3186,2.8256,16.0637,79.3168,1.5077,10.2712,49.2652,39.2237,0.9639,18.7846,53.2007,25.6824,1.9427,28.6815,55.6492,13.8295,1.3977,28.5412,50.0036,16.6405,3.8037,34.6219,52.3353,8.2921,3.4184,39.229,46.9432,6.9248,5.9215,53.5152,31.7582,7.1882,5.945,2024,2024,2024,2024,2024,2024,2024,2024,2024
NOR,Norway,Europe & Central Asia,High income,country,Oslo,59.9138,10.7387,,5610870.0,15.9239141743008,64.9958625811412,19.080223244558,53.8559621457851,65.606,66.071,67.801,86.04,73.94,62.564,57.202,4.637,13.423,3094897.0,2951387,SL.TLF.TOTL.IN x (1 - SL.UEM.TOTL.ZS),52.6012,2.50061616929661,17.8353710590099,79.6640127716935,7.6656,29.6223,15.7028,6.0361,20.8866,2.1465,8.1519,6.195,3.5932,1.878,11.398,9,98.12,ISCO-08,2856.648,59.0268,37.2879,40.9732,1742109,1100510,178149,874269,25.8103,65.0625,61.9901,Y15-24,proxy_youth_15_24_x_isco,370075,95517,11.5305,-33.2165,36.0,4,104043.666429243,646961.0,79.442,63450491823.2573,8.93048545887475,5666436946,0.5007,153751513453,2025,2025,2025,2025,2024,2025,,2024,2024,,,,,,,,,complete,1.3586,66.023,27.3033,4.0445,75.1675,16.4951,7.0908,69.7701,18.4837,15.875,63.6894,17.0526,29.0724,51.1272,14.091,21.2669,45.4003,22.5646,17.8138,63.1556,16.2314,10.3936,59.1107,22.7567,23.3333,55.9606,15.4181,2024,2024,2024,2024,2024,2024,2024,2024,2024,10.1971,32.1276,57.459,,2.21,10.1944,87.4455,,9.4868,32.6937,57.739,,21.6489,44.9245,33.1598,,31.39,48.0867,19.9343,,35.4003,50.3958,13.7123,,20.8182,67.988,9.9076,,34.935,52.8726,10.1905,,41.4558,38.312,16.1538,2.3226,2024,2024,2024,2024,2024,2024,2024,2024,2024
NPL,Nepal,South Asia,Lower middle income,country,Kathmandu,27.6939,85.3157,,29618118.0,28.0519719053718,65.3238393696021,6.62418872502616,53.0834685604877,39.244,27.303,29.503,52.424,30.485,35.137,21.69,10.465,20.559,8362760.0,7487597,SL.TLF.TOTL.IN x (1 - SL.UEM.TOTL.ZS),25.2805,22.9119744042875,31.2794891328272,45.8085364628854,1.1463,7.861,4.2653,2.9876,22.8527,17.3477,18.8398,5.183,19.5167,0.0,21.858,9,100.0,ISCO-08,7375.598,16.2602,9.0073,83.7399,1217498,674430,223699,588600,14.0671,18.259,10.0606,Y15-24,proxy_youth_15_24_x_isco,1477681,207867,23.0019,-2.1931,71.7,4,6175.15897150244,6812730.0,67.666,1897132943.95125,7.0507799391948,133762669,0.268,12391543280,2025,2025,2025,2017,2017,2017,,2017,2017,,,,,,,,,partial — ISCO data 2017 (>5yr old),1.8085,79.9759,11.6781,14.6402,79.4232,5.1858,14.1503,77.9918,5.7106,25.0033,68.951,4.3285,16.8289,70.6564,7.7569,15.0675,61.0869,14.9054,19.7131,68.5289,8.7093,19.0877,74.2558,4.451,21.7476,64.8951,9.9642,2017,2017,2017,2017,2017,2017,2017,2017,2017,10.1416,33.7899,54.5391,,0.9231,42.9171,55.5242,0.6356,5.5568,52.6975,36.935,4.8107,9.5786,62.564,25.6373,2.2201,27.9166,46.905,5.895,19.2834,29.2756,19.8065,0.9888,49.9291,46.7245,24.6195,1.1859,27.4702,49.4157,33.8365,2.545,14.2031,35.4626,15.3948,0.5183,48.6243,2017,2017,2017,2017,2017,2017,2017,2017,2017
NRU,Naoero,East Asia & Pacific,High income,country,Yaren District,-0.5477,166.920867,,12025.0,37.1543802752484,59.8353498815018,3.01026984324976,67.1299513551077,,,33.76,36.968,35.176,,,,,,2519,ILOSTAT survey total (ISCO base),20.948,,,,4.8035,13.8547,15.7205,10.5994,23.6602,2.3819,6.3914,5.6372,16.9512,0.9827,,9,99.02,ISCO-08,2.519,44.9781,18.6582,55.0219,1133,470,267,349,51.6768,42.2615,41.5254,Y15-24,proxy_youth_15_24_x_isco,,,,6.6987,,2,14200.486778198,,87.952,64551846.645547,,,0.4358,15589013,2025,,,2024,2024,2024,,2024,2021,,,,,,,,,partial — no labor force data,10.9848,77.2727,8.3333,39.255,50.4298,10.6017,22.4747,59.596,11.6162,27.7154,68.5393,3.7453,22.3154,67.1141,7.3826,,,,20.3488,72.6744,6.3953,14.7887,70.4225,14.7887,26.6979,66.7447,5.1522,2021,2024,2024,2024,2024,,2021,2024,2024,,,,,,,,,45.7071,19.9495,6.8182,25.2525,,,,,,,,,,,,,,,,,,,,,,,,,,,2024,,,,,,
NZL,New Zealand,East Asia & Pacific,High income,country,Wellington,-41.2865,174.776,,5324700.0,17.877542961127,64.5131503861746,17.6093066526984,55.0071729412436,70.352,65.773,64.2,87.988,79.64,66.781,56.331,5.076,14.355,3076335.0,2920180,SL.TLF.TOTL.IN x (1 - SL.UEM.TOTL.ZS),54.8422,5.41826375579813,19.9378176818598,74.6438838430131,,,,,,,,,,,,0,,,,,,,,,,,,,,,proxy_unavailable,,,11.5518,,,2,57350.3627657521,615099.0,83.42,19511515359.8026,5.67407278723226,1107097583,,,2025,2025,2025,,,2025,,,,,,,,,,,,partial — no ISCO data; no youth x ISCO cross-tab,,,,,,,,,,,,,,,,,,,,,,,,,,,,,,,,,,,,,,,,,,,,,,,,,,,,,,,,,,,,,,,,,,,,,,,,,,,,,,,,,
OMN,Oman,"Middle East, North Africa, Afghanistan & Pakistan",High income,country,Muscat,23.6105,58.5874,,5494691.0,24.3203302970085,72.9926305228083,2.6870391801832,37.0001396258028,68.377,40.61,33.511,82.323,59.004,66.154,34.972,3.251,13.885,2843365.0,2750927,SL.TLF.TOTL.IN x (1 - SL.UEM.TOTL.ZS),50.0652,5.94780282197014,39.4354242133981,54.6167366130906,,,,,,,,,,,,0,,,,,,,,,,,,,,,proxy_unavailable,,,10.6205,,,2,42295.1761223734,583565.0,82.012,5636799524.7052,6.9797490103033,393434459,,,2025,2025,2025,,,2022,,,,,,,,,,,,partial — no ISCO data; no youth x ISCO cross-tab,,,,,,,,,,,,,,,,,,,,,,,,,,,,,,,,,,,,,,,,,,,,,,,,,,,,,,,,,,,,,,,,,,,,,,,,,,,,,,,,,
PAK,Pakistan,"Middle East, North Africa, Afghanistan & Pakistan",Lower middle income,country,Islamabad,30.5167,72.8,,255219554.0,36.244101546694,59.3940359691365,4.36186248416949,68.3670728422197,52.335,43.176,45.489,64.935,52.636,49.498,39.034,5.42,9.594,85158214.0,80542639,SL.TLF.TOTL.IN x (1 - SL.UEM.TOTL.ZS),31.5582,36.2295491854662,25.2554862685016,38.514965787622,2.3025,6.0248,4.3862,1.7523,16.835,29.5332,13.2419,8.1511,17.7731,0.0424,,9,99.96,ISCO-08,77608.61,14.4658,8.3273,85.5343,11651137,6707027,1411349,4852533,10.9293,16.0835,14.3197,Y15-24,proxy_youth_15_24_x_isco,15254804,1667243,15.3126,-3.5365,48.26,4,6573.41613369925,39080811.0,68.392,9086005566.14658,46.059844114479,4185000000,0.2353,124577298508,2025,2025,2025,2025,2025,2025,,2025,2025,,,,,,,,,complete,10.5837,74.2859,11.781,21.8103,69.2255,7.8042,16.7756,71.8978,9.4355,17.2014,74.9329,7.3861,25.74,62.1385,9.1459,23.119,60.6839,11.1147,28.3069,63.4279,6.4697,19.6281,71.3348,7.4475,26.0987,64.1033,7.8828,2025,2025,2025,2025,2025,2025,2025,2025,2025,19.8738,29.57,34.9675,15.1771,9.2972,26.4251,54.1411,9.673,21.0414,40.1308,26.0843,12.6964,9.3499,45.9756,40.2646,4.3805,35.7071,34.3365,7.3525,22.6039,24.3796,16.3532,2.6913,56.572,41.1859,24.1945,3.226,31.3935,41.9615,25.1655,2.8425,30.0118,30.7155,15.9534,2.0466,51.2714,2025,2025,2025,2025,2025,2025,2025,2025,2025
PAN,Panama,Latin America & Caribbean,High income,country,Panama City,8.99427,-79.5188,,4571189.0,24.5261681369989,65.8167820232329,9.65704983976816,51.9369077414487,66.304,45.005,42.847,83.469,67.653,60.761,36.108,8.36,19.768,2287522.0,2096285,SL.TLF.TOTL.IN x (1 - SL.UEM.TOTL.ZS),45.8586,16.0402330789945,17.0077064902912,66.9520127272771,5.0846,11.8347,7.6156,5.8756,20.1326,9.6437,13.8259,7.4561,18.5312,0.0,,9,100.0,ISCO-08,1968.566,30.4105,16.9193,69.5895,637491,354677,123169,248089,18.679,33.2348,30.529,Y15-24,proxy_youth_15_24_x_isco,230198,42999,13.9466,-11.7315,49.32,4,43902.1632084954,637526.0,78.518,20194027092.08,2.48257752990051,501332379,0.3425,31520770324,2025,2025,2025,2025,2025,2025,,2025,2025,,,,,,,,,complete,3.0182,67.4626,20.3798,4.5379,64.6629,20.3577,9.7546,68.8939,16.1294,14.4408,69.2785,11.4296,15.0256,63.342,15.0445,18.293,43.0013,16.8761,10.5117,61.1025,19.7114,6.0594,65.9222,20.1657,17.4842,57.8432,17.6928,2025,2025,2025,2025,2025,2025,2025,2025,2025,7.1773,29.5073,62.9219,0.3936,1.1293,10.8656,87.8814,,6.4001,45.4525,47.8078,0.3395,8.5445,56.9585,34.1953,,34.2095,49.5702,12.7535,3.4474,54.7063,16.3751,3.476,25.4073,41.9591,44.7177,7.2473,6.0759,36.7082,53.7979,7.157,2.3368,54.3328,32.839,4.2407,8.4384,2025,2025,2025,2025,2025,2025,2025,2025,2025
PER,Peru,Latin America & Caribbean,Upper middle income,country,Lima,-12.0931,-77.0465,,34576665.0,23.6140674642855,66.9193717786258,9.46656075708863,49.4335606299582,72.856,55.234,52.52,85.352,78.534,69.127,50.013,5.117,9.453,19242514.0,18257875,SL.TLF.TOTL.IN x (1 - SL.UEM.TOTL.ZS),52.804,23.1345727852088,16.7867526707018,60.0786745440895,0.6748,8.8236,7.2463,5.7296,17.8126,11.5987,9.3674,8.2321,30.5149,-0.0,118.719,9,100.0,ISCO-08,17717.438,22.4743,9.4984,77.5257,4103330,1734206,1046103,1611002,15.1114,26.086,20.3254,Y15-24,proxy_youth_15_24_x_isco,2827606,427291,16.3513,-7.3629,48.9,4,18816.1045522938,5653743.0,82.981,7642959671.62033,2.28860972917153,174917519,0.2962,101757165548,2025,2025,2025,2025,2025,2025,,2025,2025,,,,,,,,,complete,0.371,66.7657,23.0866,3.3928,76.061,15.5199,12.4002,74.518,9.0918,16.6689,70.6183,8.8827,21.1042,58.245,12.0297,2.7344,56.8104,18.9266,12.7478,63.5792,14.2101,7.5196,75.3239,12.1237,20.3338,58.8883,12.7283,2024,2025,2025,2025,2025,2025,2025,2025,2025,0.4048,18.2832,81.3087,,0.161,11.8402,87.9959,,2.1547,69.9319,27.44,0.4734,1.8075,64.3768,33.5271,0.2884,19.083,67.3118,7.0292,6.576,38.8729,28.556,1.4135,31.1575,20.3899,69.3965,3.6704,6.5431,17.4739,76.0896,3.02,3.4166,31.9817,50.2864,2.2123,15.5195,2025,2025,2025,2025,2025,2025,2025,2025,2025
PHL,Philippines,East Asia & Pacific,Upper middle income,country,Manila,14.5515,121.035,,116786962.0,27.1388610693595,67.1371327086275,5.72400622201301,48.9488685879186,61.35,31.695,31.59,76.301,67.291,59.979,29.463,2.235,7.041,52204133.0,51037371,SL.TLF.TOTL.IN x (1 - SL.UEM.TOTL.ZS),43.7013,20.4878884895503,19.9641083102109,59.5480051595847,4.0152,5.7256,4.2445,7.5217,23.5663,11.1744,7.16,8.4573,28.1349,0.0,92.34,9,100.0,ISCO-08,46846.178,21.507,9.7408,78.4929,10976607,4971448,3838878,2922196,16.4367,23.975,16.3034,Y15-24,proxy_youth_15_24_x_isco,5680012,933607,16.5074,-5.0703,50.07,4,12576.9867435109,19278458.0,68.056,51486248934.7225,17.1456151252185,8827634085,0.3036,194879728366,2025,2025,2025,2023,2023,2023,,2023,2023,,,,,,,,,complete,3.0145,71.3604,17.012,7.6214,82.949,8.2973,8.7944,77.6916,9.9889,15.3042,79.1027,4.6298,12.4311,70.3533,11.9502,4.3897,59.4202,21.4357,8.1301,73.8799,13.1238,6.9113,79.4185,10.8615,21.316,64.8456,10.0947,2023,2023,2023,2023,2023,2023,2023,2023,2023,29.3087,8.8738,58.7987,3.0188,1.5135,1.1845,97.2628,0.0392,25.8455,11.4571,61.3272,1.3703,17.0326,13.0058,69.3209,0.6407,56.2937,14.0414,23.7236,5.9413,54.9072,4.32,7.6037,33.1691,69.4211,9.4785,10.951,10.1495,68.4761,10.7308,13.1128,7.6802,66.2792,8.7287,6.5711,18.4209,2023,2023,2023,2023,2023,2023,2023,2023,2023
PLW,Palau,East Asia & Pacific,High income,country,Koror,7.34194,134.479,,17663.0,17.9363057324841,70.2307147912243,11.8329794762916,42.3861346231358,,,31.83,87.913,64.083,,,,,,9555,ILOSTAT survey total (ISCO base),54.0961,,,,10.3925,14.1392,15.0392,8.54,22.2815,0.9942,11.6065,2.7316,14.2752,0.1567,,9,99.84,ISCO-08,9.555,48.1109,24.5317,51.889,4597,2344,816,1351,44.3609,51.2121,42.1019,Y15-24,proxy_youth_15_24_x_isco,,,,-3.75,,2,23051.6787122681,,79.395,61894000.0,0.264969140789091,164000,0.4402,96957919,2025,,,2023,2020,2023,,2023,2023,,,,,,,,,partial — no labor force data,6.8479,75.1259,14.5015,4.0711,76.6099,15.7661,3.2011,80.0974,13.7091,10.5392,75.6127,13.1127,10.4274,67.7783,12.9638,4.3597,54.7684,25.6131,3.8251,78.051,14.7541,4.1379,71.3793,20.0,5.7918,63.4897,27.566,2023,2023,2023,2023,2023,2020,2020,2020,2023,1.6746,33.9713,63.2775,0.7177,3.1088,58.9193,37.6758,,9.325,70.4245,18.1628,,5.0245,77.0833,17.2794,,11.4608,82.3391,4.5561,1.644,22.6158,50.9537,12.5341,13.624,9.2896,73.0419,12.7505,4.918,10.3448,78.9655,8.2759,2.4138,19.868,67.0088,3.2258,9.6041,2020,2023,2023,2023,2023,2020,2020,2020,2023
PNG,Papua New Guinea,East Asia & Pacific,Lower middle income,country,Port Moresby,-9.47357,147.194,,10762817.0,33.145602122567,63.2663270220055,3.58807085542753,58.0619655147954,52.07,28.198,28.648,64.997,62.228,50.731,27.131,2.571,3.785,3746653.0,3650327,SL.TLF.TOTL.IN x (1 - SL.UEM.TOTL.ZS),33.9161,36.86247684461,7.87146286179526,55.2660602935947,2.1842,9.725,2.7663,1.801,23.2063,37.3797,5.5329,4.0902,13.3144,0.0294,7.964,9,99.97,ISCO-08,3991.969,16.4765,11.9092,83.5235,601446,434725,65742,354994,5.102,19.4026,16.9638,Y15-24,proxy_youth_15_24_x_isco,417492,21300,14.2974,-11.3745,25.19,4,5214.768271628,1538799.0,79.072,75209663.5660582,0.261104188296789,196376,0.2553,4859791085,2025,2025,2025,2022,2022,2022,,2022,2022,,,,,,,,,complete,2.7456,77.2195,13.2396,5.46,85.4286,7.4198,5.983,74.9504,12.8091,6.426,85.0671,6.6667,17.3525,71.045,7.9543,20.3359,64.8266,9.4873,10.0222,77.6642,9.0632,14.0723,72.8861,11.2422,26.0208,63.8151,6.8812,2022,2022,2022,2022,2022,2022,2022,2022,2022,28.7018,14.0871,42.8532,14.3578,18.0998,11.7768,65.9819,3.8901,36.7793,14.1521,38.9064,10.1622,26.376,30.2997,38.7106,4.067,51.8593,10.0021,4.9388,32.6071,48.8948,5.0583,2.0441,43.7017,48.4108,28.9292,6.7053,15.2669,53.3391,15.7302,3.5749,26.3471,50.8995,7.0342,3.1537,38.4664,2022,2022,2022,2022,2022,2022,2022,2022,2022
POL,Poland,Europe & Central Asia,High income,country,Warsaw,52.26,21.02,,36435861.0,14.4603840660905,64.7857886031795,20.75382733073,54.3548387096774,58.312,32.03,30.468,89.571,61.865,56.577,28.603,2.976,10.699,18174157.0,17633294,SL.TLF.TOTL.IN x (1 - SL.UEM.TOTL.ZS),48.3954,6.22256646634498,30.0253374100149,63.7521015412052,7.4598,24.4894,13.6386,7.9381,12.3257,6.2261,14.2427,9.0765,4.6031,0.7289,158.977,9,99.27,ISCO-08,17006.409,53.5259,31.9492,46.4741,9438379,5633696,1399749,4318288,39.0328,56.4568,42.9056,Y15-24,proxy_youth_15_24_x_isco,1259756,491718,12.0878,-14.4931,47.36,4,54262.4040405236,4404280.0,82.011,130947000000.0,16.8862211429051,22112000000,0.4558,436120800174,2025,2025,2025,2025,2025,2025,,2025,2025,,,,,,,,,complete,1.2777,82.2579,12.6826,2.2039,82.1319,11.9963,5.355,79.0354,12.7455,9.5867,78.4304,10.2253,10.5872,72.265,14.1571,3.3885,65.1306,25.4455,6.5401,73.8101,18.1633,4.7643,75.6574,17.9575,9.5912,65.5932,22.0617,2025,2025,2025,2025,2025,2025,2025,2025,2025,4.9594,27.6012,67.4395,,0.2608,8.8255,90.9136,,5.6643,42.1519,52.1838,,11.1594,45.8247,43.0158,,24.7045,55.7448,19.5319,,50.3158,39.3393,10.314,,51.1085,40.7334,8.1026,0.0555,42.0709,49.3037,8.5813,,55.7352,38.2661,5.6563,0.3424,2025,2025,2025,2025,2025,2025,2025,2025,2025
PRI,Puerto Rico (US),Latin America & Caribbean,High income,country,San Juan,18.23,-66.0,,3184835.0,11.2396433147636,63.487486977595,25.2728697076413,57.5113305228757,42.779,21.679,31.856,70.094,37.522,40.216,18.647,5.991,13.984,1209307.0,1136857,SL.TLF.TOTL.IN x (1 - SL.UEM.TOTL.ZS),35.6959,1.13900561709703,14.7196170641295,84.1413773187735,7.2612,17.3941,11.502,16.8975,22.538,0.85,12.4579,7.9885,3.1109,-0.0,0.619,9,100.0,ISCO-08,1028.644,53.0548,24.6553,46.9453,603157,280296,192100,197746,43.9579,54.2771,52.561,Y15-24,proxy_youth_15_24_x_isco,,,,-9.0969,66.03,3,52195.5534213472,,64.881,,,,0.493,29254067976,2025,2025,2025,2020,2020,2020,,2020,2020,,,,,,,,,partial — ISCO data 2020 (>5yr old),1.9078,72.8137,18.5776,3.5071,75.0474,15.7319,5.056,78.6308,13.2916,15.2375,71.434,10.8949,13.6402,69.2477,12.7146,10.6828,67.7113,16.5733,5.9198,70.9006,18.6739,7.8469,75.8948,12.4311,14.4313,69.4094,12.9469,2020,2020,2020,2020,2020,2020,2020,2020,2020,2.2974,22.5914,74.2529,0.3615,0.0922,5.5845,94.2573,0.0486,0.9661,27.8156,70.8921,0.1902,1.0546,47.2059,51.4047,0.2434,3.8588,56.3821,38.5919,0.5676,28.2283,56.754,11.5063,1.2238,9.9448,65.3936,21.7773,1.3656,4.3749,61.3681,33.0181,0.6937,12.2344,68.8375,15.5469,1.2063,2020,2020,2020,2020,2020,2020,2020,2020,2020
PRK,"Korea, Dem. People's Rep.",East Asia & Pacific,Low income,country,Pyongyang,39.0319,125.754,,26571036.0,18.9282698851435,68.3616500997242,12.7100800151323,46.2808430931296,82.152,78.492,,,,79.24,72.292,3.545,7.899,17696854.0,17069501,SL.TLF.TOTL.IN x (1 - SL.UEM.TOTL.ZS),64.241,54.0792644304348,22.4058715555913,23.5148640139739,,,,,,,,,,,,0,,,,,,,,,,,,,,,proxy_unavailable,,,15.1419,,,2,,4023348.0,,,,,,,2025,2025,2025,,,,,,,,,,,,,,,partial — no ISCO data; no youth x ISCO cross-tab,,,,,,,,,,,,,,,,,,,,,,,,,,,,,,,,,,,,,,,,,,,,,,,,,,,,,,,,,,,,,,,,,,,,,,,,,,,,,,,,,
PRT,Portugal,Europe & Central Asia,High income,country,Lisbon,38.7072,-9.13552,,10804871.0,12.7139902880698,62.3433903356215,24.9426193763087,60.4019255586633,58.161,34.732,34.657,92.293,73.232,54.576,27.709,6.164,20.221,5485246.0,5147135,SL.TLF.TOTL.IN x (1 - SL.UEM.TOTL.ZS),47.6372,2.77622589812165,24.5509064130881,72.6728676887903,6.073,23.5946,11.8007,9.2465,18.741,2.0057,12.6375,7.4707,8.4303,-0.0,22.746,9,100.0,ISCO-08,5252.587,50.7148,29.6676,49.2852,2610359,1527031,475930,1214446,39.4806,53.6407,44.9685,Y15-24,proxy_youth_15_24_x_isco,318316,125673,10.6321,-11.2342,54.95,4,53145.7317498942,1148782.0,83.391,62690008146.2676,8.46870124273546,5309029499,0.46,125832197756,2025,2025,2025,2025,2025,2025,,2025,2025,,,,,,,,,complete,1.2407,69.8552,21.0319,4.5367,75.724,15.5637,4.9834,72.5132,19.0253,5.6278,72.6819,19.0529,9.6417,67.7873,18.2679,2.8439,52.6266,31.9887,5.3451,65.9954,23.706,4.4317,71.1054,21.3004,7.0559,59.2952,27.8435,2025,2025,2025,2025,2025,2025,2025,2025,2025,18.4791,23.0126,58.3921,0.1165,0.8659,7.4732,91.6609,,15.2068,48.6939,36.0163,0.083,17.0551,58.5517,24.3567,0.0366,37.8498,51.0853,10.7457,0.3193,68.7097,23.3385,5.2276,2.7242,61.3871,33.2648,4.1698,1.1784,61.7804,33.217,4.5081,0.4947,61.0568,31.1525,5.2263,2.5644,2025,2025,2025,2025,2025,2025,2025,2025,2025
PRY,Paraguay,Latin America & Caribbean,Upper middle income,country,Asuncion,-25.3005,-57.6362,,7013078.0,28.3712036548862,64.9102123853615,6.71858395975233,54.0589789034059,70.247,56.342,56.739,85.873,70.653,66.873,49.757,4.803,11.687,3528777.0,3359290,SL.TLF.TOTL.IN x (1 - SL.UEM.TOTL.ZS),47.9004,15.9653736870385,18.9507917583898,65.0838345545717,4.0386,8.24,8.5977,5.2616,22.2576,10.3897,14.5753,6.1615,20.4781,0.0178,8.736,9,99.98,ISCO-08,3174.995,26.1379,12.2786,73.8622,878048,412474,176752,276805,20.4332,30.023,18.8672,Y15-24,proxy_youth_15_24_x_isco,678440,138627,19.4423,-5.7047,60.7,4,20181.4242826808,1363506.0,86.777,3723398525.98581,13.9477721549719,519331143,0.3217,21809734106,2025,2025,2025,2025,2025,2025,,2025,2025,,,,,,,,,complete,3.7824,79.5631,12.9679,3.1909,85.5702,8.2865,15.4299,74.6151,7.3285,29.7992,62.6847,5.506,19.2582,62.3349,12.1823,10.1109,49.5548,21.2022,14.1323,67.706,12.5963,13.6106,72.6408,9.8969,22.7297,64.4412,8.709,2025,2025,2025,2025,2025,2025,2025,2025,2025,12.7466,39.6361,45.6308,1.8482,0.4088,8.7642,90.827,,12.3946,44.7493,40.1334,2.703,15.3311,58.1206,25.3028,1.0622,39.6781,39.4151,7.8338,12.6214,45.8994,9.3708,1.5951,39.9793,54.4219,29.4697,3.218,12.4291,45.3119,38.2932,4.2337,11.6169,51.3427,24.5663,2.261,20.2492,2017,2016,2017,2017,2017,2017,2017,2017,2017
PSE,West Bank and Gaza,"Middle East, North Africa, Afghanistan & Pakistan",Lower middle income,country,,31.95,35.23,,5413596.0,37.5908894034535,58.5574375946285,3.85167300191802,70.7725051521058,44.991,30.809,32.164,57.598,38.218,34.004,19.689,24.42,36.092,1391230.0,1051492,SL.TLF.TOTL.IN x (1 - SL.UEM.TOTL.ZS),19.4232,6.34335105421142,29.8801128349788,63.7764456981664,4.1862,17.7638,4.7018,1.8624,19.5479,4.3264,20.5716,10.9146,16.1252,0.0,33.158,9,100.0,ISCO-08,686.733,28.5142,21.95,71.4857,299825,230802,19583,186785,12.0006,32.6283,29.0915,Y15-24,proxy_youth_15_24_x_isco,207326,24880,19.4511,-16.5136,58.62,4,4999.71301859773,1053004.0,67.568,606762860.700782,17.6982188745939,107386219,0.3341,1756416568,2025,2022,2022,2025,2025,2025,,2025,2025,,,,,,,,,complete,0.8488,76.5897,18.6691,7.4949,84.3176,6.9579,8.7739,82.0063,8.3124,16.9273,77.7482,4.7068,21.9544,64.9454,9.4464,20.9619,58.0425,14.9675,18.8686,72.417,7.8367,11.6165,76.1454,9.7086,31.0836,62.5338,5.6928,2025,2025,2025,2025,2025,2025,2025,2025,2025,20.6867,18.5613,60.1364,0.6157,0.6271,9.8115,89.5393,,11.394,35.8388,51.8133,0.9539,14.3784,30.8679,54.6364,,50.0998,31.6548,14.824,3.4214,59.9071,17.2731,11.7162,11.107,64.9357,25.8961,6.3693,2.7981,60.1769,28.5829,7.61,3.6316,67.1501,21.5357,5.607,5.7081,2025,2025,2025,2025,2025,2025,2025,2025,2025
PYF,French Polynesia,East Asia & Pacific,High income,country,Papeete,-17.535,-149.57,,282465.0,18.4527286566477,69.5985343316871,11.9487370116652,43.680821193131,52.369,37.675,,,,46.262,23.899,11.662,36.566,120628.0,106560,SL.TLF.TOTL.IN x (1 - SL.UEM.TOTL.ZS),37.725,1.91815016750969,14.3335741969388,83.7482756355515,,,,,,,,,,,,0,,,,,,,,,,,,,,,proxy_unavailable,,,,,,1,,,,1023771808.71154,1.51594215939767,15519788,,,2025,2025,2025,,,,,,,,,,,,,,,partial — no ISCO data; no youth x ISCO cross-tab,,,,,,,,,,,,,,,,,,,,,,,,,,,,,,,,,,,,,,,,,,,,,,,,,,,,,,,,,,,,,,,,,,,,,,,,,,,,,,,,,
QAT,Qatar,"Middle East, North Africa, Afghanistan & Pakistan",High income,country,Doha,25.2948,51.5082,,2972215.0,15.0002960632256,83.2988889044008,1.70081503237359,20.049623922883,87.013,59.697,59.017,94.19,78.372,86.9,59.363,0.13,0.559,2198274.0,2195416,SL.TLF.TOTL.IN x (1 - SL.UEM.TOTL.ZS),73.8646,1.62035055673617,38.0200378963815,60.35965499607,2.7712,15.1422,9.7746,8.7753,10.1313,1.4339,25.0358,13.4368,13.499,0.0,,9,100.0,ISCO-08,2240.506,36.4633,17.9134,63.5368,800521,393274,192654,332434,38.1064,35.4046,50.1077,Y15-24,proxy_youth_15_24_x_isco,76803,29267,4.3529,1.6431,43.69,4,128882.934242572,129378.0,88.015,24350549450.5494,2.37375332821878,578021978,0.371,104975064362,2025,2025,2025,2024,2024,2024,,2024,2024,,,,,,,,,complete,1.5623,80.7467,13.6387,5.0064,87.6049,6.281,10.5274,82.5749,5.8397,17.3307,76.7114,5.2164,16.5697,78.4503,4.094,5.2917,85.7561,7.1344,6.4976,89.5067,3.4662,5.7751,89.0936,4.1727,9.5253,86.9349,2.9774,2024,2024,2024,2024,2024,2024,2024,2024,2024,,,,,,,,,0.0493,45.4196,54.5311,,16.6995,61.3511,21.9494,,46.5933,33.562,19.6963,,,,,,78.3646,15.9548,4.5444,1.1362,76.6004,19.1582,4.2305,,75.5983,20.813,1.8575,1.7312,,,2024,2024,2024,,2024,2024,2024
ROU,Romania,Europe & Central Asia,High income,country,Bucharest,44.4479,26.0979,,19020271.0,15.5552851325905,64.3063104900056,20.1384043774039,55.5057277535752,51.331,25.232,23.84,81.697,59.232,48.255,19.039,5.992,24.544,8244587.0,7750571,SL.TLF.TOTL.IN x (1 - SL.UEM.TOTL.ZS),40.749,10.9455166058844,32.5712709763663,56.4832124177493,2.7475,18.4535,7.4094,5.0811,18.503,7.0856,17.089,13.9563,9.6747,-0.0,41.182,9,100.0,ISCO-08,7653.162,33.6915,21.201,66.3086,2611284,1643199,393814,1430252,17.8369,35.177,26.1425,Y15-24,proxy_youth_15_24_x_isco,427842,76314,11.8147,-15.8546,44.52,4,50895.081617639,2247187.0,82.148,50061495301.2742,26.0080961085331,13020041811,0.3662,144453428557,2025,2025,2025,2025,2024,2025,,2024,2024,,,,,,,,,complete,0.8073,82.8166,15.0891,1.8211,86.0209,11.5837,3.9025,83.1096,12.5992,5.5183,80.5031,13.6187,6.2359,78.0109,15.1029,7.1865,66.3136,20.515,4.2495,74.6961,20.3844,4.3272,79.4918,15.6451,11.2705,74.1671,13.7235,2024,2024,2024,2024,2024,2024,2024,2024,2024,2.6015,34.7365,62.662,,0.1468,16.7306,83.1228,,0.545,62.6403,36.8145,,0.8237,67.8935,31.2828,,7.1539,84.1339,8.6371,0.0752,50.1613,47.646,0.5833,1.6093,10.6617,88.2395,1.0882,,7.3364,90.7147,1.9178,,49.0794,49.3176,0.4847,1.1183,2024,2023,2024,2024,2024,2024,2024,2024,2024
RUS,Russian Federation,Europe & Central Asia,High income,country,Moscow,55.7558,37.6176,,143513328.0,17.027484657309,65.1807279594291,17.7917873832619,53.4195812682232,61.113,28.996,28.767,93.153,64.709,59.809,26.789,2.133,7.613,72771294.0,71219082,SL.TLF.TOTL.IN x (1 - SL.UEM.TOTL.ZS),49.6254,5.10897725869351,25.8324630811929,69.0585484649102,4.7263,28.2228,14.8653,3.6144,15.2745,2.0777,12.5418,12.1049,6.5721,0.0,,9,100.0,ISCO-08,73457.369,51.4288,32.9491,48.571,36627119,23466047,2574142,20100019,40.0477,53.9755,45.0883,Y15-24,proxy_youth_15_24_x_isco,3927799,1572993,10.2165,-11.3811,41.4,4,49568.140625,14661984.0,80.549,46269590000.0,5.8311085099306,2698030000,0.4501,1588941882039,2025,2025,2025,2025,2025,2025,,2025,2025,,,,,,,,,complete,0.7413,76.7437,19.6297,3.3771,81.7285,13.16,6.5317,77.7583,14.1544,6.3417,77.3354,14.6252,8.8274,74.3898,14.7055,7.5525,51.4707,24.9919,4.7544,75.0683,18.0988,3.8581,74.01,20.3019,10.7637,63.8293,20.7947,2025,2025,2025,2025,2025,2025,2025,2025,2025,0.7179,26.5291,72.753,,0.1375,19.0061,80.8564,,0.7905,72.4507,26.7587,,2.342,64.1039,33.5541,,5.0239,80.3203,14.6558,,15.2869,73.6937,11.0194,,4.0336,88.1715,7.7949,,6.1949,85.9248,7.8803,,17.3791,77.7702,4.8508,,2025,2025,2025,2025,2025,2025,2025,2025,2025
RWA,Rwanda,Sub-Saharan Africa,Low income,country,Kigali,-1.95325,30.0587,,14569341.0,37.01944504626,58.9563885887628,4.02416636497719,69.6169080663881,63.681,48.965,57.694,90.33,82.966,56.446,40.931,11.363,16.408,5843274.0,5179303,SL.TLF.TOTL.IN x (1 - SL.UEM.TOTL.ZS),35.5493,35.0513644642127,18.4074129636505,46.5412225721368,0.8035,4.367,1.2739,0.7168,15.2454,30.6091,6.2846,2.4813,38.2184,0.0,,9,100.0,ISCO-08,6416.811,7.1612,5.1705,92.8388,370900,267796,37125,226180,3.3476,9.4516,4.8442,Y15-24,proxy_youth_15_24_x_isco,952715,31893,15.9761,-3.8136,51.5,4,4164.436605809,2327612.0,76.487,1081012493.16779,3.18700596231297,34451933,0.1866,4024752822,2025,2025,2025,2025,2025,2025,,2025,2025,,,,,,,,,complete,4.9808,86.1709,7.2268,10.2664,82.0304,6.1412,12.555,80.357,4.9141,18.753,75.425,4.7067,21.3321,70.9687,5.7312,19.7299,52.1172,14.0713,21.4209,67.571,7.4129,19.5847,76.6834,3.2898,30.0262,60.2259,6.7317,2025,2025,2025,2025,2025,2025,2025,2025,2025,13.8078,15.3555,70.8367,,15.4637,31.7107,52.0605,0.7651,27.1494,26.0729,45.0002,1.7787,13.2984,36.1124,49.9565,,69.8584,19.9813,5.4227,4.7376,78.9263,6.7704,0.8585,13.4448,76.7565,15.4016,3.1651,4.6765,73.6209,19.8027,5.0471,1.5299,83.7007,4.1898,0.1863,11.9233,2025,2025,2025,2025,2025,2025,2025,2025,2025
SAU,Saudi Arabia,"Middle East, North Africa, Afghanistan & Pakistan",High income,country,Riyadh,24.6748,46.6977,,36973555.0,23.6210800290965,73.322138816712,3.05678115419144,36.3844574144974,65.098,31.48,34.63,79.439,53.324,63.12,28.329,3.038,10.01,18383677.0,17825181,SL.TLF.TOTL.IN x (1 - SL.UEM.TOTL.ZS),48.2106,2.49866168091677,23.0708867758353,74.4304575440061,,,,,,,,,,,,0,,,,,,,,,,,,,,,proxy_unavailable,,,14.3293,,,2,73783.5613906833,5298036.0,78.193,69411317973.8731,3.61537453132281,2509479112,,,2025,2025,2025,,,2025,,,,,,,,,,,,partial — no ISCO data; no youth x ISCO cross-tab,,,,,,,,,,,,,,,,,,,,,,,,,,,,,,,,,,,,,,,,,,,,,,,,,,,,,,,,,,,,,,,,,,,,,,,,,,,,,,,,,
SDN,Sudan,Sub-Saharan Africa,Low income,country,Khartoum,15.5932,32.5363,,51662147.0,40.2133389828597,56.3996454076943,3.38701560944597,77.3060775636206,37.523,26.533,25.574,44.479,49.012,34.698,23.349,7.53,12.0,10949089.0,10124623,SL.TLF.TOTL.IN x (1 - SL.UEM.TOTL.ZS),19.5978,39.7749624655953,13.980784241644,46.2442434159355,1.4207,6.5762,1.8037,0.6547,21.4567,34.788,9.051,4.2891,19.9599,9.0717,267.604,9,90.93,ISCO-08,7968.742,10.4553,7.9969,89.5447,1058560,809656,66286,665815,1.0317,13.6164,13.9512,Y15-24,proxy_youth_15_24_x_isco,2190484,22599,18.1593,-9.4236,41.47,4,2192.27221679688,9381489.0,36.338,1550710670.15218,0.0588545658356921,912664,0.2188,4856469420,2025,2022,2022,2022,2022,2022,,2022,2022,,,,,,,,,complete,,,,2.0012,80.3833,14.0207,4.9898,66.2977,23.3831,,,,15.3924,67.5924,11.4832,33.7708,48.6929,10.7106,27.8287,58.3731,8.4258,10.3839,68.6711,11.6981,16.2468,60.0169,10.9519,,2022,2022,,2022,2022,2022,2022,2022,,,,,,,,,,,,,,,,,,,,,12.0837,4.7831,0.3906,77.6928,,,,,16.3419,19.4865,15.7527,41.3105,14.0292,5.6355,3.1473,67.4316,,,,,,2022,,2022,2022
SEN,Senegal,Sub-Saharan Africa,Lower middle income,country,Dakar,14.7247,-17.4734,,18931966.0,37.7428065911695,58.6110270161317,3.64616639269883,70.6163540376813,52.019,31.59,24.671,59.5,52.352,50.596,30.447,2.735,3.616,6131225.0,5963536,SL.TLF.TOTL.IN x (1 - SL.UEM.TOTL.ZS),31.4998,29.5764060033702,22.4987033658158,47.9248738621857,1.0914,10.171,3.2262,5.1774,12.1191,10.4001,27.542,8.708,21.5648,66.7689,33.882,9,33.23,ISCO-08,1517.238,19.666,11.2624,80.334,1172789,671637,308756,606551,3.0861,27.2079,30.3992,Y15-24,proxy_youth_15_24_x_isco,916386,28281,15.8978,-16.5799,24.53,4,5463.21828561328,3009775.0,59.627,1480427185.41815,8.67023419984248,128356504,0.2748,8953011184,2025,2025,2025,2024,2024,2024,,2024,2024,,,,,,,,,partial — only 33% of employment classified by occupation,8.1491,73.3871,9.5201,3.3003,88.3766,7.6193,14.4885,79.0231,6.2494,3.138,87.8122,8.421,21.9692,66.5905,8.1147,44.6244,48.1257,4.3354,46.008,51.4881,2.2753,22.0994,69.4091,7.1805,39.0572,56.0725,4.472,2023,2024,2024,2024,2024,2024,2024,2024,2024,16.2631,12.8571,61.7731,9.1068,14.5984,24.8707,49.9145,6.2916,32.0824,15.2424,36.5299,16.1413,24.9459,18.6127,51.2068,4.4886,28.3816,7.7715,3.6421,60.2042,9.7804,1.3966,1.1304,87.6927,25.631,2.6541,2.5661,69.1488,,,,,24.2612,2.8601,1.2176,71.6225,2024,2024,2024,2024,2024,2023,2024,,2024
SGP,Singapore,East Asia & Pacific,High income,country,Singapore,1.28941,103.85,,6111175.0,11.6891623727803,74.0997998552144,14.2110377720053,34.9531221844161,69.673,33.128,33.747,90.324,73.055,67.709,30.882,2.818,6.781,3760133.0,3654172,SL.TLF.TOTL.IN x (1 - SL.UEM.TOTL.ZS),59.7949,0.0954026681981231,13.9978418315489,85.906755500253,17.899,27.544,19.5217,8.7134,10.8536,0.1048,2.2781,5.6876,7.3978,4.6116,,9,95.39,ISCO-08,2266.852,73.6781,45.443,26.3219,2692325,1660565,318403,1006505,59.1855,84.3299,60.6603,Y15-24,proxy_youth_15_24_x_isco,209722,124125,11.1125,-14.4926,44.43,4,163353.990260152,679106.0,85.141,422347393781.789,7.95533342110377,33599143371,0.547,326517196781,2025,2025,2025,2025,2025,2025,,2025,2025,,,,,,,,,complete,0.1646,75.5715,17.8657,1.9245,84.7182,10.3819,4.6162,74.6138,15.5591,8.3106,53.2227,24.3369,10.5322,48.8725,22.7182,,,,2.7885,39.5713,33.5412,1.3348,42.8721,34.1061,3.0293,23.6121,28.2031,2025,2025,2025,2025,2025,,2025,2025,2025,5.6383,3.8677,87.0043,3.4896,1.8058,2.0619,95.6876,0.4449,12.7665,11.7939,70.6705,4.7692,28.9081,18.6605,38.3052,14.1257,25.7129,25.0894,26.6424,22.5552,16.5404,24.8737,14.4781,44.1498,27.2613,19.7924,15.1178,37.8285,27.6227,20.7748,16.8308,34.7716,18.4075,18.2012,6.9375,56.4539,2025,2025,2025,2025,2025,2025,2025,2025,2025
SLB,Solomon Islands,East Asia & Pacific,Lower middle income,country,Honiara,-9.42676,159.949,,838645.0,36.5575800502119,59.7737065303516,3.66871341943646,67.2975070268847,84.296,70.832,,,,83.089,68.878,1.431,2.759,448502.0,442084,SL.TLF.TOTL.IN x (1 - SL.UEM.TOTL.ZS),52.7141,42.4665559783027,7.57868449744618,49.9547595242512,2.6888,8.9446,3.9228,1.2304,21.8817,47.914,6.8887,3.4088,3.1202,11.7957,,9,88.2,ISCO-08,363.057,16.7866,11.6334,83.2134,74211,51429,5439,39543,7.4127,19.4692,14.4875,Y15-24,proxy_youth_15_24_x_isco,82709,6131,14.3183,-9.3739,27.21,4,2787.61656406214,120080.0,94.794,132632605.966532,1.91641657681291,2541793,0.2473,304762796,2025,2025,2025,2013,2013,,,2013,2013,,,,,,,,,partial — ISCO data 2013 (>5yr old); only 88% of employment classified by occupation,5.5009,84.747,7.4985,7.255,85.1912,6.1896,6.7687,81.3088,9.493,13.8796,77.4793,8.0143,25.7455,64.7131,6.4914,16.3445,70.136,10.2072,13.4026,75.6657,8.3846,13.0818,82.7489,3.8704,18.2115,73.1374,6.965,2013,2013,2013,2013,2013,2013,2013,2013,2013,27.8119,21.1125,50.041,,19.9575,22.2301,56.1772,1.0285,38.1969,22.0615,38.6743,,27.4681,28.8784,42.355,,68.517,17.5233,5.0955,7.1863,75.4896,9.4197,3.1382,10.8701,63.3147,13.2707,19.0124,3.5426,72.8345,19.0449,6.7793,,73.411,14.5304,3.7694,7.7066,2013,2013,2013,2013,2013,2013,2013,2013,2013
SLE,Sierra Leone,Sub-Saharan Africa,Low income,country,Freetown,8.4821,-13.2134,,8819794.0,37.6507206404141,59.0656312380992,3.28364812148674,69.3031935896705,53.372,30.94,42.743,82.083,75.602,51.691,29.789,3.15,3.72,2934968.0,2842517,SL.TLF.TOTL.IN x (1 - SL.UEM.TOTL.ZS),32.2288,44.4935124877838,11.4695388416971,44.0369486705191,0.8288,3.9275,1.0851,0.4598,20.9562,55.9647,6.1775,3.4369,7.1636,1.1598,13.553,9,98.84,ISCO-08,3157.35,6.3012,4.7563,93.6989,179113,135199,13070,111640,2.1478,7.546,8.2953,Y15-24,proxy_youth_15_24_x_isco,393766,8457,14.9873,-4.1534,32.06,4,3716.89410482498,1321852.0,73.469,49597717.8676356,3.16353117936819,1569039,0.1849,1953530382,2025,2025,2025,2018,2018,2018,,2018,2018,,,,,,,,,partial — ISCO data 2018 (>5yr old),8.8317,78.9582,7.9719,4.0925,82.9718,10.6987,19.1973,68.275,11.0771,,,,18.1565,70.2078,7.2688,23.925,61.1929,9.1773,16.3953,75.1723,5.9863,9.9819,84.9331,4.5671,22.3035,67.9574,5.7246,2018,2018,2018,,2018,2018,2018,2018,2018,20.4112,22.4749,18.5883,38.5294,11.1228,61.0849,20.5676,7.2247,27.3292,40.3473,12.0344,20.289,22.2084,60.3017,9.4854,7.9975,31.2104,14.442,0.9048,53.3754,17.157,2.2619,0.0522,80.5085,35.1977,19.4612,0.2692,44.9847,,,,,,,,,2018,2018,2018,2018,2018,2018,2018,,
SLV,El Salvador,Latin America & Caribbean,Upper middle income,country,San Salvador,13.7034,-89.2073,,6365503.0,24.3842866777378,67.3065820564376,8.30913126582456,48.5738966604908,62.107,42.744,44.777,77.329,60.092,60.056,39.406,3.303,7.809,2989409.0,2890669,SL.TLF.TOTL.IN x (1 - SL.UEM.TOTL.ZS),45.4115,13.8525526754496,23.1365844562841,63.0108282742462,1.5344,7.1369,5.216,5.687,28.029,7.621,14.0876,7.5493,23.1387,-0.0,15.472,9,100.0,ISCO-08,2975.466,19.5743,8.6713,80.4256,565828,250659,164392,206304,13.7735,22.8835,14.3139,Y15-24,proxy_youth_15_24_x_isco,556261,76617,22.176,-5.8008,53.16,4,14101.1774819291,1411616.0,77.327,6213512531.67326,7.32702501426194,455265617,0.3058,12464969635,2025,2025,2025,2025,2025,2025,,2025,2025,,,,,,,,,complete,0.8673,77.8194,16.5999,4.6144,81.5418,10.7546,8.4097,76.9492,9.7983,18.7691,75.5594,4.3738,14.0535,65.4653,13.2133,6.8054,48.7904,20.8895,12.6764,65.661,14.4005,12.1704,74.0641,9.3609,19.0638,63.6751,11.3962,2025,2025,2025,2025,2025,2025,2025,2025,2025,9.7094,12.0025,73.1848,4.4462,2.1666,7.5067,86.6959,1.4141,11.9548,21.3452,57.7947,5.9478,7.25,32.9659,53.914,1.8332,29.4574,21.1161,26.5549,22.168,27.9891,6.6092,6.9271,58.2687,40.3258,15.2758,19.8455,24.0197,38.1383,23.8747,23.8395,14.0326,38.0199,14.614,11.0501,36.1593,2025,2025,2025,2025,2025,2025,2025,2025,2025
SMR,San Marino,Europe & Central Asia,High income,country,San Marino,43.9322,12.4486,,34109.0,11.8504728572492,65.0011169856281,23.1484101571226,53.8451129854314,,,27.895,84.306,57.489,,,,,,,,,,,,,,,,,,,,,,,0,,,,,,,,,,,,,,,proxy_unavailable,,,,,,0,78810.3378046111,,77.175,1245438810.927,,,,,2025,,,,,2022,,,,,,,,,,,,partial — no ISCO data; no labor force data; no youth x ISCO cross-tab,,,,,,,,,,,,,,,,,,,,,,,,,,,,,,,,,,,,,,,,,,,,,,,,,,,,,,,,,,,,,,,,,,,,,,,,,,,,,,,,,
SOM,"Somalia, Fed. Rep.",Sub-Saharan Africa,Low income,country,Mogadishu,2.07515,45.3254,,19654739.0,46.5538794486154,50.8286500268459,2.61747052453864,96.7394370384369,33.846,15.837,15.264,43.889,36.719,27.433,10.416,18.948,34.23,3555419.0,2881738,SL.TLF.TOTL.IN x (1 - SL.UEM.TOTL.ZS),14.6618,30.0285519563712,17.7520088390305,52.2194392045983,11.1354,20.9022,3.2481,1.572,5.5454,6.3502,6.742,5.5019,39.0027,0.0,23.866,9,100.0,ISCO-08,1012.339,36.8577,32.0376,63.1422,1062142,923240,45301,602347,40.7465,36.4538,32.1297,Y15-24,proxy_youth_15_24_x_isco,218183,88902,10.6574,3.8888,71.97,4,1642.77032278186,2094687.0,41.45,,,,0.3324,1573592790,2025,2025,2025,2019,2019,2022,,2019,2019,,,,,,,,,partial — ISCO data 2019 (>5yr old),12.6881,78.7453,6.301,18.7584,70.3187,8.1176,12.2955,79.2896,3.7984,,,,7.0291,83.6866,6.737,13.3637,74.4159,8.8822,9.7946,81.4189,5.635,16.7977,76.053,5.8135,15.3688,72.5957,9.4598,2019,2019,2019,,2019,2019,2019,2019,2019,,,,,,,,,,,,,,,,,21.8782,21.3777,8.5468,39.2729,16.0782,9.9524,4.312,65.1355,26.6175,28.6746,7.821,30.9749,25.6921,27.4355,8.5281,32.3064,26.0576,14.2792,8.6805,44.8668,,,,,2019,2019,2019,2019,2019
SRB,Serbia,Europe & Central Asia,Upper middle income,country,Belgrade,44.8024,20.4656,,6549143.0,14.2579001258626,62.6916885968224,23.050411277315,59.5107663170447,59.142,32.095,31.431,87.591,68.352,54.929,25.379,7.123,20.926,3321043.0,3084485,SL.TLF.TOTL.IN x (1 - SL.UEM.TOTL.ZS),47.0975,18.0274369688682,27.0678667880501,54.9047279856067,3.7574,17.7102,11.5026,7.5102,14.2501,16.3281,10.7883,11.4096,6.7433,-0.0,20.314,9,100.0,ISCO-08,3046.231,40.4804,21.4676,59.5194,1248612,662165,231651,546268,28.1203,47.0672,34.9089,Y15-24,proxy_youth_15_24_x_isco,,,,-12.3601,59.18,3,33909.7605745332,,75.143,17233831625.0305,29.8640218665001,5146715245,0.3875,40530232290,2025,2025,2025,2025,2025,2025,,2025,2025,,,,,,,,,complete,1.7596,77.4463,17.6682,2.0842,80.678,15.232,5.0274,75.5006,17.9111,6.5574,77.0315,15.9298,10.1062,70.2202,17.2487,2.8682,30.1535,25.2127,6.6523,72.3804,18.9112,6.4892,74.4326,17.7711,7.163,65.0065,25.1745,2025,2025,2025,2025,2025,2025,2025,2025,2025,1.5114,36.0266,59.6566,,0.1561,8.8794,81.625,,0.4107,57.5884,41.1707,,1.546,65.6183,32.301,,7.1096,77.6304,15.0476,0.0382,41.9713,50.8539,6.4673,0.5545,11.7729,82.2895,5.7897,,11.9313,81.9377,6.049,,35.7106,60.0366,2.5748,1.6785,2025,2025,2025,2025,2025,2025,2025,2025,2025
SSD,South Sudan,Sub-Saharan Africa,Low income,country,Juba,4.85,31.6,,12188788.0,37.9863157846375,58.9383948592756,3.07528935608692,69.6686858180737,73.408,62.744,,,,64.325,51.121,12.374,18.524,5070344.0,4442940,SL.TLF.TOTL.IN x (1 - SL.UEM.TOTL.ZS),36.451,63.7605031614144,1.67202046929201,34.5674763692935,,,,,,,,,,,,0,,,,,,,,,,,,,,,proxy_unavailable,,,,,,1,1154.88686304107,,,484473000.0,7.3564471085076,35640000,,,2025,2023,2023,,,,,,,,,,,,,,,partial — no ISCO data; no youth x ISCO cross-tab,,,,,,,,,,,,,,,,,,,,,,,,,,,,,,,,,,,,,,,,,,,,,,,,,,,,,,,,,,,,,,,,,,,,,,,,,,,,,,,,,
STP,Sao Tome and Principe,Sub-Saharan Africa,Lower middle income,country,Sao Tome,0.20618,6.6071,,240254.0,37.4553597442706,58.6000649312811,3.94457532444829,70.6482750783087,23.342,21.242,32.033,78.462,67.521,21.21,19.374,9.132,8.794,35075.0,31872,SL.TLF.TOTL.IN x (1 - SL.UEM.TOTL.ZS),13.266,12.0607429718875,22.5150602409639,65.4241967871486,0.9161,7.6884,5.2105,1.9764,28.8738,27.0257,12.1525,5.8206,10.336,3.4527,0.412,9,96.55,ISCO-08,50.648,15.7914,8.6045,84.2086,5033,2742,630,2450,8.3432,17.2177,19.957,Y15-24,proxy_youth_15_24_x_isco,7416,619,15.9327,-7.4482,41.98,4,6388.47738664299,38279.0,39.433,88226573.6686897,0.55940196327957,493541,0.2717,55321802,2025,2025,2025,2017,2017,2017,,2017,2017,,,,,,,,,partial — ISCO data 2017 (>5yr old),,,,7.0108,82.1007,9.5275,11.5953,76.0515,8.9807,5.5944,87.7123,6.0939,15.8438,74.5282,6.4004,16.6204,67.9573,9.344,17.8067,74.866,3.7206,13.2293,80.5292,5.19,17.1538,73.3142,7.2397,,2017,2017,2017,2017,2017,2017,2017,2017,,,,,,,,,,,,,,,,,,,,,,,,,,,,,,,,,,,,,,,,,,,,,
SUR,Suriname,Latin America & Caribbean,Upper middle income,country,Paramaribo,5.8232,-55.1679,,639850.0,25.3373446901618,66.4713604751114,8.19129483472689,50.4407300907323,53.823,35.106,37.583,74.704,48.337,49.606,26.176,7.834,25.438,257128.0,236985,SL.TLF.TOTL.IN x (1 - SL.UEM.TOTL.ZS),37.0376,6.97515444080613,26.1034500219424,66.9213955372514,7.4571,12.3042,10.2635,7.9091,19.0635,5.5826,14.3017,9.9001,13.2183,1.2658,1.847,9,98.73,ISCO-08,185.433,37.9339,19.7613,62.0662,89898,46831,18743,29159,28.8599,39.9711,36.9372,Y15-24,proxy_youth_15_24_x_isco,20690,5971,12.3532,-9.074,57.18,4,22652.3952637959,79042.0,81.635,218434340.660169,8.33241788883466,18200862,0.3843,2063029194,2025,2025,2025,2016,2016,2016,,2016,2016,,,,,,,,,partial — ISCO data 2016 (>5yr old),5.836,76.1426,16.3003,4.4092,85.8126,8.9718,10.5874,75.3415,13.0675,14.5302,74.2875,10.1596,11.1202,71.7992,14.7072,12.3551,68.6631,14.4706,15.4827,73.1373,8.6765,10.2571,80.0632,7.9203,14.2385,67.4391,15.0177,2016,2016,2016,2016,2016,2016,2016,2016,2016,,,,,,,,,,,,,,,,,,,,,,,,,,,,,,,,,,,,,,,,,,,,,
SVK,Slovak Republic,Europe & Central Asia,High income,country,Bratislava,48.1484,17.1073,,5413813.0,15.5700735778549,65.3936222540727,19.0363041680723,52.9201296617676,60.422,26.817,25.679,90.266,69.507,57.184,21.875,5.359,18.427,2761816.0,2613810,SL.TLF.TOTL.IN x (1 - SL.UEM.TOTL.ZS),48.2804,2.16304803036499,34.5282254388159,63.3086886994208,5.652,19.4585,16.2076,9.9285,17.0046,0.9248,13.2934,11.4082,6.1224,0.0643,15.072,9,99.94,ISCO-08,2593.901,51.2466,25.1105,48.7534,1339489,656341,259512,508608,30.2533,51.5089,48.949,Y15-24,proxy_youth_15_24_x_isco,141521,42815,11.95,-20.9933,46.14,4,49308.7048471448,646952.0,80.375,14702096201.8483,16.1838692552876,2379368027,0.4603,59325114551,2025,2025,2025,2025,2024,2025,,2024,2024,,,,,,,,,complete,0.6121,77.909,18.6231,1.6863,83.3918,13.8722,2.9795,82.1785,14.2484,3.4561,77.1625,19.0522,4.6223,74.9063,19.6849,2.1561,70.0795,25.0188,5.1968,81.8492,12.8672,6.4592,77.4875,15.2817,5.739,73.7654,19.9915,2021,2024,2024,2024,2024,2023,2024,2024,2024,0.3076,36.9633,62.7291,,0.0763,21.1639,78.76,,0.0993,53.3423,46.5584,,1.2783,64.5517,34.0889,,3.575,83.7999,12.6251,,8.8183,84.3217,6.86,,2.6952,93.7871,3.5177,,4.1661,91.3266,4.5073,,13.4592,85.3716,1.1686,,2023,2023,2023,2023,2024,2023,2024,2024,2024
SVN,Slovenia,Europe & Central Asia,High income,country,Ljubljana,46.0546,14.5044,,2130986.0,14.4822660731425,63.3065856994944,22.2111482273631,57.9614307507335,57.565,36.693,35.386,92.602,59.313,55.737,33.194,3.175,9.536,1049047.0,1015740,SL.TLF.TOTL.IN x (1 - SL.UEM.TOTL.ZS),47.6653,3.65722292857291,31.9684193523133,64.3742586208093,3.6445,23.7383,15.1231,8.1275,13.4149,2.718,13.7083,8.9419,10.5834,-0.0,11.222,9,100.0,ISCO-08,985.381,50.6334,27.3828,49.3665,514304,278138,82554,241119,31.5288,52.3195,48.2208,Y15-24,proxy_youth_15_24_x_isco,65330,20598,9.2357,-19.1046,34.03,4,59244.7106359661,196812.0,79.703,15278840902.4398,9.0619602465748,1384562489,0.4475,26929307016,2025,2025,2025,2025,2024,2025,,2024,2024,,,,,,,,,complete,1.0269,69.8451,25.525,2.6812,81.4569,14.3047,6.2039,74.1691,18.7636,7.454,73.4598,18.4187,14.687,69.4234,14.7308,3.292,50.6518,31.6926,8.433,73.578,17.4488,6.5854,77.4665,15.1806,7.9473,65.6585,23.2238,2024,2024,2024,2024,2024,2024,2024,2024,2024,0.6151,30.0005,69.3844,,0.268,10.7823,88.9497,,1.5206,54.922,43.5567,,4.6343,63.1326,32.2331,,7.9704,74.8609,17.1271,,22.7274,65.6447,11.6279,,11.0339,82.6722,6.2939,,13.6214,80.3447,6.0339,,29.4597,65.319,5.2222,,2024,2024,2024,2024,2024,2024,2024,2024,2024
SWE,Sweden,Europe & Central Asia,High income,country,Stockholm,59.3327,18.0645,,10596620.0,16.7064916282657,62.3807116187636,20.9127967529707,60.3059613354841,64.595,56.886,57.243,92.073,83.739,58.979,43.056,8.694,24.312,5701347.0,5205672,SL.TLF.TOTL.IN x (1 - SL.UEM.TOTL.ZS),49.1258,1.76684695457337,16.8219600412214,81.4112121058729,6.3582,33.5043,18.2775,5.5792,16.3668,1.5228,8.5338,5.5248,4.3327,0.1591,22.71,9,99.84,ISCO-08,5297.757,63.7192,39.8625,36.2809,3317013,2075111,290435,1744124,30.5263,69.5644,64.1743,Y15-24,proxy_youth_15_24_x_isco,488604,149153,10.7092,-33.1929,45.77,4,72528.8892631159,1134811.0,78.205,131877661684.764,20.6583848645869,27243794901,0.5167,195086082868,2025,2025,2025,2025,2024,2025,,2024,2024,,,,,,,,,complete,0.5356,72.3046,24.2134,2.386,75.8393,16.9917,6.9216,67.8858,19.4431,14.7058,60.7783,20.7776,22.1574,55.4232,18.2064,9.8582,42.655,17.7301,12.312,61.0329,21.2004,13.83,58.5027,20.4817,28.6773,52.6269,14.2414,2024,2024,2024,2024,2024,2024,2024,2024,2024,4.3906,33.5073,62.0309,,1.3458,13.3111,85.165,,6.4174,43.4059,49.9309,,11.6139,59.4477,28.6238,,20.7109,61.1404,17.4669,,19.9804,55.7207,24.2989,,17.9269,70.7634,10.1398,,23.2803,65.7715,10.3052,,45.9013,38.9543,12.759,,2024,2024,2024,2024,2024,2024,2024,2024,2024
SWZ,Eswatini,Sub-Saharan Africa,Lower middle income,country,Mbabane,-26.5225,31.4659,,1256174.0,32.9958668146292,62.6582782321557,4.34585495321508,59.5959583126349,51.191,27.568,27.355,69.973,46.035,33.683,12.591,34.202,54.329,430869.0,283503,SL.TLF.TOTL.IN x (1 - SL.UEM.TOTL.ZS),22.5688,14.5468333891818,26.7332145817534,58.7199520290647,3.971,11.3277,5.197,3.3902,25.3976,7.969,10.6952,10.5973,21.455,2.1931,0.91,9,97.81,ISCO-08,218.509,23.8859,15.2987,76.1141,67717,43372,9611,32114,8.4956,26.3597,26.4337,Y15-24,proxy_youth_15_24_x_isco,36375,3090,22.9981,-15.3903,60.81,4,12529.2796629252,288896.0,73.05,233655121.983856,2.56154253680203,5985175,0.3183,1130629729,2025,2025,2025,2023,2023,2023,,2023,2023,,,,,,,,,complete,,,,1.8302,89.1443,8.7266,9.299,76.1624,9.889,6.844,87.149,6.0205,11.7594,74.9153,9.1394,16.0799,68.2593,11.3995,8.9089,76.7608,9.1613,9.1639,80.2341,8.0152,17.457,72.8312,6.6018,,2023,2023,2023,2023,2023,2023,2023,2023,,,,,,,,,,,,,,,,,83.0312,1.9118,12.4009,2.3299,,,,,,,,,,,,,85.1198,0.8767,6.9132,7.0924,,,,,2023,,,,2023
SXM,Sint Maarten (Dutch part),Latin America & Caribbean,High income,country,Philipsburg,18.03,-63.05,,43923.0,14.8054550007968,70.7146597454636,14.4798852537395,41.413393432067,,,,,,,,,,,,,,,,,,,,,,,,,,,,0,,,,,,,,,,,,,,,proxy_unavailable,,,,,,0,56490.5015205836,,,1272912055.45251,0.423608463602809,5392163,,,2025,,,,,,,,,,,,,,,,,partial — no ISCO data; no labor force data; no youth x ISCO cross-tab,,,,,,,,,,,,,,,,,,,,,,,,,,,,,,,,,,,,,,,,,,,,,,,,,,,,,,,,,,,,,,,,,,,,,,,,,,,,,,,,,
SYC,Seychelles,Sub-Saharan Africa,High income,country,Victoria,-4.6309,55.4466,,122730.0,19.7660012727964,71.4886069657362,8.74539176146741,39.8823770772071,,,44.229,87.413,69.795,,,,,,196691,ILOSTAT survey total (ISCO base),160.2632,,,,11.6208,13.3224,13.0662,6.1564,24.7175,4.1024,9.1229,6.2906,11.6009,1.6694,1.511,9,98.33,ISCO-08,196.691,44.1658,24.9432,55.8343,86870,49061,12109,26204,36.7257,46.7629,36.9062,Y15-24,proxy_youth_15_24_x_isco,,,,-7.4401,,2,35854.0281615068,,86.192,1714005325.32535,0.614524305818192,10532979,0.4192,2956267423,2025,,,2025,2025,2025,,2025,2025,,,,,,,,,partial — no labor force data,2.5025,72.1705,19.237,6.3158,76.4158,15.0397,9.6459,76.9728,11.1829,12.9903,72.7723,13.4693,10.3976,67.7849,19.2217,8.2414,65.2249,22.1961,8.9278,68.6246,18.8197,8.6398,71.2762,17.5544,10.6363,64.7647,23.1002,2025,2025,2025,2025,2025,2025,2025,2025,2025,7.2979,65.2258,25.9538,,0.8854,63.4407,34.4833,,5.214,82.786,9.8677,,6.7724,86.3231,4.7902,,18.496,75.7282,2.386,1.2342,16.162,59.2471,22.0131,,17.0976,75.1672,3.6781,2.5858,16.2302,80.0517,0.6466,1.4872,26.0649,69.4479,0.4207,1.823,2025,2025,2025,2025,2025,2020,2025,2025,2025
SYR,Syrian Arab Republic,"Middle East, North Africa, Afghanistan & Pakistan",Low income,country,Damascus,33.5146,36.3119,,25620427.0,28.4407365349675,66.720081728538,4.83918173649451,49.8799108691544,36.898,23.815,,,,31.891,15.932,13.569,33.101,6764801.0,5846885,SL.TLF.TOTL.IN x (1 - SL.UEM.TOTL.ZS),22.8212,16.2968257372617,25.200954772477,58.5022194902612,,,,,,,,,,,,0,,,,,,,,,,,,,,,proxy_unavailable,,,17.1754,,,2,4905.15252202552,4400418.0,,7333041020.10109,1.91813899014712,140657919,,,2025,2025,2025,,,,,,,,,,,,,,,partial — no ISCO data; no youth x ISCO cross-tab,,,,,,,,,,,,,,,,,,,,,,,,,,,,,,,,,,,,,,,,,,,,,,,,,,,,,,,,,,,,,,,,,,,,,,,,,,,,,,,,,
TCA,Turks and Caicos Islands,Latin America & Caribbean,High income,country,Grand Turk,21.4602778,-71.141389,,46855.0,15.9749863940497,72.3463061178755,11.6787074880748,38.2234940114461,,,,,,,,,,,,,,,,,,,,,,,,,,,,0,,,,,,,,,,,,,,,proxy_unavailable,,,,,,0,38009.5079479808,,,821023788.634874,,,,,2025,,,,,,,,,,,,,,,,,partial — no ISCO data; no labor force data; no youth x ISCO cross-tab,,,,,,,,,,,,,,,,,,,,,,,,,,,,,,,,,,,,,,,,,,,,,,,,,,,,,,,,,,,,,,,,,,,,,,,,,,,,,,,,,
TCD,Chad,Sub-Saharan Africa,Low income,country,N'Djamena,12.1048,15.0445,,21003705.0,45.961619628537,51.9194327857871,2.11894758567596,92.6061106803711,59.44,37.537,26.018,66.972,72.474,58.812,36.99,1.057,1.457,6746477.0,6675167,SL.TLF.TOTL.IN x (1 - SL.UEM.TOTL.ZS),31.7809,71.7359655462114,8.50213868045393,19.7618957733346,0.2243,1.7287,1.0073,0.9318,16.8559,68.5682,6.5734,0.6255,3.485,3.3566,40.84,9,96.64,ISCO-08,3984.611,3.8921,1.953,96.108,259804,130366,62199,115394,0.3838,4.6867,4.4737,Y15-24,proxy_youth_15_24_x_isco,993079,3811,12.7821,-3.5083,23.58,4,2902.7406157583,2684724.0,61.102,,,,0.1565,3032387565,2025,2025,2025,2022,2022,2022,,2022,2022,,,,,,,,,complete,,,,2.5919,80.2086,13.5827,3.9988,84.1493,8.7201,2.0901,78.5655,15.0403,14.9642,72.0784,9.3216,16.0303,66.2071,10.2234,17.326,67.8151,9.6142,12.1519,79.7115,6.3942,21.9445,61.9822,9.9853,,2018,2022,2022,2022,2022,2022,2018,2022,,,,,9.1884,9.5049,56.2558,24.1536,14.321,15.0634,52.6547,17.814,24.5078,7.5363,37.5899,28.0658,29.3865,4.0787,2.8774,63.4046,26.8717,2.3342,0.8689,69.8451,37.4215,7.4758,3.3273,51.6864,18.7291,9.1683,4.3388,67.7638,26.3445,3.8995,2.2022,66.8561,,2022,2022,2022,2022,2022,2022,2018,2022
TGO,Togo,Sub-Saharan Africa,Lower middle income,country,Lome,6.1228,1.2255,,8591626.0,40.4253513828465,56.0978678541175,3.4768505984781,78.2600188932176,57.845,24.523,36.848,89.849,84.8,56.692,23.681,1.995,3.436,2960760.0,2901693,SL.TLF.TOTL.IN x (1 - SL.UEM.TOTL.ZS),33.7735,37.5921529780437,18.1606112012815,44.2472358206748,0.8066,4.243,1.7018,1.2778,30.9485,39.9753,13.1927,3.456,4.3983,0.0369,11.412,9,99.96,ISCO-08,3351.547,8.0292,5.0496,91.9708,232983,146524,37078,123119,3.2676,9.4919,7.8804,Y15-24,proxy_youth_15_24_x_isco,390127,12748,19.1748,-4.7616,40.23,4,4079.36376686718,1647427.0,83.905,514115544.601735,6.92168773862945,35585473,0.2271,2688196618,2025,2025,2025,2022,2022,2022,,2022,2022,,,,,,,,,complete,6.8065,64.3806,19.8091,4.4773,83.0372,10.5278,5.7525,80.102,9.6308,12.8403,76.1033,9.3962,13.42,69.8182,11.6255,15.8821,61.5499,13.353,25.0649,67.3989,6.0173,10.7028,80.3564,6.185,18.7698,66.749,10.5826,2022,2022,2022,2022,2022,2022,2022,2022,2022,25.7944,26.8413,36.4776,10.8904,19.3509,31.8146,44.5863,4.0568,28.4434,35.4618,27.4669,8.6261,20.8985,24.4454,53.6403,,58.318,8.6036,3.1339,29.9445,45.5024,3.2633,0.544,50.6904,73.3886,11.5899,2.7047,12.3168,76.3358,10.563,3.5198,9.5814,48.53,18.9564,13.2133,19.301,2022,2022,2022,2022,2022,2022,2022,2022,2022
THA,Thailand,East Asia & Pacific,Upper middle income,country,Bangkok,13.7308,100.521,,71619863.0,14.4141877233136,69.5683912436415,16.017421033045,43.7434423954487,66.678,39.595,38.524,88.146,68.858,66.157,37.8,0.781,4.531,40871242.0,40552038,SL.TLF.TOTL.IN x (1 - SL.UEM.TOTL.ZS),56.6212,28.5567111694664,22.2373264328915,49.2059648636357,3.3124,5.655,4.7023,4.6919,21.8822,25.6707,10.4155,11.0846,12.5853,0.2595,57.993,9,99.74,ISCO-08,39463.731,18.3616,8.9674,81.6383,7446003,3636463,1902661,2293218,12.4889,22.5481,10.5751,Y15-24,proxy_youth_15_24_x_isco,3458593,431940,12.7754,-5.8727,32.93,4,26250.0723587304,9149718.0,81.116,76184550730.9504,0.611120268848779,465579231,0.2746,292310033671,2025,2025,2025,2025,2025,2025,,2025,2025,,,,,,,,,complete,1.3823,72.019,21.976,5.0654,85.2564,8.8241,6.3184,84.4589,8.4844,9.1069,85.5747,5.0633,10.2198,66.227,16.6669,6.4157,51.1391,28.8653,9.3199,70.9645,14.5865,8.8742,79.2661,10.1309,12.4451,66.6762,16.3563,2025,2025,2025,2025,2025,2025,2025,2025,2025,18.0966,26.4204,50.9004,3.3207,1.9066,6.8396,90.3777,0.2492,6.7064,30.4916,60.7797,0.7497,9.2659,38.8072,50.2852,0.2921,38.4391,34.9737,15.3298,9.7501,52.5979,18.3319,3.5372,25.301,45.4749,34.9346,6.446,10.6246,47.5929,36.5946,3.8906,5.4079,59.0962,18.6186,1.9295,17.7722,2025,2025,2025,2025,2025,2025,2025,2025,2025
TJK,Tajikistan,Europe & Central Asia,Lower middle income,country,Dushanbe,38.5878,68.7864,,10786734.0,35.8670954464574,60.0650743804879,4.06783017305471,66.4860952051687,38.276,19.332,21.386,52.475,39.692,35.623,16.511,6.931,14.594,2647875.0,2464351,SL.TLF.TOTL.IN x (1 - SL.UEM.TOTL.ZS),22.8461,43.2727474884624,17.6553679767336,39.071884534804,3.8626,13.7397,5.8111,1.2159,13.0998,2.8269,18.8403,7.8998,32.7039,0.1338,7.345,9,99.87,ISCO-08,2256.366,24.6293,17.6023,75.3707,606952,433782,29964,338594,12.2931,24.9964,37.457,Y15-24,proxy_youth_15_24_x_isco,275170,33827,15.4503,-12.3362,46.19,4,5923.47183321348,1666584.0,64.274,168191810.0,1.77351679609132,2982910,0.2936,4285830033,2025,2025,2025,2016,2016,2016,,2016,2016,,,,,,,,,partial — ISCO data 2016 (>5yr old),2.4038,70.3195,25.3456,8.0311,74.7164,14.3472,9.6706,75.1096,13.7211,9.4948,75.5759,12.8481,16.7837,74.2614,8.5514,9.9224,68.8046,18.8775,17.1344,76.7744,5.7941,10.7524,72.0345,15.01,20.8283,70.2647,7.9107,2016,2016,2016,2016,2016,2016,2016,2016,2016,7.0438,54.8528,37.618,,1.1899,15.9864,82.8233,,8.8546,51.5364,39.2857,,,,,,9.8305,66.747,22.416,,21.1351,62.2153,14.4548,,17.6086,70.8768,10.1133,,10.8961,63.2282,24.756,,14.7505,75.8477,6.8457,,2016,2016,2016,,2016,2016,2016,2016,2016
TKM,Turkmenistan,Europe & Central Asia,Upper middle income,country,Ashgabat,37.9509,58.3794,,7618847.0,31.2185274741357,63.97368499632,4.80778752954433,56.3142778182528,42.031,26.791,,,,40.238,24.106,4.267,10.023,2202574.0,2108590,SL.TLF.TOTL.IN x (1 - SL.UEM.TOTL.ZS),27.676,21.9331854636199,28.5666928924369,49.5001690684825,,,,,,,,,,,,0,,,,,,,,,,,,,,,proxy_unavailable,,,13.5795,,,2,22601.5518373128,1034603.0,,,,,,,2025,2025,2025,,,,,,,,,,,,,,,partial — no ISCO data; no youth x ISCO cross-tab,,,,,,,,,,,,,,,,,,,,,,,,,,,,,,,,,,,,,,,,,,,,,,,,,,,,,,,,,,,,,,,,,,,,,,,,,,,,,,,,,
TLS,Timor-Leste,East Asia & Pacific,Lower middle income,country,Dili,-8.56667,125.567,,1418517.0,33.1150655525928,61.6556369590083,5.22929748839898,62.1911145260212,66.98,37.543,20.896,60.58,64.864,65.913,36.147,1.592,3.717,635489.0,625372,SL.TLF.TOTL.IN x (1 - SL.UEM.TOTL.ZS),44.0863,46.0185778910624,3.80416619361111,50.1772559153265,0.6189,5.6927,2.4627,0.7682,16.9653,56.2422,3.9613,7.9832,5.3055,11.1747,2.824,9,88.83,ISCO-08,354.33,9.5425,6.3116,90.4575,59676,39471,4804,35601,3.6658,12.0359,9.0727,Y15-24,proxy_youth_15_24_x_isco,107175,3929,20.9019,-5.8767,41.23,4,4809.49016945191,296497.0,46.637,146892485.925646,4.4259884152896,6501444,0.1961,589813987,2025,2025,2025,2022,2022,2022,,2022,2022,,,,,,,,,partial — only 89% of employment classified by occupation,3.2832,79.2978,14.2727,4.0206,80.9033,12.2899,8.1481,83.807,6.7156,10.5805,82.5863,5.5107,17.7433,68.0169,8.85,14.1201,58.585,13.0849,17.4836,73.8886,6.2268,16.0568,74.4158,5.8896,19.4532,68.0568,7.5642,2022,2022,2022,2022,2022,2022,2022,2022,2022,51.3908,22.7086,2.9184,22.9822,24.5055,62.9121,6.6878,5.8946,38.8723,46.6651,3.7245,10.738,41.2564,41.3299,2.8288,14.5849,46.8468,10.9494,0.6671,41.5368,29.2198,3.7223,0.2745,66.7834,49.658,6.4905,0.2636,43.5879,47.5978,15.9048,1.1419,35.3555,45.7312,10.5059,0.7607,43.0023,2022,2022,2022,2022,2022,2022,2022,2022,2022
TON,Tonga,East Asia & Pacific,Upper middle income,country,Nuku'alofa,-21.136,-175.216,,103742.0,34.9198010448998,58.2295502303792,6.85064872472094,71.7338763077738,49.808,25.626,25.759,68.471,62.89,48.808,24.081,2.008,6.029,33628.0,32953,SL.TLF.TOTL.IN x (1 - SL.UEM.TOTL.ZS),31.7644,23.6093830607228,23.3393014293084,53.0482808848967,5.7457,15.9065,8.48,5.4138,12.9377,21.4025,19.9135,3.3433,6.8571,0.0332,0.253,9,99.97,ISCO-08,32.842,35.546,21.6522,64.4541,11713,7135,1784,5242,27.2329,39.0736,34.6059,Y15-24,proxy_youth_15_24_x_isco,5528,1505,22.128,-8.3131,55.81,4,8674.68048447494,22956.0,80.398,93601183.0129983,0.121257840648993,113499,0.3481,99506733,2025,2025,2025,2023,2023,2023,,2023,2023,,,,,,,,,complete,3.1925,63.5681,22.4413,12.2129,72.8943,11.562,10.2334,75.2244,12.9264,18.054,73.4533,8.2115,21.5345,65.5919,8.6609,10.0299,54.1187,21.3686,16.4067,65.8869,11.7431,13.1148,71.949,11.7486,21.6252,68.4725,7.1936,2021,2023,2023,2023,2023,2023,2023,2023,2023,17.965,20.7737,61.1553,,9.9732,15.5245,74.5023,,21.5081,28.6176,49.8743,,20.5287,31.2711,48.2565,,52.2005,32.4312,13.8386,1.5298,82.0885,11.0684,5.1074,1.7357,68.8226,21.4832,8.9297,0.7798,57.5592,30.4189,11.7486,,70.8703,19.627,4.7957,2.7087,2023,2023,2023,2023,2023,2023,2023,2023,2023
TTO,Trinidad and Tobago,Latin America & Caribbean,High income,country,Port-of-Spain,10.6596,-61.4789,,1367764.0,17.4922823932687,69.5822400746449,12.9254775320864,43.7148071756324,57.75,36.378,36.622,82.192,47.737,55.828,33.389,3.329,8.216,651715.0,630019,SL.TLF.TOTL.IN x (1 - SL.UEM.TOTL.ZS),46.062,4.49480655681181,24.180757682417,71.3244357607712,11.0937,5.9853,14.3483,10.3136,15.2023,3.1133,13.6849,6.4181,19.8404,0.4678,3.687,9,99.53,ISCO-88,559.118,41.7409,17.079,58.259,262976,107601,64978,37709,34.7048,43.2558,37.158,Y15-24,proxy_youth_15_24_x_isco,64727,22463,14.1733,-7.0361,51.97,4,37121.2050020847,193857.0,69.977,1274155996.3908,3.3036307051614,42093409,0.3911,9146680908,2025,2025,2025,2024,2024,2024,,2024,2024,,,,,,,,,partial — ISCO-88 fallback (no ISCO-08 series published),2.7875,72.5136,18.2275,2.8687,81.3238,11.1519,7.2347,80.6342,10.8421,18.7098,72.5934,8.2025,16.8708,75.4468,7.3519,2.522,65.5541,22.5427,6.8849,71.2043,18.7663,4.0351,77.9267,15.8701,13.3263,68.9555,16.1497,2024,2024,2024,2024,2024,2024,2024,2024,2024,29.8967,39.1555,30.7818,,,,,,9.8213,33.1198,56.8097,,23.8637,48.0465,27.632,,25.0968,61.6337,12.746,,68.0129,28.276,2.6656,,28.2951,66.302,4.4031,,49.4524,45.186,4.7875,,65.3704,31.0995,2.3447,0.6418,2024,,2024,2024,2024,2024,2024,2024,2024
TUN,Tunisia,"Middle East, North Africa, Afghanistan & Pakistan",Lower middle income,country,Tunis,36.7899,10.21,,12348573.0,23.5608681262199,66.5014815881965,9.9376502855836,50.3725896202428,45.219,23.303,23.27,64.062,34.914,38.388,14.43,15.108,38.075,4268286.0,3623433,SL.TLF.TOTL.IN x (1 - SL.UEM.TOTL.ZS),29.3429,12.4585272316917,33.2794438026396,54.2620289656687,4.1031,9.9996,5.4587,4.2819,17.3744,6.8915,15.571,13.769,22.5507,0.0,,9,100.0,ISCO-08,5440.683,23.8433,14.1027,76.1566,863946,511002,155152,362329,9.4835,25.4805,22.6655,Y15-24,proxy_youth_15_24_x_isco,259793,24637,14.5795,-14.3598,49.86,4,15233.4885842318,1800366.0,78.952,11236883747.1209,4.60032264285868,516932907,0.3043,16796606931,2025,2025,2025,2021,2021,2023,,2021,2021,,,,,,,,,complete,1.4912,56.7547,20.6521,1.8085,65.7009,15.2353,4.2183,64.9268,16.4684,3.9689,65.3284,16.212,8.2175,60.8936,16.9712,4.8535,49.5027,20.6576,9.46,57.8293,17.9629,8.5155,63.9451,16.475,7.6367,56.6267,18.1253,2021,2021,2021,2021,2021,2021,2021,2021,2021,46.9091,7.8074,43.7994,1.3569,18.5554,4.0254,75.8762,0.6397,46.8664,11.8427,39.6918,1.0977,50.5127,13.9898,34.1153,0.546,64.0815,17.5888,9.5063,7.8062,59.709,5.3106,2.2371,31.9771,74.0015,10.8158,4.4302,10.4278,75.5604,13.7309,3.6639,6.6971,63.3026,8.1853,2.4241,25.3908,2021,2021,2021,2021,2021,2021,2021,2021,2021
TUR,Turkiye,Europe & Central Asia,Upper middle income,country,Ankara,39.7153,32.3606,,85878556.0,21.0229035096437,68.4061556592084,10.5709408311479,46.1856736686322,54.379,47.321,47.609,68.789,40.389,49.746,39.73,8.52,16.042,36882225.0,33739859,SL.TLF.TOTL.IN x (1 - SL.UEM.TOTL.ZS),39.2879,14.2199829949572,27.290562456696,58.4894545483468,5.6527,13.0888,7.2128,7.1799,19.4119,10.8655,13.0176,9.3765,14.1945,0.0,,9,100.0,ISCO-08,32566.338,33.1342,18.7415,66.866,11179432,6323356,2422488,4416143,20.4537,38.4003,21.0982,Y15-24,proxy_youth_15_24_x_isco,5534477,1132005,16.2208,-12.6805,54.49,4,45288.4750285273,13930222.0,77.519,117189000000.0,4.55332838406335,5336000000,0.3585,547797594101,2025,2025,2025,2025,2025,2025,,2025,2025,,,,,,,,,complete,2.487,81.0949,12.7478,5.549,87.3967,5.8851,13.6213,80.5136,5.0499,14.8129,79.9933,4.689,20.2038,67.9639,8.6923,8.9026,49.8735,25.1574,20.5202,68.4937,9.1647,11.7635,75.5381,11.2591,18.7751,67.7828,10.7588,2025,2025,2025,2025,2025,2025,2025,2025,2025,19.2378,23.3525,56.9594,0.4503,0.6393,5.1418,94.1557,0.0632,11.2405,33.0304,55.4071,0.322,12.4309,35.3338,51.9686,0.2667,36.3206,37.35,21.7602,4.5692,67.6717,13.8012,5.1209,13.4062,57.8142,30.5132,8.0527,3.6199,55.0746,35.1605,8.0045,1.7604,59.7414,25.9243,5.8254,8.5089,2025,2025,2025,2025,2025,2025,2025,2025,2025
TUV,Tuvalu,East Asia & Pacific,Upper middle income,country,Funafuti,-8.6314877,179.089567,,9492.0,33.0225453013064,59.9346818373367,7.04277286135693,66.8483037440675,,,29.695,60.837,27.016,,,,,,2946,ILOSTAT survey total (ISCO base),31.0367,,,,17.8547,17.5492,10.7604,10.1833,12.3557,4.1752,11.0319,3.3265,12.7631,0.1694,,9,99.83,ISCO-08,2.946,56.3476,35.4039,43.6524,1660,1043,300,517,48.4778,58.2238,52.9412,Y15-24,proxy_youth_15_24_x_isco,,,,-7.8698,,2,6759.27941373717,,80.912,10222111.8175722,1.42887779744047,146061,0.4588,9136010,2025,,,2022,2022,2022,,2022,2022,,,,,,,,,partial — no labor force data,8.7452,72.0532,15.2091,11.9923,81.2379,6.1896,10.4101,80.7571,7.2555,,,,14.5604,73.3516,11.2637,15.4472,64.2276,17.0732,13.2308,71.6923,11.6923,6.8627,88.2353,4.902,25.266,68.883,5.3191,2022,2022,2022,,2022,2022,2022,2017,2022,19.0616,36.0704,29.6188,9.3842,6.383,55.1257,31.3346,4.2553,17.7852,51.6779,22.1477,5.3691,7.6923,70.1357,15.3846,3.1674,28.5714,58.0357,3.869,7.7381,64.4269,22.1344,7.9051,1.4822,44.5946,44.9324,1.6892,8.1081,46.0993,38.2979,12.0567,,48.9614,45.6973,2.0772,2.6706,2017,2017,2017,2017,2017,2016,2017,2016,2017
TWN,"Taiwan, China",East Asia & Pacific,Unclassified,country,,25.03,121.57,,,,,,,,,36.536,86.172,48.093,,,,,,11503000,ILOSTAT survey total (ISCO base),,,,,3.2513,12.6489,17.9345,11.3536,19.8818,4.3119,,30.6181,,0.0087,,7,99.99,ISCO-88,11503.0,45.1883,15.9002,54.8118,5198010,1829000,1306005,1455003,,,,,proxy_unavailable,,,,,,0,,,,,,,0.4423,,,,,2020,,2020,,,,,,,,,,,,partial — ISCO-88 fallback (no ISCO-08 series published); no population data; no labor force data; no youth x ISCO cross-tab,,,,,,,,,,,,,,,,,,,,,,,,,,,,,,,,,,,,,,,,,,,,,,,,,,,,,,,,,,,,,,,,,,,,,,,,,,,,,,,,,
TZA,Tanzania,Sub-Saharan Africa,Lower middle income,country,Dodoma,-6.17486,35.7382,,70545865.0,42.3404922457184,54.6177440733061,3.04176368097549,83.0906817860939,83.716,70.743,73.1,93.87,90.36,82.4,69.059,1.572,2.381,34052654.0,33517346,SL.TLF.TOTL.IN x (1 - SL.UEM.TOTL.ZS),47.5114,64.571791454879,8.10354547232463,27.3246630727964,0.4495,1.6219,1.8348,0.4409,5.757,51.5969,7.2877,2.7757,28.2356,-0.0,8.596,9,100.0,ISCO-08,31026.298,4.3471,2.0714,95.6529,1457033,694278,147778,543618,1.2518,6.0603,3.643,Y15-24,proxy_youth_15_24_x_isco,6801981,85147,13.9619,-3.0953,27.36,4,4470.9541015625,9849521.0,93.099,6846773015.80463,1.00350897434552,68707982,0.1402,21009603083,2025,2025,2025,2024,2024,2024,,2024,2024,,,,,,,,,complete,5.0914,74.3135,16.0142,3.2393,89.7984,5.3145,9.8642,80.5138,7.2449,14.4588,75.8214,6.7984,21.3632,70.894,5.6574,26.937,53.5266,10.5804,23.0359,68.3611,5.6416,19.9576,75.2003,3.8126,27.9583,60.4419,7.7586,2024,2024,2024,2024,2024,2024,2024,2024,2024,28.1014,23.5699,44.5852,,4.1757,8.6242,81.7583,,9.3056,30.2973,55.8285,0.9184,13.0317,42.1883,36.4682,,81.8484,5.8356,0.6977,11.6183,60.8428,0.8536,0.0655,38.2381,81.6201,4.3508,0.2726,13.7566,,,,,,,,,2024,2024,2024,2024,2014,2014,2014,,
UGA,Uganda,Sub-Saharan Africa,Low income,country,Kampala,0.314269,32.5729,,51384894.0,43.1111622026505,54.6603355842283,2.22850221312123,82.9480166289537,80.028,69.774,69.881,87.645,85.167,77.831,66.855,2.746,4.183,23393999.0,22751600,SL.TLF.TOTL.IN x (1 - SL.UEM.TOTL.ZS),44.2768,64.8536445563912,7.29617599107653,27.8501794525323,0.5885,2.8354,1.7586,0.3789,15.1915,60.5766,6.9865,3.7824,7.9017,-0.0,48.844,9,100.0,ISCO-08,17920.735,5.5614,3.4239,94.4387,1265307,778992,86206,645099,1.384,8.0094,4.9594,Y15-24,proxy_youth_15_24_x_isco,5511691,76282,16.0441,-4.1774,35.74,4,3487.69797525182,8244246.0,87.245,2562818455.20611,1.89162479943852,48478909,0.1656,13140477452,2025,2025,2025,2021,2021,2021,,2021,2021,,,,,,,,,complete,5.4277,82.5697,11.0781,4.4005,87.4314,6.2642,14.2728,79.1646,4.3525,,,,21.9978,72.1015,4.2327,36.691,50.8171,7.693,22.8472,69.0221,5.4587,16.8308,80.4745,2.0766,41.3908,52.0657,4.5167,2021,2021,2021,,2021,2021,2021,2021,2021,18.1377,27.9395,53.2391,,25.2241,7.7349,64.9616,,9.571,37.2107,52.5012,,,,,,39.1988,45.7839,8.178,5.6137,57.3695,28.1725,2.5365,11.3968,46.259,41.2974,5.9079,5.6338,50.0347,43.8362,3.0598,1.971,56.6344,27.5009,1.1005,13.6451,2021,2019,2021,,2021,2021,2021,2021,2021
UKR,Ukraine,Europe & Central Asia,Upper middle income,country,Kiev,50.4536,30.5038,,38980376.0,13.6943867127605,67.3338750332491,18.9717382539904,48.5136547806343,54.639,30.658,30.639,82.704,75.421,49.266,24.788,9.834,19.145,20538715.0,18518938,SL.TLF.TOTL.IN x (1 - SL.UEM.TOTL.ZS),47.5084,14.116201474496,25.2186445501264,60.6651539753775,8.0673,18.0094,11.8063,3.1371,16.3965,1.4504,12.2069,11.264,17.662,-0.0,,9,100.0,ISCO-88,15693.37,41.0201,26.0767,58.9798,7596487,4829128,580958,3335150,34.0199,43.7072,35.8087,Y15-24,proxy_youth_15_24_x_isco,1200434,408386,12.4237,-7.0002,58.91,4,18904.98046875,4842803.0,66.506,17311000000.0,38.183813760037,6610000000,0.3886,136048922639,2025,2021,2021,2021,2021,2021,,2021,2021,,,,,,,,,partial — ISCO-88 fallback (no ISCO-08 series published),2.4924,72.8327,20.2991,3.7454,74.1831,17.6158,7.0494,67.5314,21.6908,8.6996,69.9567,18.6042,8.103,65.5267,23.2309,4.7347,56.946,23.5767,6.111,69.8479,21.1823,4.6574,66.5297,25.1992,6.6458,58.2017,26.5223,2021,2021,2021,2021,2021,2021,2021,2021,2021,6.5581,6.0956,87.3463,,0.1354,0.2691,99.5955,,2.8475,3.5537,93.5988,,15.3759,20.3567,64.2674,,23.8586,34.899,41.2425,,51.2185,27.7916,20.9899,,16.4274,58.1674,25.4053,,19.8365,52.3784,27.7852,,46.5183,32.5839,20.8977,,2021,2021,2021,2021,2021,2021,2021,2021,2021
URY,Uruguay,Latin America & Caribbean,High income,country,Montevideo,-34.8941,-56.0675,,3384688.0,17.8970557995301,65.8210446575874,16.2818995428825,51.9270485228497,64.99,46.845,47.105,90.244,67.308,60.105,35.064,7.516,25.149,1806025.0,1670284,SL.TLF.TOTL.IN x (1 - SL.UEM.TOTL.ZS),49.3482,8.07077350824949,18.7777422549192,73.1514842368313,2.8476,14.5115,8.6596,10.0566,21.8134,4.4819,12.9924,7.4953,17.1417,0.0005,11.179,9,100.0,ISCO-08,1754.034,36.0753,17.3591,63.9247,602560,289946,167974,242383,25.5898,38.8209,33.5944,Y15-24,proxy_youth_15_24_x_isco,182087,46596,15.3426,-10.4855,60.87,4,38314.8861221656,519298.0,81.471,7386117353.56457,20.3450100114314,1502706315,0.3899,24952329414,2025,2025,2025,2025,2025,2025,,2025,2025,,,,,,,,,complete,1.4715,67.4001,21.9829,4.4025,79.163,12.8276,7.4052,76.2873,13.4983,12.066,74.1026,11.8807,14.1817,67.3462,13.4799,3.7754,55.4341,23.4538,6.3732,70.3819,16.5908,6.7202,73.0182,15.777,16.2074,67.0377,13.1815,2025,2025,2025,2025,2025,2025,2025,2025,2025,16.0827,34.7081,44.5844,4.6048,3.2251,21.8408,74.0859,0.6738,22.9095,54.3192,17.4044,5.0582,21.6757,62.3143,11.0088,4.5778,52.1675,31.5299,3.0226,12.4473,62.1213,13.8092,2.9066,20.8741,61.9559,19.838,1.3098,16.4416,63.4708,20.607,1.0611,14.4908,66.1806,14.2588,0.9289,17.9435,2025,2025,2025,2025,2025,2025,2025,2025,2025
USA,United States,North America,High income,country,Washington D.C.,38.8895,-77.032,,341784857.0,17.0990415161586,64.5137336553454,18.387224828496,55.0057553311598,61.704,50.83,55.587,83.559,66.625,59.114,46.082,4.198,9.34,174833917.0,167494389,SL.TLF.TOTL.IN x (1 - SL.UEM.TOTL.ZS),49.0058,1.52494439217106,18.9122762686396,79.5627787515985,11.6979,23.001,17.7732,8.2726,14.7149,0.3987,8.1486,5.6138,10.3794,-0.0,,9,100.0,ISCO-08,163492.862,60.7447,34.6989,39.2554,101743964,58118711,13856141,38525384,37.1995,64.1707,63.4621,Y15-24,proxy_youth_15_24_x_isco,20804879,7739311,13.2093,-23.5452,43.08,4,90026.5163005744,45147517.0,70.984,1232402000000.0,8.29810402774419,102266000000,0.4925,7426376148220,2025,2025,2025,2025,2025,2025,,2025,2025,,,,,,,,,complete,3.4059,69.0074,19.3806,5.796,72.3152,15.2876,9.4514,65.4504,17.5498,13.4914,61.7857,17.237,26.9881,54.1687,12.4622,13.7085,62.6836,16.3563,11.9277,65.7645,17.0238,8.7254,62.9771,19.8614,20.7682,58.0769,14.8893,2025,2025,2025,2025,2025,2025,2025,2025,2025,0.8742,29.6129,69.452,0.0608,0.0985,11.1269,88.7664,0.0081,1.2112,42.608,56.1186,0.0622,0.742,54.0527,45.176,0.0292,2.7461,63.697,33.4412,0.1158,18.7583,58.3378,20.8092,2.0945,7.4084,65.6178,26.6554,0.3184,5.7184,71.7965,22.1137,0.3714,9.3788,72.3938,17.6608,0.5666,2025,2025,2025,2025,2025,2025,2025,2025,2025
UZB,Uzbekistan,Europe & Central Asia,Lower middle income,country,Tashkent,41.3052,69.269,,37053428.0,31.2904692650839,62.6402164463704,6.06931428854572,59.6418459559503,57.499,37.453,34.991,73.989,30.038,54.841,33.19,4.622,11.381,14638807.0,13962201,SL.TLF.TOTL.IN x (1 - SL.UEM.TOTL.ZS),37.6813,25.1978529929594,24.6114383374347,50.1906943451481,,,,,,,,,,,,0,,,,,,,,,,,,,,,proxy_unavailable,,,15.9168,,,2,13601.2917473678,5897703.0,72.687,9274060899.25362,9.93631868028465,921500246,,,2025,2025,2025,,,2020,,,,,,,,,,,,partial — no ISCO data; no youth x ISCO cross-tab,,,,,,,,,,,,,,,,,,,,,,,,,,,,,,,,,,,,,,,,,,,,,,,,,,,,,,,,,,,,,,,,,,,,,,,,,,,,,,,,,
VCT,St. Vincent and the Grenadines,Latin America & Caribbean,Upper middle income,country,Kingstown,13.2035,-61.2653,,99924.0,20.8712577996387,66.8784932624131,12.2502489379482,49.5241515532412,67.9,51.608,,,,55.676,29.96,18.003,41.947,53688.0,44023,SL.TLF.TOTL.IN x (1 - SL.UEM.TOTL.ZS),44.0565,9.07480180814574,21.1321354746383,69.7907911773391,,,,,,,,,,,,0,,,,,,,,,,,,,,,proxy_unavailable,,,20.1573,,,2,22799.4005332261,20142.0,,381784119.62963,0.789634050345514,3014697,,,2025,2025,2025,,,,,,,,,,,,,,,partial — no ISCO data; no youth x ISCO cross-tab,,,,,,,,,,,,,,,,,,,,,,,,,,,,,,,,,,,,,,,,,,,,,,,,,,,,,,,,,,,,,,,,,,,,,,,,,,,,,,,,,
VEN,"Venezuela, RB",Latin America & Caribbean,Lower middle income,country,Caracas,9.08165,-69.8371,,28516896.0,24.9159954154898,65.0657490913457,10.0182554931645,53.6906919485552,51.927,30.611,37.188,76.766,55.279,49.171,27.414,5.307,10.444,11118416.0,10528362,SL.TLF.TOTL.IN x (1 - SL.UEM.TOTL.ZS),36.9197,8.87472626253569,16.7519824595264,74.3732817797608,4.1955,15.1462,,6.9847,37.2184,7.3063,20.2204,8.9286,,-0.0,112.908,7,100.0,ISCO-08,12835.16,26.3264,19.3417,73.6737,2771739,2036364,735375,1594647,17.0439,30.1064,22.1575,Y15-24,proxy_youth_15_24_x_isco,1502263,256044,19.2164,-9.2825,53.83,4,21282.6399697602,5479911.0,74.138,1285000000.0,4.98054474708171,64000000,0.371,83130466367,2025,2025,2025,2013,2017,2020,,2017,2017,,,,,,,,,partial — ISCO data 2013 (>5yr old); only 7/9 ISCO groups reported by source,6.7377,76.5957,12.0702,6.133,81.1033,9.3701,,,,15.0134,75.8364,6.9893,15.4733,68.293,11.3697,20.859,59.3947,11.6925,,,,13.1234,69.1159,12.686,20.1995,68.4082,10.4018,2017,2017,,2017,2017,2017,,2017,2017,15.3011,29.3968,55.0712,0.181,3.2833,9.4124,87.0888,0.1882,,,,,9.9158,35.0597,54.4659,0.3555,39.3872,37.0114,21.5128,1.948,66.9767,16.8986,5.8468,10.12,,,,,47.0503,36.2089,14.9531,1.6938,41.5106,32.4683,23.6192,2.4019,2017,2017,,2017,2017,2017,,2017,2017
VGB,British Virgin Islands,Latin America & Caribbean,High income,country,Road Town,18.431389,-64.623056,,39732.0,14.083106815665,75.8091714487063,10.1077217356287,31.9123505976096,,,,,,,,,,,,,,,,,,,,,,,,,,,,0,,,,,,,,,,,,,,,proxy_unavailable,,,,,,0,,,,,,,,,2025,,,,,,,,,,,,,,,,,partial — no ISCO data; no labor force data; no youth x ISCO cross-tab,,,,,,,,,,,,,,,,,,,,,,,,,,,,,,,,,,,,,,,,,,,,,,,,,,,,,,,,,,,,,,,,,,,,,,,,,,,,,,,,,
VIR,Virgin Islands (U.S.),Latin America & Caribbean,High income,country,Charlotte Amalie,18.3358,-64.8963,,103792.0,16.4579829685578,60.4182389750233,23.1237780564189,65.5137221132533,54.356,32.494,,,,48.136,24.632,11.443,24.196,47132.0,41739,SL.TLF.TOTL.IN x (1 - SL.UEM.TOTL.ZS),40.2141,1.58711393527412,16.553864341658,81.8619772425004,,,,,,,,,,,,0,,,,,,,,,,,,,,,proxy_unavailable,,,,,,1,49785.1412220186,,,,,,,,2025,2025,2025,,,,,,,,,,,,,,,partial — no ISCO data; no youth x ISCO cross-tab,,,,,,,,,,,,,,,,,,,,,,,,,,,,,,,,,,,,,,,,,,,,,,,,,,,,,,,,,,,,,,,,,,,,,,,,,,,,,,,,,
VNM,Viet Nam,East Asia & Pacific,Upper middle income,country,Hanoi,21.0069,105.825,,101598527.0,22.8560173908821,67.6494468271179,9.49453578200007,47.8208691230641,72.778,41.048,41.067,92.169,71.878,71.67,38.518,1.523,6.165,57041323.0,56172584,SL.TLF.TOTL.IN x (1 - SL.UEM.TOTL.ZS),55.2888,25.0433926775449,34.8260889132074,40.1305077279733,0.8799,7.2233,2.9582,2.4197,19.3369,15.2812,13.4527,14.2897,24.1583,2.7776,308.609,9,97.22,ISCO-08,53436.105,13.4811,8.1032,86.5188,7572682,4551777,1359208,4057514,8.9383,16.6136,5.2316,Y15-24,proxy_youth_15_24_x_isco,6524877,583213,16.6733,-4.5428,45.57,4,18088.491587163,16939813.0,87.764,25020000000.0,,,0.2491,253104858696,2025,2025,2025,2024,2024,2024,,2024,2024,,,,,,,,,complete,0.3121,83.9542,13.5711,5.3218,90.6168,3.762,6.848,87.9873,4.7672,9.2392,78.665,8.395,9.482,69.5652,15.7599,6.1429,53.7473,24.9119,7.7389,78.4678,11.3844,12.0317,82.8466,4.5465,11.2804,62.6121,18.0326,2023,2024,2024,2024,2024,2024,2024,2024,2024,0.6793,12.4623,86.8585,,0.0101,0.0587,99.9281,,0.1248,25.0233,74.8445,,11.2279,33.1069,55.4054,0.2598,47.1713,36.1029,11.7966,4.9292,68.0237,13.4458,1.5639,16.9667,52.1215,35.2163,8.4273,4.2349,39.8175,52.0085,5.9568,2.2172,66.5363,16.8142,1.5842,15.0654,2024,2023,2024,2024,2024,2024,2024,2024,2024
VUT,Vanuatu,East Asia & Pacific,Lower middle income,country,Port-Vila,-17.7404,168.321,,335169.0,37.9617446720908,57.6594195763928,4.3788357515164,73.4322689475672,58.111,37.023,46.553,80.134,79.345,55.163,32.823,5.073,11.343,120833.0,114703,SL.TLF.TOTL.IN x (1 - SL.UEM.TOTL.ZS),34.2224,44.5275583686422,10.0451605028683,45.4272811284895,2.2522,6.9595,2.8363,1.1199,14.9078,47.6116,8.7152,3.0936,12.5039,0.0516,0.386,9,99.95,ISCO-08,145.011,13.1679,9.2117,86.8321,15104,10566,1285,7983,6.1887,15.6492,14.1609,Y15-24,proxy_youth_15_24_x_isco,18079,1119,16.4338,-6.9792,46.23,4,4525.23645747645,55081.0,79.062,78474764.6222309,8.2179112571746,6448987,0.2121,110092244,2025,2025,2025,2025,2025,2025,,2025,2025,,,,,,,,,complete,5.1745,73.8824,16.7177,8.1352,78.7455,11.5636,7.8045,78.8962,10.2845,14.0394,78.8793,6.2192,13.6553,67.0136,11.7541,21.1741,60.1127,10.8528,18.0883,64.1795,10.1044,5.4614,82.0999,10.4102,17.7973,68.6797,9.8279,2025,2025,2025,2025,2025,2025,2025,2025,2025,28.3527,33.8641,31.7208,5.6032,20.3924,40.5668,37.8319,1.2188,35.8133,44.6389,15.7792,3.2336,29.064,62.7463,6.3424,,63.1141,20.9409,3.238,12.1889,68.5032,6.5004,0.5446,22.4733,66.8777,19.204,2.3184,11.2439,68.5347,21.4056,3.491,2.0671,66.8873,16.1041,1.1141,15.0066,2025,2025,2025,2025,2025,2025,2025,2020,2025
WSM,Samoa,East Asia & Pacific,Upper middle income,country,Apia,-13.8314,-171.752,,219306.0,38.0611153796171,55.8699810539131,6.06890356646976,78.9865008243148,42.534,28.195,29.197,57.407,39.577,40.409,24.536,4.996,12.977,57776.0,54890,SL.TLF.TOTL.IN x (1 - SL.UEM.TOTL.ZS),25.029,26.8773911459282,15.9409728548005,57.1816359992713,4.5204,12.0264,6.1579,3.911,17.1484,28.1884,12.6718,5.7599,9.6158,1.1612,,9,98.84,ISCO-08,52.518,26.6157,16.5468,73.3843,14609,9083,2147,6601,17.876,29.1313,22.4189,Y15-24,proxy_youth_15_24_x_isco,10760,1923,19.9972,-8.7397,58.55,4,9318.95775945515,43855.0,69.242,328000429.228831,8.19030529102595,26864237,0.304,155501348,2025,2025,2025,2022,2022,2022,,2022,2022,,,,,,,,,complete,3.0592,65.5988,23.1457,8.6289,77.4224,11.2413,14.966,78.6024,5.1948,24.148,70.9834,3.9922,17.6993,69.7535,10.5818,17.4075,62.4156,14.3677,19.7446,70.0075,9.4365,9.7851,79.2397,10.4132,24.2574,66.7723,7.9802,2018,2022,2022,2022,2022,2022,2022,2022,2022,21.1036,10.9099,60.615,,8.0272,10.2122,71.9126,,22.7582,17.4706,52.4119,,12.4635,20.6913,60.7108,,44.437,27.4484,18.5987,1.7433,57.4845,18.9003,7.3561,6.5996,55.3268,20.7964,14.9211,1.4125,28.1841,57.1879,7.1248,,31.7977,52.5528,5.8418,5.0582,2022,2022,2022,2022,2022,2022,2022,2017,2017
XKX,Kosovo,Europe & Central Asia,Upper middle income,country,Pristina,42.565,20.926,,1576876.0,19.9864406779661,69.5035914283581,10.5099678936758,43.8774253297262,,,,,,,,,,,,,,,,,,,,,,,,,,,,0,,,,,,,,,,,,,,,proxy_unavailable,,,,,,0,19263.3268800963,,72.782,4907533087.24038,9.1869479307263,450852509,,,2025,,,,,,,,,,,,,,,,,partial — no ISCO data; no labor force data; no youth x ISCO cross-tab,,,,,,,,,,,,,,,,,,,,,,,,,,,,,,,,,,,,,,,,,,,,,,,,,,,,,,,,,,,,,,,,,,,,,,,,,,,,,,,,,
YEM,"Yemen, Rep.","Middle East, North Africa, Afghanistan & Pakistan",Low income,country,Sana'a,15.352,44.2075,,41773878.0,41.0204008473956,56.4342536792281,2.54534547337627,77.1973485559311,33.103,23.201,,,,27.369,15.638,17.322,32.598,8155939.0,6743167,SL.TLF.TOTL.IN x (1 - SL.UEM.TOTL.ZS),16.1421,31.6169333772096,11.1283465735793,57.254720049211,1.6426,7.2967,3.4927,6.6936,22.9548,28.2583,11.9177,9.6156,8.128,0.6342,,9,99.37,ISCO-88,4170.125,19.1256,8.9393,80.8744,1289671,602792,451361,492029,8.6811,24.1522,11.0496,Y15-24,proxy_youth_15_24_x_isco,937606,81395,14.3527,-10.4445,49.07,4,3164.32154223615,5995687.0,85.358,465632580.24,25.363345481351,118100000,0.2865,6113207674,2025,2025,2025,2014,2014,,,2014,2014,,,,,,,,,partial — ISCO-88 fallback (no ISCO-08 series published),2.8964,86.8843,9.2703,3.3167,92.9851,2.6955,9.0856,82.5387,6.0385,20.7393,75.2708,3.2881,26.7519,63.8487,6.2323,26.9834,56.5565,10.3902,22.6655,68.7542,6.2356,21.3654,71.5712,5.6755,30.3345,60.9045,7.6661,2014,2014,2014,2014,2014,2014,2014,2014,2014,10.9843,35.9938,43.0684,9.9521,5.3135,30.5091,61.7793,2.3242,21.3968,53.7295,9.7653,15.0253,31.6159,50.4457,6.2766,11.6619,27.6675,23.0211,3.5814,44.949,18.7339,11.7268,1.4663,67.0729,25.6137,16.9844,1.6858,55.5653,30.6808,22.473,2.4662,44.1354,22.6413,13.6632,1.651,61.7613,2014,2014,2014,2014,2014,2014,2014,2014,2014
ZAF,South Africa,Sub-Saharan Africa,Upper middle income,country,Pretoria,-25.746,28.1871,,64747319.0,25.7233845796504,67.3915844500713,6.88503097027824,48.3864805816276,55.584,26.828,26.758,76.137,44.276,37.58,10.75,32.391,59.93,26731522.0,18072915,SL.TLF.TOTL.IN x (1 - SL.UEM.TOTL.ZS),27.913,5.40709733328508,20.7596838129246,73.833224386876,8.7903,6.0482,9.4065,10.7991,16.0058,0.5189,10.6614,8.4578,29.312,0.9079,23.613,9,99.09,ISCO-88,16948.524,35.0441,14.8385,64.9559,6333490,2681749,1951712,1093086,29.0428,34.4923,41.0478,Y15-24,proxy_youth_15_24_x_isco,1074831,312161,15.4422,-6.0013,71.83,4,15905.6794419658,9998431.0,80.841,18050849008.9515,9.4529615670013,1706339819,0.3636,104521180499,2025,2025,2025,2024,2024,2024,,2024,2024,,,,,,,,,partial — ISCO-88 fallback (no ISCO-08 series published),1.8598,77.7544,16.1536,3.2709,82.3972,12.2654,5.9957,79.2759,13.0835,8.6449,83.2406,7.0017,8.2174,84.493,6.4715,11.4784,72.0551,12.6905,6.7005,84.3386,7.8914,3.8965,85.9644,8.9623,7.2422,80.2408,11.112,2024,2024,2024,2024,2024,2024,2024,2024,2024,11.4283,42.0923,44.2994,0.7616,1.7667,14.2409,83.2142,0.1296,7.3082,36.1447,54.3703,1.1218,11.2699,61.8957,25.5577,0.3998,34.8516,52.7156,8.595,2.2389,49.2564,20.3336,5.2372,23.6503,43.2694,40.9621,5.7578,7.3186,43.5201,46.5576,4.0782,3.6528,52.892,30.9102,2.3281,11.698,2024,2024,2024,2024,2024,2024,2024,2024,2024
ZMB,Zambia,Sub-Saharan Africa,Lower middle income,country,Lusaka,-15.3982,28.2937,,21913874.0,40.9710213721225,57.0289283401009,2.00005028777659,75.3495969672683,61.933,36.893,38.85,79.836,76.147,58.268,33.03,5.918,10.47,8011366.0,7537253,SL.TLF.TOTL.IN x (1 - SL.UEM.TOTL.ZS),34.3949,54.5286060377699,10.2798379243275,35.1915560379026,0.5504,4.3528,2.2005,1.1368,17.0674,56.2658,5.3001,3.4946,9.6315,-0.0,25.853,9,100.0,ISCO-08,7130.395,8.2405,4.9032,91.7594,621107,369567,85683,328082,1.5257,10.7423,7.1787,Y15-24,proxy_youth_15_24_x_isco,1013375,15461,14.0005,-6.7148,32.99,4,4379.26131013191,3068044.0,85.019,1379861354.00094,1.81427980260639,25034546,0.1873,6182323564,2025,2025,2025,2024,2024,2024,,2024,2024,,,,,,,,,complete,9.733,80.0018,6.886,2.421,92.5292,4.649,4.6188,83.0978,7.8622,10.7154,79.7412,6.7344,13.1465,78.0719,6.4404,27.9466,58.2901,7.9915,8.9877,80.5537,8.7268,10.2239,83.8969,4.951,25.1482,70.1388,3.2542,2023,2024,2024,2024,2024,2024,2024,2024,2024,9.5579,25.5803,64.8618,,2.536,9.8869,87.5052,,12.1521,33.348,54.136,,10.2454,40.6163,49.1383,,53.3288,33.534,9.5437,3.5935,77.7983,12.0753,1.1117,9.0056,51.6226,36.871,9.7984,1.708,40.3689,51.3845,6.7974,1.4495,69.5636,21.6619,2.5901,6.1844,2024,2024,2024,2024,2024,2024,2024,2024,2024
ZWE,Zimbabwe,Sub-Saharan Africa,Lower middle income,country,Harare,-17.8312,31.0672,,16950795.0,40.2835855191453,56.154938455689,3.56147602516578,78.0787184480585,67.718,48.165,43.499,77.232,70.351,61.424,40.676,9.293,15.548,6854692.0,6217685,SL.TLF.TOTL.IN x (1 - SL.UEM.TOTL.ZS),36.6808,54.3115427595032,11.5275768253149,34.1608804151819,2.1885,6.3484,1.9726,0.9948,16.3884,42.5788,7.3756,4.2166,17.9363,1.0572,6.667,9,98.94,ISCO-08,4923.659,11.5043,8.5369,88.4957,715301,530798,61854,394724,2.3654,14.4319,14.7285,Y15-24,proxy_youth_15_24_x_isco,1356022,32075,19.667,-9.1389,49.1,4,6470.41613223905,3333716.0,67.251,457117671.065155,3.26611744525448,14930000,0.2088,8400234748,2025,2025,2025,2024,2024,2024,,2024,2024,,,,,,,,,complete,3.3419,82.6178,8.3644,2.275,84.101,12.4595,7.9237,78.6082,12.4786,7.1886,85.5839,6.4047,17.8488,74.9608,5.4041,22.664,53.8173,11.4935,13.7552,76.3043,6.7699,15.1207,75.806,6.675,23.1707,70.216,4.8674,2024,2024,2024,2024,2024,2024,2024,2024,2024,32.7524,59.1959,7.3297,,57.1543,37.0227,5.6947,,37.6593,57.6818,3.9608,,35.9045,57.0825,6.4312,,26.6557,64.9162,7.5922,0.7787,30.9203,41.995,23.255,3.7984,27.8105,60.4454,10.6226,1.1216,26.2633,62.6288,9.987,1.0081,29.836,49.3651,19.0275,1.7172,2024,2024,2024,2024,2024,2024,2024,2024,2024
